<?xml version="1.0" encoding="UTF-8"?>
<orthomosaic version="1.2.0">
  <images level_count="10">
    <image id="52">
      <extent>
        <left>2507718.0989939892</left>
        <top>1139157.7297144469</top>
        <right>2507759.1483159894</right>
        <bottom>1139115.442724447</bottom>
      </extent>
      <center>
        <x>2507739.4830796197</x>
        <y>1139137.4049467319</y>
      </center>
      <pyramid>
        <level index="0" path="0/c52.tif" mask="0/m52.tif"/>
        <level index="1" path="1/c52.tif" mask="1/m52.tif"/>
        <level index="2" path="2/c52.tif" mask="2/m52.tif"/>
        <level index="3" path="3/c52.tif" mask="3/m52.tif"/>
        <level index="4" path="4/c52.tif" mask="4/m52.tif"/>
        <level index="5" path="5/c52.tif" mask="5/m52.tif"/>
        <level index="6" path="6/c52.tif" mask="6/m52.tif"/>
        <level index="7" path="7/c52.tif" mask="7/m52.tif"/>
        <level index="8" path="8/c52.tif" mask="8/m52.tif"/>
        <level index="9" path="9/c52.tif" mask="9/m52.tif"/>
      </pyramid>
    </image>
    <image id="51">
      <extent>
        <left>2507722.1729844892</left>
        <top>1139163.0413729469</top>
        <right>2507762.4487639894</right>
        <bottom>1139121.4247864468</bottom>
      </extent>
      <center>
        <x>2507743.1803669427</x>
        <y>1139143.0975745644</y>
      </center>
      <pyramid>
        <level index="0" path="0/c51.tif" mask="0/m51.tif"/>
        <level index="1" path="1/c51.tif" mask="1/m51.tif"/>
        <level index="2" path="2/c51.tif" mask="2/m51.tif"/>
        <level index="3" path="3/c51.tif" mask="3/m51.tif"/>
        <level index="4" path="4/c51.tif" mask="4/m51.tif"/>
        <level index="5" path="5/c51.tif" mask="5/m51.tif"/>
        <level index="6" path="6/c51.tif" mask="6/m51.tif"/>
        <level index="7" path="7/c51.tif" mask="7/m51.tif"/>
        <level index="8" path="8/c51.tif" mask="8/m51.tif"/>
        <level index="9" path="9/c51.tif" mask="9/m51.tif"/>
      </pyramid>
    </image>
    <image id="60">
      <extent>
        <left>2507683.7537069893</left>
        <top>1139181.451684447</top>
        <right>2507724.2357644895</right>
        <bottom>1139139.3194029471</bottom>
      </extent>
      <center>
        <x>2507704.7645201236</x>
        <y>1139160.8375616362</y>
      </center>
      <pyramid>
        <level index="0" path="0/c60.tif" mask="0/m60.tif"/>
        <level index="1" path="1/c60.tif" mask="1/m60.tif"/>
        <level index="2" path="2/c60.tif" mask="2/m60.tif"/>
        <level index="3" path="3/c60.tif" mask="3/m60.tif"/>
        <level index="4" path="4/c60.tif" mask="4/m60.tif"/>
        <level index="5" path="5/c60.tif" mask="5/m60.tif"/>
        <level index="6" path="6/c60.tif" mask="6/m60.tif"/>
        <level index="7" path="7/c60.tif" mask="7/m60.tif"/>
        <level index="8" path="8/c60.tif" mask="8/m60.tif"/>
        <level index="9" path="9/c60.tif" mask="9/m60.tif"/>
      </pyramid>
    </image>
    <image id="48">
      <extent>
        <left>2507716.0362139894</left>
        <top>1139169.7454079469</top>
        <right>2507756.1572849895</right>
        <bottom>1139128.025682447</bottom>
      </extent>
      <center>
        <x>2507737.3102823775</x>
        <y>1139149.969014897</y>
      </center>
      <pyramid>
        <level index="0" path="0/c48.tif" mask="0/m48.tif"/>
        <level index="1" path="1/c48.tif" mask="1/m48.tif"/>
        <level index="2" path="2/c48.tif" mask="2/m48.tif"/>
        <level index="3" path="3/c48.tif" mask="3/m48.tif"/>
        <level index="4" path="4/c48.tif" mask="4/m48.tif"/>
        <level index="5" path="5/c48.tif" mask="5/m48.tif"/>
        <level index="6" path="6/c48.tif" mask="6/m48.tif"/>
        <level index="7" path="7/c48.tif" mask="7/m48.tif"/>
        <level index="8" path="8/c48.tif" mask="8/m48.tif"/>
        <level index="9" path="9/c48.tif" mask="9/m48.tif"/>
      </pyramid>
    </image>
    <image id="50">
      <extent>
        <left>2507724.0810559895</left>
        <top>1139164.7947359469</top>
        <right>2507762.4487639894</right>
        <bottom>1139122.9718714471</bottom>
      </extent>
      <center>
        <x>2507744.9610427022</x>
        <y>1139145.0100608985</y>
      </center>
      <pyramid>
        <level index="0" path="0/c50.tif" mask="0/m50.tif"/>
        <level index="1" path="1/c50.tif" mask="1/m50.tif"/>
        <level index="2" path="2/c50.tif" mask="2/m50.tif"/>
        <level index="3" path="3/c50.tif" mask="3/m50.tif"/>
        <level index="4" path="4/c50.tif" mask="4/m50.tif"/>
        <level index="5" path="5/c50.tif" mask="5/m50.tif"/>
        <level index="6" path="6/c50.tif" mask="6/m50.tif"/>
        <level index="7" path="7/c50.tif" mask="7/m50.tif"/>
        <level index="8" path="8/c50.tif" mask="8/m50.tif"/>
        <level index="9" path="9/c50.tif" mask="9/m50.tif"/>
      </pyramid>
    </image>
    <image id="47">
      <extent>
        <left>2507711.3433894892</left>
        <top>1139173.0458559468</top>
        <right>2507751.3613214893</right>
        <bottom>1139131.4808389468</bottom>
      </extent>
      <center>
        <x>2507732.342995951</x>
        <y>1139153.2751079474</y>
      </center>
      <pyramid>
        <level index="0" path="0/c47.tif" mask="0/m47.tif"/>
        <level index="1" path="1/c47.tif" mask="1/m47.tif"/>
        <level index="2" path="2/c47.tif" mask="2/m47.tif"/>
        <level index="3" path="3/c47.tif" mask="3/m47.tif"/>
        <level index="4" path="4/c47.tif" mask="4/m47.tif"/>
        <level index="5" path="5/c47.tif" mask="5/m47.tif"/>
        <level index="6" path="6/c47.tif" mask="6/m47.tif"/>
        <level index="7" path="7/c47.tif" mask="7/m47.tif"/>
        <level index="8" path="8/c47.tif" mask="8/m47.tif"/>
        <level index="9" path="9/c47.tif" mask="9/m47.tif"/>
      </pyramid>
    </image>
    <image id="63">
      <extent>
        <left>2507668.9016909893</left>
        <top>1139191.920292947</top>
        <right>2507709.3321789894</right>
        <bottom>1139150.0458589471</bottom>
      </extent>
      <center>
        <x>2507689.5733653866</x>
        <y>1139170.8337070125</y>
      </center>
      <pyramid>
        <level index="0" path="0/c63.tif" mask="0/m63.tif"/>
        <level index="1" path="1/c63.tif" mask="1/m63.tif"/>
        <level index="2" path="2/c63.tif" mask="2/m63.tif"/>
        <level index="3" path="3/c63.tif" mask="3/m63.tif"/>
        <level index="4" path="4/c63.tif" mask="4/m63.tif"/>
        <level index="5" path="5/c63.tif" mask="5/m63.tif"/>
        <level index="6" path="6/c63.tif" mask="6/m63.tif"/>
        <level index="7" path="7/c63.tif" mask="7/m63.tif"/>
        <level index="8" path="8/c63.tif" mask="8/m63.tif"/>
        <level index="9" path="9/c63.tif" mask="9/m63.tif"/>
      </pyramid>
    </image>
    <image id="56">
      <extent>
        <left>2507703.7111034892</left>
        <top>1139167.7341974468</top>
        <right>2507743.8837439893</right>
        <bottom>1139125.911332947</bottom>
      </extent>
      <center>
        <x>2507724.5650064405</x>
        <y>1139147.2506511346</y>
      </center>
      <pyramid>
        <level index="0" path="0/c56.tif" mask="0/m56.tif"/>
        <level index="1" path="1/c56.tif" mask="1/m56.tif"/>
        <level index="2" path="2/c56.tif" mask="2/m56.tif"/>
        <level index="3" path="3/c56.tif" mask="3/m56.tif"/>
        <level index="4" path="4/c56.tif" mask="4/m56.tif"/>
        <level index="5" path="5/c56.tif" mask="5/m56.tif"/>
        <level index="6" path="6/c56.tif" mask="6/m56.tif"/>
        <level index="7" path="7/c56.tif" mask="7/m56.tif"/>
        <level index="8" path="8/c56.tif" mask="8/m56.tif"/>
        <level index="9" path="9/c56.tif" mask="9/m56.tif"/>
      </pyramid>
    </image>
    <image id="46">
      <extent>
        <left>2507706.2895784895</left>
        <top>1139176.3978734468</top>
        <right>2507746.2559409896</right>
        <bottom>1139134.8328564467</bottom>
      </extent>
      <center>
        <x>2507727.580790082</x>
        <y>1139156.5994744441</y>
      </center>
      <pyramid>
        <level index="0" path="0/c46.tif" mask="0/m46.tif"/>
        <level index="1" path="1/c46.tif" mask="1/m46.tif"/>
        <level index="2" path="2/c46.tif" mask="2/m46.tif"/>
        <level index="3" path="3/c46.tif" mask="3/m46.tif"/>
        <level index="4" path="4/c46.tif" mask="4/m46.tif"/>
        <level index="5" path="5/c46.tif" mask="5/m46.tif"/>
        <level index="6" path="6/c46.tif" mask="6/m46.tif"/>
        <level index="7" path="7/c46.tif" mask="7/m46.tif"/>
        <level index="8" path="8/c46.tif" mask="8/m46.tif"/>
        <level index="9" path="9/c46.tif" mask="9/m46.tif"/>
      </pyramid>
    </image>
    <image id="61">
      <extent>
        <left>2507679.0093129892</left>
        <top>1139184.803701947</top>
        <right>2507719.4398009893</right>
        <bottom>1139142.7745594471</bottom>
      </extent>
      <center>
        <x>2507699.5612652693</x>
        <y>1139164.4429109991</y>
      </center>
      <pyramid>
        <level index="0" path="0/c61.tif" mask="0/m61.tif"/>
        <level index="1" path="1/c61.tif" mask="1/m61.tif"/>
        <level index="2" path="2/c61.tif" mask="2/m61.tif"/>
        <level index="3" path="3/c61.tif" mask="3/m61.tif"/>
        <level index="4" path="4/c61.tif" mask="4/m61.tif"/>
        <level index="5" path="5/c61.tif" mask="5/m61.tif"/>
        <level index="6" path="6/c61.tif" mask="6/m61.tif"/>
        <level index="7" path="7/c61.tif" mask="7/m61.tif"/>
        <level index="8" path="8/c61.tif" mask="8/m61.tif"/>
        <level index="9" path="9/c61.tif" mask="9/m61.tif"/>
      </pyramid>
    </image>
    <image id="49">
      <extent>
        <left>2507721.2447334896</left>
        <top>1139166.3933904469</top>
        <right>2507761.5205129897</right>
        <bottom>1139124.673664947</bottom>
      </extent>
      <center>
        <x>2507742.3295574784</x>
        <y>1139146.7025571943</y>
      </center>
      <pyramid>
        <level index="0" path="0/c49.tif" mask="0/m49.tif"/>
        <level index="1" path="1/c49.tif" mask="1/m49.tif"/>
        <level index="2" path="2/c49.tif" mask="2/m49.tif"/>
        <level index="3" path="3/c49.tif" mask="3/m49.tif"/>
        <level index="4" path="4/c49.tif" mask="4/m49.tif"/>
        <level index="5" path="5/c49.tif" mask="5/m49.tif"/>
        <level index="6" path="6/c49.tif" mask="6/m49.tif"/>
        <level index="7" path="7/c49.tif" mask="7/m49.tif"/>
        <level index="8" path="8/c49.tif" mask="8/m49.tif"/>
        <level index="9" path="9/c49.tif" mask="9/m49.tif"/>
      </pyramid>
    </image>
    <image id="64">
      <extent>
        <left>2507664.1057274896</left>
        <top>1139195.323879947</top>
        <right>2507704.3815069897</right>
        <bottom>1139153.3978764471</bottom>
      </extent>
      <center>
        <x>2507684.6870867573</x>
        <y>1139174.1955951937</y>
      </center>
      <pyramid>
        <level index="0" path="0/c64.tif" mask="0/m64.tif"/>
        <level index="1" path="1/c64.tif" mask="1/m64.tif"/>
        <level index="2" path="2/c64.tif" mask="2/m64.tif"/>
        <level index="3" path="3/c64.tif" mask="3/m64.tif"/>
        <level index="4" path="4/c64.tif" mask="4/m64.tif"/>
        <level index="5" path="5/c64.tif" mask="5/m64.tif"/>
        <level index="6" path="6/c64.tif" mask="6/m64.tif"/>
        <level index="7" path="7/c64.tif" mask="7/m64.tif"/>
        <level index="8" path="8/c64.tif" mask="8/m64.tif"/>
        <level index="9" path="9/c64.tif" mask="9/m64.tif"/>
      </pyramid>
    </image>
    <image id="55">
      <extent>
        <left>2507708.7649144894</left>
        <top>1139164.4337494469</top>
        <right>2507748.8344159895</right>
        <bottom>1139122.456176447</bottom>
      </extent>
      <center>
        <x>2507729.4928220771</x>
        <y>1139143.9168880521</y>
      </center>
      <pyramid>
        <level index="0" path="0/c55.tif" mask="0/m55.tif"/>
        <level index="1" path="1/c55.tif" mask="1/m55.tif"/>
        <level index="2" path="2/c55.tif" mask="2/m55.tif"/>
        <level index="3" path="3/c55.tif" mask="3/m55.tif"/>
        <level index="4" path="4/c55.tif" mask="4/m55.tif"/>
        <level index="5" path="5/c55.tif" mask="5/m55.tif"/>
        <level index="6" path="6/c55.tif" mask="6/m55.tif"/>
        <level index="7" path="7/c55.tif" mask="7/m55.tif"/>
        <level index="8" path="8/c55.tif" mask="8/m55.tif"/>
        <level index="9" path="9/c55.tif" mask="9/m55.tif"/>
      </pyramid>
    </image>
    <image id="45">
      <extent>
        <left>2507701.1841979893</left>
        <top>1139179.7498909468</top>
        <right>2507741.0989909894</right>
        <bottom>1139138.1333044467</bottom>
      </extent>
      <center>
        <x>2507722.337576367</x>
        <y>1139160.0570241127</y>
      </center>
      <pyramid>
        <level index="0" path="0/c45.tif" mask="0/m45.tif"/>
        <level index="1" path="1/c45.tif" mask="1/m45.tif"/>
        <level index="2" path="2/c45.tif" mask="2/m45.tif"/>
        <level index="3" path="3/c45.tif" mask="3/m45.tif"/>
        <level index="4" path="4/c45.tif" mask="4/m45.tif"/>
        <level index="5" path="5/c45.tif" mask="5/m45.tif"/>
        <level index="6" path="6/c45.tif" mask="6/m45.tif"/>
        <level index="7" path="7/c45.tif" mask="7/m45.tif"/>
        <level index="8" path="8/c45.tif" mask="8/m45.tif"/>
        <level index="9" path="9/c45.tif" mask="9/m45.tif"/>
      </pyramid>
    </image>
    <image id="54">
      <extent>
        <left>2507713.6640169895</left>
        <top>1139161.1333014469</top>
        <right>2507753.7335184896</right>
        <bottom>1139119.155728447</bottom>
      </extent>
      <center>
        <x>2507734.4908599164</x>
        <y>1139140.6286940882</y>
      </center>
      <pyramid>
        <level index="0" path="0/c54.tif" mask="0/m54.tif"/>
        <level index="1" path="1/c54.tif" mask="1/m54.tif"/>
        <level index="2" path="2/c54.tif" mask="2/m54.tif"/>
        <level index="3" path="3/c54.tif" mask="3/m54.tif"/>
        <level index="4" path="4/c54.tif" mask="4/m54.tif"/>
        <level index="5" path="5/c54.tif" mask="5/m54.tif"/>
        <level index="6" path="6/c54.tif" mask="6/m54.tif"/>
        <level index="7" path="7/c54.tif" mask="7/m54.tif"/>
        <level index="8" path="8/c54.tif" mask="8/m54.tif"/>
        <level index="9" path="9/c54.tif" mask="9/m54.tif"/>
      </pyramid>
    </image>
    <image id="59">
      <extent>
        <left>2507688.5496704895</left>
        <top>1139178.2543754468</top>
        <right>2507728.8254499896</right>
        <bottom>1139136.3799414469</bottom>
      </extent>
      <center>
        <x>2507709.5149625707</x>
        <y>1139157.4982724199</y>
      </center>
      <pyramid>
        <level index="0" path="0/c59.tif" mask="0/m59.tif"/>
        <level index="1" path="1/c59.tif" mask="1/m59.tif"/>
        <level index="2" path="2/c59.tif" mask="2/m59.tif"/>
        <level index="3" path="3/c59.tif" mask="3/m59.tif"/>
        <level index="4" path="4/c59.tif" mask="4/m59.tif"/>
        <level index="5" path="5/c59.tif" mask="5/m59.tif"/>
        <level index="6" path="6/c59.tif" mask="6/m59.tif"/>
        <level index="7" path="7/c59.tif" mask="7/m59.tif"/>
        <level index="8" path="8/c59.tif" mask="8/m59.tif"/>
        <level index="9" path="9/c59.tif" mask="9/m59.tif"/>
      </pyramid>
    </image>
    <image id="62">
      <extent>
        <left>2507673.7492239894</left>
        <top>1139188.413566947</top>
        <right>2507714.2828509896</right>
        <bottom>1139146.4875634471</bottom>
      </extent>
      <center>
        <x>2507694.2855673283</x>
        <y>1139167.7516111771</y>
      </center>
      <pyramid>
        <level index="0" path="0/c62.tif" mask="0/m62.tif"/>
        <level index="1" path="1/c62.tif" mask="1/m62.tif"/>
        <level index="2" path="2/c62.tif" mask="2/m62.tif"/>
        <level index="3" path="3/c62.tif" mask="3/m62.tif"/>
        <level index="4" path="4/c62.tif" mask="4/m62.tif"/>
        <level index="5" path="5/c62.tif" mask="5/m62.tif"/>
        <level index="6" path="6/c62.tif" mask="6/m62.tif"/>
        <level index="7" path="7/c62.tif" mask="7/m62.tif"/>
        <level index="8" path="8/c62.tif" mask="8/m62.tif"/>
        <level index="9" path="9/c62.tif" mask="9/m62.tif"/>
      </pyramid>
    </image>
    <image id="58">
      <extent>
        <left>2507693.8613289893</left>
        <top>1139174.5929409468</top>
        <right>2507734.1371084894</right>
        <bottom>1139132.6153679469</bottom>
      </extent>
      <center>
        <x>2507714.531801464</x>
        <y>1139153.9361247683</y>
      </center>
      <pyramid>
        <level index="0" path="0/c58.tif" mask="0/m58.tif"/>
        <level index="1" path="1/c58.tif" mask="1/m58.tif"/>
        <level index="2" path="2/c58.tif" mask="2/m58.tif"/>
        <level index="3" path="3/c58.tif" mask="3/m58.tif"/>
        <level index="4" path="4/c58.tif" mask="4/m58.tif"/>
        <level index="5" path="5/c58.tif" mask="5/m58.tif"/>
        <level index="6" path="6/c58.tif" mask="6/m58.tif"/>
        <level index="7" path="7/c58.tif" mask="7/m58.tif"/>
        <level index="8" path="8/c58.tif" mask="8/m58.tif"/>
        <level index="9" path="9/c58.tif" mask="9/m58.tif"/>
      </pyramid>
    </image>
    <image id="57">
      <extent>
        <left>2507698.5025839894</left>
        <top>1139171.3956319469</top>
        <right>2507738.6752244895</right>
        <bottom>1139129.366489447</bottom>
      </extent>
      <center>
        <x>2507719.3210733999</x>
        <y>1139150.765778081</y>
      </center>
      <pyramid>
        <level index="0" path="0/c57.tif" mask="0/m57.tif"/>
        <level index="1" path="1/c57.tif" mask="1/m57.tif"/>
        <level index="2" path="2/c57.tif" mask="2/m57.tif"/>
        <level index="3" path="3/c57.tif" mask="3/m57.tif"/>
        <level index="4" path="4/c57.tif" mask="4/m57.tif"/>
        <level index="5" path="5/c57.tif" mask="5/m57.tif"/>
        <level index="6" path="6/c57.tif" mask="6/m57.tif"/>
        <level index="7" path="7/c57.tif" mask="7/m57.tif"/>
        <level index="8" path="8/c57.tif" mask="8/m57.tif"/>
        <level index="9" path="9/c57.tif" mask="9/m57.tif"/>
      </pyramid>
    </image>
  </images>
</orthomosaic>
