<?xml version="1.0" encoding="UTF-8"?>
<orthomosaic version="1.2.0">
  <images level_count="10">
    <image id="216">
      <extent>
        <left>2507587.2671724893</left>
        <top>1139180.1108774468</top>
        <right>2507626.5115619893</right>
        <bottom>1139140.7117794468</bottom>
      </extent>
      <center>
        <x>2507608.1876016334</x>
        <y>1139158.9774686657</y>
      </center>
      <pyramid>
        <level index="0" path="0/c216.tif" mask="0/m216.tif"/>
        <level index="1" path="1/c216.tif" mask="1/m216.tif"/>
        <level index="2" path="2/c216.tif" mask="2/m216.tif"/>
        <level index="3" path="3/c216.tif" mask="3/m216.tif"/>
        <level index="4" path="4/c216.tif" mask="4/m216.tif"/>
        <level index="5" path="5/c216.tif" mask="5/m216.tif"/>
        <level index="6" path="6/c216.tif" mask="6/m216.tif"/>
        <level index="7" path="7/c216.tif" mask="7/m216.tif"/>
        <level index="8" path="8/c216.tif" mask="8/m216.tif"/>
        <level index="9" path="9/c216.tif" mask="9/m216.tif"/>
      </pyramid>
    </image>
    <image id="217">
      <extent>
        <left>2507587.2671724893</left>
        <top>1139177.4292634469</top>
        <right>2507624.5519209895</right>
        <bottom>1139136.689358447</bottom>
      </extent>
      <center>
        <x>2507606.1613205969</x>
        <y>1139156.2418408103</y>
      </center>
      <pyramid>
        <level index="0" path="0/c217.tif" mask="0/m217.tif"/>
        <level index="1" path="1/c217.tif" mask="1/m217.tif"/>
        <level index="2" path="2/c217.tif" mask="2/m217.tif"/>
        <level index="3" path="3/c217.tif" mask="3/m217.tif"/>
        <level index="4" path="4/c217.tif" mask="4/m217.tif"/>
        <level index="5" path="5/c217.tif" mask="5/m217.tif"/>
        <level index="6" path="6/c217.tif" mask="6/m217.tif"/>
        <level index="7" path="7/c217.tif" mask="7/m217.tif"/>
        <level index="8" path="8/c217.tif" mask="8/m217.tif"/>
        <level index="9" path="9/c217.tif" mask="9/m217.tif"/>
      </pyramid>
    </image>
    <image id="218">
      <extent>
        <left>2507588.1438539894</left>
        <top>1139176.036886947</top>
        <right>2507626.4599924893</right>
        <bottom>1139136.483080447</bottom>
      </extent>
      <center>
        <x>2507609.02842783</x>
        <y>1139155.286415878</y>
      </center>
      <pyramid>
        <level index="0" path="0/c218.tif" mask="0/m218.tif"/>
        <level index="1" path="1/c218.tif" mask="1/m218.tif"/>
        <level index="2" path="2/c218.tif" mask="2/m218.tif"/>
        <level index="3" path="3/c218.tif" mask="3/m218.tif"/>
        <level index="4" path="4/c218.tif" mask="4/m218.tif"/>
        <level index="5" path="5/c218.tif" mask="5/m218.tif"/>
        <level index="6" path="6/c218.tif" mask="6/m218.tif"/>
        <level index="7" path="7/c218.tif" mask="7/m218.tif"/>
        <level index="8" path="8/c218.tif" mask="8/m218.tif"/>
        <level index="9" path="9/c218.tif" mask="9/m218.tif"/>
      </pyramid>
    </image>
    <image id="220">
      <extent>
        <left>2507597.8904894893</left>
        <top>1139168.765587447</top>
        <right>2507636.4129059892</right>
        <bottom>1139129.572767447</bottom>
      </extent>
      <center>
        <x>2507618.4547953345</x>
        <y>1139150.5486545686</y>
      </center>
      <pyramid>
        <level index="0" path="0/c220.tif" mask="0/m220.tif"/>
        <level index="1" path="1/c220.tif" mask="1/m220.tif"/>
        <level index="2" path="2/c220.tif" mask="2/m220.tif"/>
        <level index="3" path="3/c220.tif" mask="3/m220.tif"/>
        <level index="4" path="4/c220.tif" mask="4/m220.tif"/>
        <level index="5" path="5/c220.tif" mask="5/m220.tif"/>
        <level index="6" path="6/c220.tif" mask="6/m220.tif"/>
        <level index="7" path="7/c220.tif" mask="7/m220.tif"/>
        <level index="8" path="8/c220.tif" mask="8/m220.tif"/>
        <level index="9" path="9/c220.tif" mask="9/m220.tif"/>
      </pyramid>
    </image>
    <image id="212">
      <extent>
        <left>2507600.4689644892</left>
        <top>1139179.492043447</top>
        <right>2507639.4039369891</right>
        <bottom>1139139.5772504471</bottom>
      </extent>
      <center>
        <x>2507625.5669350009</x>
        <y>1139154.4744990047</y>
      </center>
      <pyramid>
        <level index="0" path="0/c212.tif" mask="0/m212.tif"/>
        <level index="1" path="1/c212.tif" mask="1/m212.tif"/>
        <level index="2" path="2/c212.tif" mask="2/m212.tif"/>
        <level index="3" path="3/c212.tif" mask="3/m212.tif"/>
        <level index="4" path="4/c212.tif" mask="4/m212.tif"/>
        <level index="5" path="5/c212.tif" mask="5/m212.tif"/>
        <level index="6" path="6/c212.tif" mask="6/m212.tif"/>
        <level index="7" path="7/c212.tif" mask="7/m212.tif"/>
        <level index="8" path="8/c212.tif" mask="8/m212.tif"/>
        <level index="9" path="9/c212.tif" mask="9/m212.tif"/>
      </pyramid>
    </image>
    <image id="208">
      <extent>
        <left>2507620.5294999895</left>
        <top>1139165.6714174468</top>
        <right>2507660.2380149895</right>
        <bottom>1139124.3642479468</bottom>
      </extent>
      <center>
        <x>2507640.5114925876</x>
        <y>1139146.4289721195</y>
      </center>
      <pyramid>
        <level index="0" path="0/c208.tif" mask="0/m208.tif"/>
        <level index="1" path="1/c208.tif" mask="1/m208.tif"/>
        <level index="2" path="2/c208.tif" mask="2/m208.tif"/>
        <level index="3" path="3/c208.tif" mask="3/m208.tif"/>
        <level index="4" path="4/c208.tif" mask="4/m208.tif"/>
        <level index="5" path="5/c208.tif" mask="5/m208.tif"/>
        <level index="6" path="6/c208.tif" mask="6/m208.tif"/>
        <level index="7" path="7/c208.tif" mask="7/m208.tif"/>
        <level index="8" path="8/c208.tif" mask="8/m208.tif"/>
        <level index="9" path="9/c208.tif" mask="9/m208.tif"/>
      </pyramid>
    </image>
    <image id="202">
      <extent>
        <left>2507650.1819624892</left>
        <top>1139145.404603947</top>
        <right>2507689.9420469892</right>
        <bottom>1139103.9942954469</bottom>
      </extent>
      <center>
        <x>2507670.5536116641</x>
        <y>1139126.226188167</y>
      </center>
      <pyramid>
        <level index="0" path="0/c202.tif" mask="0/m202.tif"/>
        <level index="1" path="1/c202.tif" mask="1/m202.tif"/>
        <level index="2" path="2/c202.tif" mask="2/m202.tif"/>
        <level index="3" path="3/c202.tif" mask="3/m202.tif"/>
        <level index="4" path="4/c202.tif" mask="4/m202.tif"/>
        <level index="5" path="5/c202.tif" mask="5/m202.tif"/>
        <level index="6" path="6/c202.tif" mask="6/m202.tif"/>
        <level index="7" path="7/c202.tif" mask="7/m202.tif"/>
        <level index="8" path="8/c202.tif" mask="8/m202.tif"/>
        <level index="9" path="9/c202.tif" mask="9/m202.tif"/>
      </pyramid>
    </image>
    <image id="219">
      <extent>
        <left>2507592.9913869891</left>
        <top>1139172.272313447</top>
        <right>2507631.9263594891</right>
        <bottom>1139132.7185069469</bottom>
      </extent>
      <center>
        <x>2507614.8519152757</x>
        <y>1139152.1104862101</y>
      </center>
      <pyramid>
        <level index="0" path="0/c219.tif" mask="0/m219.tif"/>
        <level index="1" path="1/c219.tif" mask="1/m219.tif"/>
        <level index="2" path="2/c219.tif" mask="2/m219.tif"/>
        <level index="3" path="3/c219.tif" mask="3/m219.tif"/>
        <level index="4" path="4/c219.tif" mask="4/m219.tif"/>
        <level index="5" path="5/c219.tif" mask="5/m219.tif"/>
        <level index="6" path="6/c219.tif" mask="6/m219.tif"/>
        <level index="7" path="7/c219.tif" mask="7/m219.tif"/>
        <level index="8" path="8/c219.tif" mask="8/m219.tif"/>
        <level index="9" path="9/c219.tif" mask="9/m219.tif"/>
      </pyramid>
    </image>
    <image id="221">
      <extent>
        <left>2507602.4801749894</left>
        <top>1139165.6714174468</top>
        <right>2507641.6729949894</right>
        <bottom>1139125.9629024467</bottom>
      </extent>
      <center>
        <x>2507623.0471110046</x>
        <y>1139148.1105767242</y>
      </center>
      <pyramid>
        <level index="0" path="0/c221.tif" mask="0/m221.tif"/>
        <level index="1" path="1/c221.tif" mask="1/m221.tif"/>
        <level index="2" path="2/c221.tif" mask="2/m221.tif"/>
        <level index="3" path="3/c221.tif" mask="3/m221.tif"/>
        <level index="4" path="4/c221.tif" mask="4/m221.tif"/>
        <level index="5" path="5/c221.tif" mask="5/m221.tif"/>
        <level index="6" path="6/c221.tif" mask="6/m221.tif"/>
        <level index="7" path="7/c221.tif" mask="7/m221.tif"/>
        <level index="8" path="8/c221.tif" mask="8/m221.tif"/>
        <level index="9" path="9/c221.tif" mask="9/m221.tif"/>
      </pyramid>
    </image>
    <image id="203">
      <extent>
        <left>2507645.0250124894</left>
        <top>1139148.8597604469</top>
        <right>2507684.9398054895</right>
        <bottom>1139107.6041604469</bottom>
      </extent>
      <center>
        <x>2507665.6525218859</x>
        <y>1139129.3967275666</y>
      </center>
      <pyramid>
        <level index="0" path="0/c203.tif" mask="0/m203.tif"/>
        <level index="1" path="1/c203.tif" mask="1/m203.tif"/>
        <level index="2" path="2/c203.tif" mask="2/m203.tif"/>
        <level index="3" path="3/c203.tif" mask="3/m203.tif"/>
        <level index="4" path="4/c203.tif" mask="4/m203.tif"/>
        <level index="5" path="5/c203.tif" mask="5/m203.tif"/>
        <level index="6" path="6/c203.tif" mask="6/m203.tif"/>
        <level index="7" path="7/c203.tif" mask="7/m203.tif"/>
        <level index="8" path="8/c203.tif" mask="8/m203.tif"/>
        <level index="9" path="9/c203.tif" mask="9/m203.tif"/>
      </pyramid>
    </image>
    <image id="209">
      <extent>
        <left>2507616.5070789894</left>
        <top>1139168.4561704469</top>
        <right>2507655.2873429894</right>
        <bottom>1139128.128821447</bottom>
      </extent>
      <center>
        <x>2507634.8560339063</x>
        <y>1139149.6128121323</y>
      </center>
      <pyramid>
        <level index="0" path="0/c209.tif" mask="0/m209.tif"/>
        <level index="1" path="1/c209.tif" mask="1/m209.tif"/>
        <level index="2" path="2/c209.tif" mask="2/m209.tif"/>
        <level index="3" path="3/c209.tif" mask="3/m209.tif"/>
        <level index="4" path="4/c209.tif" mask="4/m209.tif"/>
        <level index="5" path="5/c209.tif" mask="5/m209.tif"/>
        <level index="6" path="6/c209.tif" mask="6/m209.tif"/>
        <level index="7" path="7/c209.tif" mask="7/m209.tif"/>
        <level index="8" path="8/c209.tif" mask="8/m209.tif"/>
        <level index="9" path="9/c209.tif" mask="9/m209.tif"/>
      </pyramid>
    </image>
    <image id="214">
      <extent>
        <left>2507590.9286069893</left>
        <top>1139185.2162579468</top>
        <right>2507630.4824134894</right>
        <bottom>1139145.0436174469</bottom>
      </extent>
      <center>
        <x>2507611.8098850958</x>
        <y>1139164.3867197318</y>
      </center>
      <pyramid>
        <level index="0" path="0/c214.tif" mask="0/m214.tif"/>
        <level index="1" path="1/c214.tif" mask="1/m214.tif"/>
        <level index="2" path="2/c214.tif" mask="2/m214.tif"/>
        <level index="3" path="3/c214.tif" mask="3/m214.tif"/>
        <level index="4" path="4/c214.tif" mask="4/m214.tif"/>
        <level index="5" path="5/c214.tif" mask="5/m214.tif"/>
        <level index="6" path="6/c214.tif" mask="6/m214.tif"/>
        <level index="7" path="7/c214.tif" mask="7/m214.tif"/>
        <level index="8" path="8/c214.tif" mask="8/m214.tif"/>
        <level index="9" path="9/c214.tif" mask="9/m214.tif"/>
      </pyramid>
    </image>
    <image id="206">
      <extent>
        <left>2507630.0698574893</left>
        <top>1139158.7611044468</top>
        <right>2507670.0877894894</right>
        <bottom>1139117.8664909468</bottom>
      </extent>
      <center>
        <x>2507651.4518383779</x>
        <y>1139139.2595920751</y>
      </center>
      <pyramid>
        <level index="0" path="0/c206.tif" mask="0/m206.tif"/>
        <level index="1" path="1/c206.tif" mask="1/m206.tif"/>
        <level index="2" path="2/c206.tif" mask="2/m206.tif"/>
        <level index="3" path="3/c206.tif" mask="3/m206.tif"/>
        <level index="4" path="4/c206.tif" mask="4/m206.tif"/>
        <level index="5" path="5/c206.tif" mask="5/m206.tif"/>
        <level index="6" path="6/c206.tif" mask="6/m206.tif"/>
        <level index="7" path="7/c206.tif" mask="7/m206.tif"/>
        <level index="8" path="8/c206.tif" mask="8/m206.tif"/>
        <level index="9" path="9/c206.tif" mask="9/m206.tif"/>
      </pyramid>
    </image>
    <image id="204">
      <extent>
        <left>2507640.2806184893</left>
        <top>1139152.2117779469</top>
        <right>2507679.9891334893</right>
        <bottom>1139111.1108864469</bottom>
      </extent>
      <center>
        <x>2507660.7043346781</x>
        <y>1139132.8766887849</y>
      </center>
      <pyramid>
        <level index="0" path="0/c204.tif" mask="0/m204.tif"/>
        <level index="1" path="1/c204.tif" mask="1/m204.tif"/>
        <level index="2" path="2/c204.tif" mask="2/m204.tif"/>
        <level index="3" path="3/c204.tif" mask="3/m204.tif"/>
        <level index="4" path="4/c204.tif" mask="4/m204.tif"/>
        <level index="5" path="5/c204.tif" mask="5/m204.tif"/>
        <level index="6" path="6/c204.tif" mask="6/m204.tif"/>
        <level index="7" path="7/c204.tif" mask="7/m204.tif"/>
        <level index="8" path="8/c204.tif" mask="8/m204.tif"/>
        <level index="9" path="9/c204.tif" mask="9/m204.tif"/>
      </pyramid>
    </image>
    <image id="213">
      <extent>
        <left>2507596.0855569895</left>
        <top>1139181.9673794468</top>
        <right>2507634.9689599895</right>
        <bottom>1139142.5167119468</bottom>
      </extent>
      <center>
        <x>2507617.5089622717</x>
        <y>1139160.3063708474</y>
      </center>
      <pyramid>
        <level index="0" path="0/c213.tif" mask="0/m213.tif"/>
        <level index="1" path="1/c213.tif" mask="1/m213.tif"/>
        <level index="2" path="2/c213.tif" mask="2/m213.tif"/>
        <level index="3" path="3/c213.tif" mask="3/m213.tif"/>
        <level index="4" path="4/c213.tif" mask="4/m213.tif"/>
        <level index="5" path="5/c213.tif" mask="5/m213.tif"/>
        <level index="6" path="6/c213.tif" mask="6/m213.tif"/>
        <level index="7" path="7/c213.tif" mask="7/m213.tif"/>
        <level index="8" path="8/c213.tif" mask="8/m213.tif"/>
        <level index="9" path="9/c213.tif" mask="9/m213.tif"/>
      </pyramid>
    </image>
    <image id="210">
      <extent>
        <left>2507610.7828644891</left>
        <top>1139171.8081879469</top>
        <right>2507650.2851014892</right>
        <bottom>1139131.480838947</bottom>
      </extent>
      <center>
        <x>2507629.6193064936</x>
        <y>1139152.7514667423</y>
      </center>
      <pyramid>
        <level index="0" path="0/c210.tif" mask="0/m210.tif"/>
        <level index="1" path="1/c210.tif" mask="1/m210.tif"/>
        <level index="2" path="2/c210.tif" mask="2/m210.tif"/>
        <level index="3" path="3/c210.tif" mask="3/m210.tif"/>
        <level index="4" path="4/c210.tif" mask="4/m210.tif"/>
        <level index="5" path="5/c210.tif" mask="5/m210.tif"/>
        <level index="6" path="6/c210.tif" mask="6/m210.tif"/>
        <level index="7" path="7/c210.tif" mask="7/m210.tif"/>
        <level index="8" path="8/c210.tif" mask="8/m210.tif"/>
        <level index="9" path="9/c210.tif" mask="9/m210.tif"/>
      </pyramid>
    </image>
    <image id="207">
      <extent>
        <left>2507625.7380194892</left>
        <top>1139162.2678304468</top>
        <right>2507665.0855479892</right>
        <bottom>1139121.1669389468</bottom>
      </extent>
      <center>
        <x>2507645.7137406804</x>
        <y>1139142.801009987</y>
      </center>
      <pyramid>
        <level index="0" path="0/c207.tif" mask="0/m207.tif"/>
        <level index="1" path="1/c207.tif" mask="1/m207.tif"/>
        <level index="2" path="2/c207.tif" mask="2/m207.tif"/>
        <level index="3" path="3/c207.tif" mask="3/m207.tif"/>
        <level index="4" path="4/c207.tif" mask="4/m207.tif"/>
        <level index="5" path="5/c207.tif" mask="5/m207.tif"/>
        <level index="6" path="6/c207.tif" mask="6/m207.tif"/>
        <level index="7" path="7/c207.tif" mask="7/m207.tif"/>
        <level index="8" path="8/c207.tif" mask="8/m207.tif"/>
        <level index="9" path="9/c207.tif" mask="9/m207.tif"/>
      </pyramid>
    </image>
    <image id="205">
      <extent>
        <left>2507635.3299464895</left>
        <top>1139155.6153649469</top>
        <right>2507675.0384614896</right>
        <bottom>1139114.5144734469</bottom>
      </extent>
      <center>
        <x>2507656.3759518899</x>
        <y>1139135.7697239006</y>
      </center>
      <pyramid>
        <level index="0" path="0/c205.tif" mask="0/m205.tif"/>
        <level index="1" path="1/c205.tif" mask="1/m205.tif"/>
        <level index="2" path="2/c205.tif" mask="2/m205.tif"/>
        <level index="3" path="3/c205.tif" mask="3/m205.tif"/>
        <level index="4" path="4/c205.tif" mask="4/m205.tif"/>
        <level index="5" path="5/c205.tif" mask="5/m205.tif"/>
        <level index="6" path="6/c205.tif" mask="6/m205.tif"/>
        <level index="7" path="7/c205.tif" mask="7/m205.tif"/>
        <level index="8" path="8/c205.tif" mask="8/m205.tif"/>
        <level index="9" path="9/c205.tif" mask="9/m205.tif"/>
      </pyramid>
    </image>
    <image id="211">
      <extent>
        <left>2507606.2963179895</left>
        <top>1139175.2117749469</top>
        <right>2507645.0250124894</right>
        <bottom>1139135.142273447</bottom>
      </extent>
      <center>
        <x>2507626.0403090175</x>
        <y>1139154.8910916743</y>
      </center>
      <pyramid>
        <level index="0" path="0/c211.tif" mask="0/m211.tif"/>
        <level index="1" path="1/c211.tif" mask="1/m211.tif"/>
        <level index="2" path="2/c211.tif" mask="2/m211.tif"/>
        <level index="3" path="3/c211.tif" mask="3/m211.tif"/>
        <level index="4" path="4/c211.tif" mask="4/m211.tif"/>
        <level index="5" path="5/c211.tif" mask="5/m211.tif"/>
        <level index="6" path="6/c211.tif" mask="6/m211.tif"/>
        <level index="7" path="7/c211.tif" mask="7/m211.tif"/>
        <level index="8" path="8/c211.tif" mask="8/m211.tif"/>
        <level index="9" path="9/c211.tif" mask="9/m211.tif"/>
      </pyramid>
    </image>
  </images>
</orthomosaic>
