<?xml version="1.0" encoding="UTF-8"?>
<orthomosaic version="1.2.0">
  <images level_count="10">
    <image id="35">
      <extent>
        <left>2507699.5717853778</left>
        <top>1139141.843573615</top>
        <right>2507738.8302374491</right>
        <bottom>1139100.7591470289</bottom>
      </extent>
      <center>
        <x>2507720.36131588</x>
        <y>1139121.4345346293</y>
      </center>
      <pyramid>
        <level index="0" path="0/c35.tif" mask="0/m35.tif"/>
        <level index="1" path="1/c35.tif" mask="1/m35.tif"/>
        <level index="2" path="2/c35.tif" mask="2/m35.tif"/>
        <level index="3" path="3/c35.tif" mask="3/m35.tif"/>
        <level index="4" path="4/c35.tif" mask="4/m35.tif"/>
        <level index="5" path="5/c35.tif" mask="5/m35.tif"/>
        <level index="6" path="6/c35.tif" mask="6/m35.tif"/>
        <level index="7" path="7/c35.tif" mask="7/m35.tif"/>
        <level index="8" path="8/c35.tif" mask="8/m35.tif"/>
        <level index="9" path="9/c35.tif" mask="9/m35.tif"/>
      </pyramid>
    </image>
    <image id="31">
      <extent>
        <left>2507679.3846226851</left>
        <top>1139153.205192819</top>
        <right>2507718.6430747565</right>
        <bottom>1139112.120766233</bottom>
      </extent>
      <center>
        <x>2507700.1104668509</x>
        <y>1139133.0516104489</y>
      </center>
      <pyramid>
        <level index="0" path="0/c31.tif" mask="0/m31.tif"/>
        <level index="1" path="1/c31.tif" mask="1/m31.tif"/>
        <level index="2" path="2/c31.tif" mask="2/m31.tif"/>
        <level index="3" path="3/c31.tif" mask="3/m31.tif"/>
        <level index="4" path="4/c31.tif" mask="4/m31.tif"/>
        <level index="5" path="5/c31.tif" mask="5/m31.tif"/>
        <level index="6" path="6/c31.tif" mask="6/m31.tif"/>
        <level index="7" path="7/c31.tif" mask="7/m31.tif"/>
        <level index="8" path="8/c31.tif" mask="8/m31.tif"/>
        <level index="9" path="9/c31.tif" mask="9/m31.tif"/>
      </pyramid>
    </image>
    <image id="37">
      <extent>
        <left>2507700.3833296071</left>
        <top>1139138.3437891281</top>
        <right>2507739.8446677355</right>
        <bottom>1139097.2086410278</bottom>
      </extent>
      <center>
        <x>2507721.4808654655</x>
        <y>1139117.7015340293</y>
      </center>
      <pyramid>
        <level index="0" path="0/c37.tif" mask="0/m37.tif"/>
        <level index="1" path="1/c37.tif" mask="1/m37.tif"/>
        <level index="2" path="2/c37.tif" mask="2/m37.tif"/>
        <level index="3" path="3/c37.tif" mask="3/m37.tif"/>
        <level index="4" path="4/c37.tif" mask="4/m37.tif"/>
        <level index="5" path="5/c37.tif" mask="5/m37.tif"/>
        <level index="6" path="6/c37.tif" mask="6/m37.tif"/>
        <level index="7" path="7/c37.tif" mask="7/m37.tif"/>
        <level index="8" path="8/c37.tif" mask="8/m37.tif"/>
        <level index="9" path="9/c37.tif" mask="9/m37.tif"/>
      </pyramid>
    </image>
    <image id="34">
      <extent>
        <left>2507694.5503554619</left>
        <top>1139144.7346999303</top>
        <right>2507733.7073645047</right>
        <bottom>1139103.59955183</bottom>
      </extent>
      <center>
        <x>2507715.4166487642</x>
        <y>1139124.3208106817</y>
      </center>
      <pyramid>
        <level index="0" path="0/c34.tif" mask="0/m34.tif"/>
        <level index="1" path="1/c34.tif" mask="1/m34.tif"/>
        <level index="2" path="2/c34.tif" mask="2/m34.tif"/>
        <level index="3" path="3/c34.tif" mask="3/m34.tif"/>
        <level index="4" path="4/c34.tif" mask="4/m34.tif"/>
        <level index="5" path="5/c34.tif" mask="5/m34.tif"/>
        <level index="6" path="6/c34.tif" mask="6/m34.tif"/>
        <level index="7" path="7/c34.tif" mask="7/m34.tif"/>
        <level index="8" path="8/c34.tif" mask="8/m34.tif"/>
        <level index="9" path="9/c34.tif" mask="9/m34.tif"/>
      </pyramid>
    </image>
    <image id="32">
      <extent>
        <left>2507684.7103816872</left>
        <top>1139150.2126234751</top>
        <right>2507723.8166692154</right>
        <bottom>1139109.3310829462</bottom>
      </extent>
      <center>
        <x>2507705.2637293059</x>
        <y>1139130.0547585555</y>
      </center>
      <pyramid>
        <level index="0" path="0/c32.tif" mask="0/m32.tif"/>
        <level index="1" path="1/c32.tif" mask="1/m32.tif"/>
        <level index="2" path="2/c32.tif" mask="2/m32.tif"/>
        <level index="3" path="3/c32.tif" mask="3/m32.tif"/>
        <level index="4" path="4/c32.tif" mask="4/m32.tif"/>
        <level index="5" path="5/c32.tif" mask="5/m32.tif"/>
        <level index="6" path="6/c32.tif" mask="6/m32.tif"/>
        <level index="7" path="7/c32.tif" mask="7/m32.tif"/>
        <level index="8" path="8/c32.tif" mask="8/m32.tif"/>
        <level index="9" path="9/c32.tif" mask="9/m32.tif"/>
      </pyramid>
    </image>
    <image id="29">
      <extent>
        <left>2507668.8345477097</left>
        <top>1139159.190331507</top>
        <right>2507707.940835238</right>
        <bottom>1139118.2580694638</bottom>
      </extent>
      <center>
        <x>2507689.3911041934</x>
        <y>1139139.1752738978</y>
      </center>
      <pyramid>
        <level index="0" path="0/c29.tif" mask="0/m29.tif"/>
        <level index="1" path="1/c29.tif" mask="1/m29.tif"/>
        <level index="2" path="2/c29.tif" mask="2/m29.tif"/>
        <level index="3" path="3/c29.tif" mask="3/m29.tif"/>
        <level index="4" path="4/c29.tif" mask="4/m29.tif"/>
        <level index="5" path="5/c29.tif" mask="5/m29.tif"/>
        <level index="6" path="6/c29.tif" mask="6/m29.tif"/>
        <level index="7" path="7/c29.tif" mask="7/m29.tif"/>
        <level index="8" path="8/c29.tif" mask="8/m29.tif"/>
        <level index="9" path="9/c29.tif" mask="9/m29.tif"/>
      </pyramid>
    </image>
    <image id="39">
      <extent>
        <left>2507697.4922032915</left>
        <top>1139134.3367894981</top>
        <right>2507736.7506553628</right>
        <bottom>1139092.8973123119</bottom>
      </extent>
      <center>
        <x>2507718.061496418</x>
        <y>1139113.7493570112</y>
      </center>
      <pyramid>
        <level index="0" path="0/c39.tif" mask="0/m39.tif"/>
        <level index="1" path="1/c39.tif" mask="1/m39.tif"/>
        <level index="2" path="2/c39.tif" mask="2/m39.tif"/>
        <level index="3" path="3/c39.tif" mask="3/m39.tif"/>
        <level index="4" path="4/c39.tif" mask="4/m39.tif"/>
        <level index="5" path="5/c39.tif" mask="5/m39.tif"/>
        <level index="6" path="6/c39.tif" mask="6/m39.tif"/>
        <level index="7" path="7/c39.tif" mask="7/m39.tif"/>
        <level index="8" path="8/c39.tif" mask="8/m39.tif"/>
        <level index="9" path="9/c39.tif" mask="9/m39.tif"/>
      </pyramid>
    </image>
    <image id="28">
      <extent>
        <left>2507663.8131177938</left>
        <top>1139162.1829008509</top>
        <right>2507702.8686838076</right>
        <bottom>1139121.3520818362</bottom>
      </extent>
      <center>
        <x>2507684.2870107424</x>
        <y>1139142.2636221533</y>
      </center>
      <pyramid>
        <level index="0" path="0/c28.tif" mask="0/m28.tif"/>
        <level index="1" path="1/c28.tif" mask="1/m28.tif"/>
        <level index="2" path="2/c28.tif" mask="2/m28.tif"/>
        <level index="3" path="3/c28.tif" mask="3/m28.tif"/>
        <level index="4" path="4/c28.tif" mask="4/m28.tif"/>
        <level index="5" path="5/c28.tif" mask="5/m28.tif"/>
        <level index="6" path="6/c28.tif" mask="6/m28.tif"/>
        <level index="7" path="7/c28.tif" mask="7/m28.tif"/>
        <level index="8" path="8/c28.tif" mask="8/m28.tif"/>
        <level index="9" path="9/c28.tif" mask="9/m28.tif"/>
      </pyramid>
    </image>
    <image id="33">
      <extent>
        <left>2507689.8332546316</left>
        <top>1139147.5751047314</top>
        <right>2507728.9902636744</right>
        <bottom>1139106.3385136023</bottom>
      </extent>
      <center>
        <x>2507710.4579115547</x>
        <y>1139127.1374517675</y>
      </center>
      <pyramid>
        <level index="0" path="0/c33.tif" mask="0/m33.tif"/>
        <level index="1" path="1/c33.tif" mask="1/m33.tif"/>
        <level index="2" path="2/c33.tif" mask="2/m33.tif"/>
        <level index="3" path="3/c33.tif" mask="3/m33.tif"/>
        <level index="4" path="4/c33.tif" mask="4/m33.tif"/>
        <level index="5" path="5/c33.tif" mask="5/m33.tif"/>
        <level index="6" path="6/c33.tif" mask="6/m33.tif"/>
        <level index="7" path="7/c33.tif" mask="7/m33.tif"/>
        <level index="8" path="8/c33.tif" mask="8/m33.tif"/>
        <level index="9" path="9/c33.tif" mask="9/m33.tif"/>
      </pyramid>
    </image>
    <image id="38">
      <extent>
        <left>2507697.0357096628</left>
        <top>1139133.3730807262</top>
        <right>2507736.2434402197</right>
        <bottom>1139092.1364895971</bottom>
      </extent>
      <center>
        <x>2507718.2610839549</x>
        <y>1139112.965511346</y>
      </center>
      <pyramid>
        <level index="0" path="0/c38.tif" mask="0/m38.tif"/>
        <level index="1" path="1/c38.tif" mask="1/m38.tif"/>
        <level index="2" path="2/c38.tif" mask="2/m38.tif"/>
        <level index="3" path="3/c38.tif" mask="3/m38.tif"/>
        <level index="4" path="4/c38.tif" mask="4/m38.tif"/>
        <level index="5" path="5/c38.tif" mask="5/m38.tif"/>
        <level index="6" path="6/c38.tif" mask="6/m38.tif"/>
        <level index="7" path="7/c38.tif" mask="7/m38.tif"/>
        <level index="8" path="8/c38.tif" mask="8/m38.tif"/>
        <level index="9" path="9/c38.tif" mask="9/m38.tif"/>
      </pyramid>
    </image>
    <image id="36">
      <extent>
        <left>2507702.5136332079</left>
        <top>1139140.2204851573</top>
        <right>2507741.9749713363</right>
        <bottom>1139099.1360585713</bottom>
      </extent>
      <center>
        <x>2507723.4676347356</x>
        <y>1139119.6589947904</y>
      </center>
      <pyramid>
        <level index="0" path="0/c36.tif" mask="0/m36.tif"/>
        <level index="1" path="1/c36.tif" mask="1/m36.tif"/>
        <level index="2" path="2/c36.tif" mask="2/m36.tif"/>
        <level index="3" path="3/c36.tif" mask="3/m36.tif"/>
        <level index="4" path="4/c36.tif" mask="4/m36.tif"/>
        <level index="5" path="5/c36.tif" mask="5/m36.tif"/>
        <level index="6" path="6/c36.tif" mask="6/m36.tif"/>
        <level index="7" path="7/c36.tif" mask="7/m36.tif"/>
        <level index="8" path="8/c36.tif" mask="8/m36.tif"/>
        <level index="9" path="9/c36.tif" mask="9/m36.tif"/>
      </pyramid>
    </image>
    <image id="30">
      <extent>
        <left>2507674.0081421691</left>
        <top>1139156.2992051917</top>
        <right>2507713.1144296974</right>
        <bottom>1139115.468386177</bottom>
      </extent>
      <center>
        <x>2507694.6257433835</x>
        <y>1139136.1643476265</y>
      </center>
      <pyramid>
        <level index="0" path="0/c30.tif" mask="0/m30.tif"/>
        <level index="1" path="1/c30.tif" mask="1/m30.tif"/>
        <level index="2" path="2/c30.tif" mask="2/m30.tif"/>
        <level index="3" path="3/c30.tif" mask="3/m30.tif"/>
        <level index="4" path="4/c30.tif" mask="4/m30.tif"/>
        <level index="5" path="5/c30.tif" mask="5/m30.tif"/>
        <level index="6" path="6/c30.tif" mask="6/m30.tif"/>
        <level index="7" path="7/c30.tif" mask="7/m30.tif"/>
        <level index="8" path="8/c30.tif" mask="8/m30.tif"/>
        <level index="9" path="9/c30.tif" mask="9/m30.tif"/>
      </pyramid>
    </image>
    <image id="27">
      <extent>
        <left>2507658.5888018203</left>
        <top>1139165.3276347378</top>
        <right>2507697.6443678341</right>
        <bottom>1139124.4968157231</bottom>
      </extent>
      <center>
        <x>2507679.2086630333</x>
        <y>1139145.3031399089</y>
      </center>
      <pyramid>
        <level index="0" path="0/c27.tif" mask="0/m27.tif"/>
        <level index="1" path="1/c27.tif" mask="1/m27.tif"/>
        <level index="2" path="2/c27.tif" mask="2/m27.tif"/>
        <level index="3" path="3/c27.tif" mask="3/m27.tif"/>
        <level index="4" path="4/c27.tif" mask="4/m27.tif"/>
        <level index="5" path="5/c27.tif" mask="5/m27.tif"/>
        <level index="6" path="6/c27.tif" mask="6/m27.tif"/>
        <level index="7" path="7/c27.tif" mask="7/m27.tif"/>
        <level index="8" path="8/c27.tif" mask="8/m27.tif"/>
        <level index="9" path="9/c27.tif" mask="9/m27.tif"/>
      </pyramid>
    </image>
    <image id="23">
      <extent>
        <left>2507638.6045251847</left>
        <top>1139177.1964690848</top>
        <right>2507677.8122557416</right>
        <bottom>1139136.4163715846</bottom>
      </extent>
      <center>
        <x>2507658.8211162258</x>
        <y>1139157.6104632174</y>
      </center>
      <pyramid>
        <level index="0" path="0/c23.tif" mask="0/m23.tif"/>
        <level index="1" path="1/c23.tif" mask="1/m23.tif"/>
        <level index="2" path="2/c23.tif" mask="2/m23.tif"/>
        <level index="3" path="3/c23.tif" mask="3/m23.tif"/>
        <level index="4" path="4/c23.tif" mask="4/m23.tif"/>
        <level index="5" path="5/c23.tif" mask="5/m23.tif"/>
        <level index="6" path="6/c23.tif" mask="6/m23.tif"/>
        <level index="7" path="7/c23.tif" mask="7/m23.tif"/>
        <level index="8" path="8/c23.tif" mask="8/m23.tif"/>
        <level index="9" path="9/c23.tif" mask="9/m23.tif"/>
      </pyramid>
    </image>
    <image id="21">
      <extent>
        <left>2507628.3080577813</left>
        <top>1139183.6381014015</top>
        <right>2507667.3129022811</right>
        <bottom>1139142.8072823868</bottom>
      </extent>
      <center>
        <x>2507648.1131270193</x>
        <y>1139163.9289570362</y>
      </center>
      <pyramid>
        <level index="0" path="0/c21.tif" mask="0/m21.tif"/>
        <level index="1" path="1/c21.tif" mask="1/m21.tif"/>
        <level index="2" path="2/c21.tif" mask="2/m21.tif"/>
        <level index="3" path="3/c21.tif" mask="3/m21.tif"/>
        <level index="4" path="4/c21.tif" mask="4/m21.tif"/>
        <level index="5" path="5/c21.tif" mask="5/m21.tif"/>
        <level index="6" path="6/c21.tif" mask="6/m21.tif"/>
        <level index="7" path="7/c21.tif" mask="7/m21.tif"/>
        <level index="8" path="8/c21.tif" mask="8/m21.tif"/>
        <level index="9" path="9/c21.tif" mask="9/m21.tif"/>
      </pyramid>
    </image>
    <image id="24">
      <extent>
        <left>2507643.3723475295</left>
        <top>1139174.3560642838</top>
        <right>2507682.6815211149</right>
        <bottom>1139133.4745237548</bottom>
      </extent>
      <center>
        <x>2507663.5759819206</x>
        <y>1139154.720940704</y>
      </center>
      <pyramid>
        <level index="0" path="0/c24.tif" mask="0/m24.tif"/>
        <level index="1" path="1/c24.tif" mask="1/m24.tif"/>
        <level index="2" path="2/c24.tif" mask="2/m24.tif"/>
        <level index="3" path="3/c24.tif" mask="3/m24.tif"/>
        <level index="4" path="4/c24.tif" mask="4/m24.tif"/>
        <level index="5" path="5/c24.tif" mask="5/m24.tif"/>
        <level index="6" path="6/c24.tif" mask="6/m24.tif"/>
        <level index="7" path="7/c24.tif" mask="7/m24.tif"/>
        <level index="8" path="8/c24.tif" mask="8/m24.tif"/>
        <level index="9" path="9/c24.tif" mask="9/m24.tif"/>
      </pyramid>
    </image>
    <image id="26">
      <extent>
        <left>2507653.5166503903</left>
        <top>1139168.2694825674</top>
        <right>2507692.6736594331</right>
        <bottom>1139127.4386635527</bottom>
      </extent>
      <center>
        <x>2507674.0710375067</x>
        <y>1139148.307814294</y>
      </center>
      <pyramid>
        <level index="0" path="0/c26.tif" mask="0/m26.tif"/>
        <level index="1" path="1/c26.tif" mask="1/m26.tif"/>
        <level index="2" path="2/c26.tif" mask="2/m26.tif"/>
        <level index="3" path="3/c26.tif" mask="3/m26.tif"/>
        <level index="4" path="4/c26.tif" mask="4/m26.tif"/>
        <level index="5" path="5/c26.tif" mask="5/m26.tif"/>
        <level index="6" path="6/c26.tif" mask="6/m26.tif"/>
        <level index="7" path="7/c26.tif" mask="7/m26.tif"/>
        <level index="8" path="8/c26.tif" mask="8/m26.tif"/>
        <level index="9" path="9/c26.tif" mask="9/m26.tif"/>
      </pyramid>
    </image>
    <image id="20">
      <extent>
        <left>2507623.2359063509</left>
        <top>1139186.3770631738</top>
        <right>2507662.2407508506</right>
        <bottom>1139145.9012947592</bottom>
      </extent>
      <center>
        <x>2507643.007637864</x>
        <y>1139167.1457027181</y>
      </center>
      <pyramid>
        <level index="0" path="0/c20.tif" mask="0/m20.tif"/>
        <level index="1" path="1/c20.tif" mask="1/m20.tif"/>
        <level index="2" path="2/c20.tif" mask="2/m20.tif"/>
        <level index="3" path="3/c20.tif" mask="3/m20.tif"/>
        <level index="4" path="4/c20.tif" mask="4/m20.tif"/>
        <level index="5" path="5/c20.tif" mask="5/m20.tif"/>
        <level index="6" path="6/c20.tif" mask="6/m20.tif"/>
        <level index="7" path="7/c20.tif" mask="7/m20.tif"/>
        <level index="8" path="8/c20.tif" mask="8/m20.tif"/>
        <level index="9" path="9/c20.tif" mask="9/m20.tif"/>
      </pyramid>
    </image>
    <image id="25">
      <extent>
        <left>2507648.5459419885</left>
        <top>1139171.1606088828</top>
        <right>2507687.6015080023</right>
        <bottom>1139130.4312328969</bottom>
      </extent>
      <center>
        <x>2507668.8347133473</x>
        <y>1139151.455746823</y>
      </center>
      <pyramid>
        <level index="0" path="0/c25.tif" mask="0/m25.tif"/>
        <level index="1" path="1/c25.tif" mask="1/m25.tif"/>
        <level index="2" path="2/c25.tif" mask="2/m25.tif"/>
        <level index="3" path="3/c25.tif" mask="3/m25.tif"/>
        <level index="4" path="4/c25.tif" mask="4/m25.tif"/>
        <level index="5" path="5/c25.tif" mask="5/m25.tif"/>
        <level index="6" path="6/c25.tif" mask="6/m25.tif"/>
        <level index="7" path="7/c25.tif" mask="7/m25.tif"/>
        <level index="8" path="8/c25.tif" mask="8/m25.tif"/>
        <level index="9" path="9/c25.tif" mask="9/m25.tif"/>
      </pyramid>
    </image>
    <image id="22">
      <extent>
        <left>2507634.3946394976</left>
        <top>1139179.7832663143</top>
        <right>2507673.1965979403</right>
        <bottom>1139139.1553333569</bottom>
      </extent>
      <center>
        <x>2507654.2320055291</x>
        <y>1139160.2973130771</y>
      </center>
      <pyramid>
        <level index="0" path="0/c22.tif" mask="0/m22.tif"/>
        <level index="1" path="1/c22.tif" mask="1/m22.tif"/>
        <level index="2" path="2/c22.tif" mask="2/m22.tif"/>
        <level index="3" path="3/c22.tif" mask="3/m22.tif"/>
        <level index="4" path="4/c22.tif" mask="4/m22.tif"/>
        <level index="5" path="5/c22.tif" mask="5/m22.tif"/>
        <level index="6" path="6/c22.tif" mask="6/m22.tif"/>
        <level index="7" path="7/c22.tif" mask="7/m22.tif"/>
        <level index="8" path="8/c22.tif" mask="8/m22.tif"/>
        <level index="9" path="9/c22.tif" mask="9/m22.tif"/>
      </pyramid>
    </image>
  </images>
</orthomosaic>
