<?xml version="1.0" encoding="UTF-8"?>
<orthomosaic version="1.2.0">
  <images level_count="10">
    <image id="175">
      <extent>
        <left>2507720.4183277567</left>
        <top>1139165.3783562521</top>
        <right>2507759.4231722564</right>
        <bottom>1139124.2432081518</bottom>
      </extent>
      <center>
        <x>2507741.4420182984</x>
        <y>1139145.2549732272</y>
      </center>
      <pyramid>
        <level index="0" path="0/c175.tif" mask="0/m175.tif"/>
        <level index="1" path="1/c175.tif" mask="1/m175.tif"/>
        <level index="2" path="2/c175.tif" mask="2/m175.tif"/>
        <level index="3" path="3/c175.tif" mask="3/m175.tif"/>
        <level index="4" path="4/c175.tif" mask="4/m175.tif"/>
        <level index="5" path="5/c175.tif" mask="5/m175.tif"/>
        <level index="6" path="6/c175.tif" mask="6/m175.tif"/>
        <level index="7" path="7/c175.tif" mask="7/m175.tif"/>
        <level index="8" path="8/c175.tif" mask="8/m175.tif"/>
        <level index="9" path="9/c175.tif" mask="9/m175.tif"/>
      </pyramid>
    </image>
    <image id="180">
      <extent>
        <left>2507706.5713543519</left>
        <top>1139163.7552677942</top>
        <right>2507745.8298064233</right>
        <bottom>1139122.5693981794</bottom>
      </extent>
      <center>
        <x>2507727.1097217053</x>
        <y>1139143.5497215064</y>
      </center>
      <pyramid>
        <level index="0" path="0/c180.tif" mask="0/m180.tif"/>
        <level index="1" path="1/c180.tif" mask="1/m180.tif"/>
        <level index="2" path="2/c180.tif" mask="2/m180.tif"/>
        <level index="3" path="3/c180.tif" mask="3/m180.tif"/>
        <level index="4" path="4/c180.tif" mask="4/m180.tif"/>
        <level index="5" path="5/c180.tif" mask="5/m180.tif"/>
        <level index="6" path="6/c180.tif" mask="6/m180.tif"/>
        <level index="7" path="7/c180.tif" mask="7/m180.tif"/>
        <level index="8" path="8/c180.tif" mask="8/m180.tif"/>
        <level index="9" path="9/c180.tif" mask="9/m180.tif"/>
      </pyramid>
    </image>
    <image id="176">
      <extent>
        <left>2507719.3024544423</left>
        <top>1139165.3276347378</top>
        <right>2507758.8145140852</right>
        <bottom>1139123.8881575516</bottom>
      </extent>
      <center>
        <x>2507740.3285274133</x>
        <y>1139144.8554684706</y>
      </center>
      <pyramid>
        <level index="0" path="0/c176.tif" mask="0/m176.tif"/>
        <level index="1" path="1/c176.tif" mask="1/m176.tif"/>
        <level index="2" path="2/c176.tif" mask="2/m176.tif"/>
        <level index="3" path="3/c176.tif" mask="3/m176.tif"/>
        <level index="4" path="4/c176.tif" mask="4/m176.tif"/>
        <level index="5" path="5/c176.tif" mask="5/m176.tif"/>
        <level index="6" path="6/c176.tif" mask="6/m176.tif"/>
        <level index="7" path="7/c176.tif" mask="7/m176.tif"/>
        <level index="8" path="8/c176.tif" mask="8/m176.tif"/>
        <level index="9" path="9/c176.tif" mask="9/m176.tif"/>
      </pyramid>
    </image>
    <image id="174">
      <extent>
        <left>2507716.3098850981</left>
        <top>1139167.7622674243</top>
        <right>2507756.1769953412</right>
        <bottom>1139126.4749547809</bottom>
      </extent>
      <center>
        <x>2507737.4788359366</x>
        <y>1139147.8204116733</y>
      </center>
      <pyramid>
        <level index="0" path="0/c174.tif" mask="0/m174.tif"/>
        <level index="1" path="1/c174.tif" mask="1/m174.tif"/>
        <level index="2" path="2/c174.tif" mask="2/m174.tif"/>
        <level index="3" path="3/c174.tif" mask="3/m174.tif"/>
        <level index="4" path="4/c174.tif" mask="4/m174.tif"/>
        <level index="5" path="5/c174.tif" mask="5/m174.tif"/>
        <level index="6" path="6/c174.tif" mask="6/m174.tif"/>
        <level index="7" path="7/c174.tif" mask="7/m174.tif"/>
        <level index="8" path="8/c174.tif" mask="8/m174.tif"/>
        <level index="9" path="9/c174.tif" mask="9/m174.tif"/>
      </pyramid>
    </image>
    <image id="171">
      <extent>
        <left>2507701.9049750362</left>
        <top>1139177.1457475706</top>
        <right>2507741.2141486215</right>
        <bottom>1139135.9091564415</bottom>
      </extent>
      <center>
        <x>2507722.6631018799</x>
        <y>1139157.4145192788</y>
      </center>
      <pyramid>
        <level index="0" path="0/c171.tif" mask="0/m171.tif"/>
        <level index="1" path="1/c171.tif" mask="1/m171.tif"/>
        <level index="2" path="2/c171.tif" mask="2/m171.tif"/>
        <level index="3" path="3/c171.tif" mask="3/m171.tif"/>
        <level index="4" path="4/c171.tif" mask="4/m171.tif"/>
        <level index="5" path="5/c171.tif" mask="5/m171.tif"/>
        <level index="6" path="6/c171.tif" mask="6/m171.tif"/>
        <level index="7" path="7/c171.tif" mask="7/m171.tif"/>
        <level index="8" path="8/c171.tif" mask="8/m171.tif"/>
        <level index="9" path="9/c171.tif" mask="9/m171.tif"/>
      </pyramid>
    </image>
    <image id="165">
      <extent>
        <left>2507672.5879397686</left>
        <top>1139196.4706445204</top>
        <right>2507712.1507209255</right>
        <bottom>1139155.33549642</bottom>
      </extent>
      <center>
        <x>2507693.1737102009</x>
        <y>1139177.0055360685</y>
      </center>
      <pyramid>
        <level index="0" path="0/c165.tif" mask="0/m165.tif"/>
        <level index="1" path="1/c165.tif" mask="1/m165.tif"/>
        <level index="2" path="2/c165.tif" mask="2/m165.tif"/>
        <level index="3" path="3/c165.tif" mask="3/m165.tif"/>
        <level index="4" path="4/c165.tif" mask="4/m165.tif"/>
        <level index="5" path="5/c165.tif" mask="5/m165.tif"/>
        <level index="6" path="6/c165.tif" mask="6/m165.tif"/>
        <level index="7" path="7/c165.tif" mask="7/m165.tif"/>
        <level index="8" path="8/c165.tif" mask="8/m165.tif"/>
        <level index="9" path="9/c165.tif" mask="9/m165.tif"/>
      </pyramid>
    </image>
    <image id="169">
      <extent>
        <left>2507692.1664442895</left>
        <top>1139183.6381014015</top>
        <right>2507731.6785039324</right>
        <bottom>1139142.4015102724</bottom>
      </extent>
      <center>
        <x>2507713.0839469973</x>
        <y>1139163.8599863173</y>
      </center>
      <pyramid>
        <level index="0" path="0/c169.tif" mask="0/m169.tif"/>
        <level index="1" path="1/c169.tif" mask="1/m169.tif"/>
        <level index="2" path="2/c169.tif" mask="2/m169.tif"/>
        <level index="3" path="3/c169.tif" mask="3/m169.tif"/>
        <level index="4" path="4/c169.tif" mask="4/m169.tif"/>
        <level index="5" path="5/c169.tif" mask="5/m169.tif"/>
        <level index="6" path="6/c169.tif" mask="6/m169.tif"/>
        <level index="7" path="7/c169.tif" mask="7/m169.tif"/>
        <level index="8" path="8/c169.tif" mask="8/m169.tif"/>
        <level index="9" path="9/c169.tif" mask="9/m169.tif"/>
      </pyramid>
    </image>
    <image id="179">
      <extent>
        <left>2507711.2377336677</left>
        <top>1139160.8641414789</top>
        <right>2507750.6990717961</right>
        <bottom>1139119.475385807</bottom>
      </extent>
      <center>
        <x>2507732.1932296604</x>
        <y>1139140.3450146408</y>
      </center>
      <pyramid>
        <level index="0" path="0/c179.tif" mask="0/m179.tif"/>
        <level index="1" path="1/c179.tif" mask="1/m179.tif"/>
        <level index="2" path="2/c179.tif" mask="2/m179.tif"/>
        <level index="3" path="3/c179.tif" mask="3/m179.tif"/>
        <level index="4" path="4/c179.tif" mask="4/m179.tif"/>
        <level index="5" path="5/c179.tif" mask="5/m179.tif"/>
        <level index="6" path="6/c179.tif" mask="6/m179.tif"/>
        <level index="7" path="7/c179.tif" mask="7/m179.tif"/>
        <level index="8" path="8/c179.tif" mask="8/m179.tif"/>
        <level index="9" path="9/c179.tif" mask="9/m179.tif"/>
      </pyramid>
    </image>
    <image id="166">
      <extent>
        <left>2507677.4064836274</left>
        <top>1139193.2244676049</top>
        <right>2507717.0199862989</right>
        <bottom>1139152.2414840474</bottom>
      </extent>
      <center>
        <x>2507698.1748237479</x>
        <y>1139173.6782371213</y>
      </center>
      <pyramid>
        <level index="0" path="0/c166.tif" mask="0/m166.tif"/>
        <level index="1" path="1/c166.tif" mask="1/m166.tif"/>
        <level index="2" path="2/c166.tif" mask="2/m166.tif"/>
        <level index="3" path="3/c166.tif" mask="3/m166.tif"/>
        <level index="4" path="4/c166.tif" mask="4/m166.tif"/>
        <level index="5" path="5/c166.tif" mask="5/m166.tif"/>
        <level index="6" path="6/c166.tif" mask="6/m166.tif"/>
        <level index="7" path="7/c166.tif" mask="7/m166.tif"/>
        <level index="8" path="8/c166.tif" mask="8/m166.tif"/>
        <level index="9" path="9/c166.tif" mask="9/m166.tif"/>
      </pyramid>
    </image>
    <image id="172">
      <extent>
        <left>2507706.5713543519</left>
        <top>1139174.2038997409</top>
        <right>2507746.0326924804</right>
        <bottom>1139132.7644225548</bottom>
      </extent>
      <center>
        <x>2507727.749657454</x>
        <y>1139154.214997513</y>
      </center>
      <pyramid>
        <level index="0" path="0/c172.tif" mask="0/m172.tif"/>
        <level index="1" path="1/c172.tif" mask="1/m172.tif"/>
        <level index="2" path="2/c172.tif" mask="2/m172.tif"/>
        <level index="3" path="3/c172.tif" mask="3/m172.tif"/>
        <level index="4" path="4/c172.tif" mask="4/m172.tif"/>
        <level index="5" path="5/c172.tif" mask="5/m172.tif"/>
        <level index="6" path="6/c172.tif" mask="6/m172.tif"/>
        <level index="7" path="7/c172.tif" mask="7/m172.tif"/>
        <level index="8" path="8/c172.tif" mask="8/m172.tif"/>
        <level index="9" path="9/c172.tif" mask="9/m172.tif"/>
      </pyramid>
    </image>
    <image id="164">
      <extent>
        <left>2507667.8201174238</left>
        <top>1139199.6660999213</top>
        <right>2507707.2814555522</right>
        <bottom>1139158.530951821</bottom>
      </extent>
      <center>
        <x>2507688.3576404694</x>
        <y>1139180.2809420414</y>
      </center>
      <pyramid>
        <level index="0" path="0/c164.tif" mask="0/m164.tif"/>
        <level index="1" path="1/c164.tif" mask="1/m164.tif"/>
        <level index="2" path="2/c164.tif" mask="2/m164.tif"/>
        <level index="3" path="3/c164.tif" mask="3/m164.tif"/>
        <level index="4" path="4/c164.tif" mask="4/m164.tif"/>
        <level index="5" path="5/c164.tif" mask="5/m164.tif"/>
        <level index="6" path="6/c164.tif" mask="6/m164.tif"/>
        <level index="7" path="7/c164.tif" mask="7/m164.tif"/>
        <level index="8" path="8/c164.tif" mask="8/m164.tif"/>
        <level index="9" path="9/c164.tif" mask="9/m164.tif"/>
      </pyramid>
    </image>
    <image id="178">
      <extent>
        <left>2507714.5346320975</left>
        <top>1139158.4295087925</top>
        <right>2507754.2495777975</right>
        <bottom>1139117.3450822064</bottom>
      </extent>
      <center>
        <x>2507735.6621378753</x>
        <y>1139138.006719664</y>
      </center>
      <pyramid>
        <level index="0" path="0/c178.tif" mask="0/m178.tif"/>
        <level index="1" path="1/c178.tif" mask="1/m178.tif"/>
        <level index="2" path="2/c178.tif" mask="2/m178.tif"/>
        <level index="3" path="3/c178.tif" mask="3/m178.tif"/>
        <level index="4" path="4/c178.tif" mask="4/m178.tif"/>
        <level index="5" path="5/c178.tif" mask="5/m178.tif"/>
        <level index="6" path="6/c178.tif" mask="6/m178.tif"/>
        <level index="7" path="7/c178.tif" mask="7/m178.tif"/>
        <level index="8" path="8/c178.tif" mask="8/m178.tif"/>
        <level index="9" path="9/c178.tif" mask="9/m178.tif"/>
      </pyramid>
    </image>
    <image id="177">
      <extent>
        <left>2507715.2447332977</left>
        <top>1139159.849711193</top>
        <right>2507754.9089574832</right>
        <bottom>1139118.2073479495</bottom>
      </extent>
      <center>
        <x>2507736.6639780253</x>
        <y>1139139.3293515695</y>
      </center>
      <pyramid>
        <level index="0" path="0/c177.tif" mask="0/m177.tif"/>
        <level index="1" path="1/c177.tif" mask="1/m177.tif"/>
        <level index="2" path="2/c177.tif" mask="2/m177.tif"/>
        <level index="3" path="3/c177.tif" mask="3/m177.tif"/>
        <level index="4" path="4/c177.tif" mask="4/m177.tif"/>
        <level index="5" path="5/c177.tif" mask="5/m177.tif"/>
        <level index="6" path="6/c177.tif" mask="6/m177.tif"/>
        <level index="7" path="7/c177.tif" mask="7/m177.tif"/>
        <level index="8" path="8/c177.tif" mask="8/m177.tif"/>
        <level index="9" path="9/c177.tif" mask="9/m177.tif"/>
      </pyramid>
    </image>
    <image id="168">
      <extent>
        <left>2507687.1957358881</left>
        <top>1139186.8335568025</top>
        <right>2507726.707795531</right>
        <bottom>1139145.6476871877</bottom>
      </extent>
      <center>
        <x>2507708.0980288219</x>
        <y>1139167.1286409996</y>
      </center>
      <pyramid>
        <level index="0" path="0/c168.tif" mask="0/m168.tif"/>
        <level index="1" path="1/c168.tif" mask="1/m168.tif"/>
        <level index="2" path="2/c168.tif" mask="2/m168.tif"/>
        <level index="3" path="3/c168.tif" mask="3/m168.tif"/>
        <level index="4" path="4/c168.tif" mask="4/m168.tif"/>
        <level index="5" path="5/c168.tif" mask="5/m168.tif"/>
        <level index="6" path="6/c168.tif" mask="6/m168.tif"/>
        <level index="7" path="7/c168.tif" mask="7/m168.tif"/>
        <level index="8" path="8/c168.tif" mask="8/m168.tif"/>
        <level index="9" path="9/c168.tif" mask="9/m168.tif"/>
      </pyramid>
    </image>
    <image id="170">
      <extent>
        <left>2507696.8835451198</left>
        <top>1139180.3412029718</top>
        <right>2507736.3448832482</right>
        <bottom>1139139.0538903284</bottom>
      </extent>
      <center>
        <x>2507717.8304055016</x>
        <y>1139160.5890639222</y>
      </center>
      <pyramid>
        <level index="0" path="0/c170.tif" mask="0/m170.tif"/>
        <level index="1" path="1/c170.tif" mask="1/m170.tif"/>
        <level index="2" path="2/c170.tif" mask="2/m170.tif"/>
        <level index="3" path="3/c170.tif" mask="3/m170.tif"/>
        <level index="4" path="4/c170.tif" mask="4/m170.tif"/>
        <level index="5" path="5/c170.tif" mask="5/m170.tif"/>
        <level index="6" path="6/c170.tif" mask="6/m170.tif"/>
        <level index="7" path="7/c170.tif" mask="7/m170.tif"/>
        <level index="8" path="8/c170.tif" mask="8/m170.tif"/>
        <level index="9" path="9/c170.tif" mask="9/m170.tif"/>
      </pyramid>
    </image>
    <image id="181">
      <extent>
        <left>2507701.7528104931</left>
        <top>1139167.0014447097</top>
        <right>2507741.0112625645</right>
        <bottom>1139125.8662966094</bottom>
      </extent>
      <center>
        <x>2507722.3494084384</x>
        <y>1139146.682180139</y>
      </center>
      <pyramid>
        <level index="0" path="0/c181.tif" mask="0/m181.tif"/>
        <level index="1" path="1/c181.tif" mask="1/m181.tif"/>
        <level index="2" path="2/c181.tif" mask="2/m181.tif"/>
        <level index="3" path="3/c181.tif" mask="3/m181.tif"/>
        <level index="4" path="4/c181.tif" mask="4/m181.tif"/>
        <level index="5" path="5/c181.tif" mask="5/m181.tif"/>
        <level index="6" path="6/c181.tif" mask="6/m181.tif"/>
        <level index="7" path="7/c181.tif" mask="7/m181.tif"/>
        <level index="8" path="8/c181.tif" mask="8/m181.tif"/>
        <level index="9" path="9/c181.tif" mask="9/m181.tif"/>
      </pyramid>
    </image>
    <image id="182">
      <extent>
        <left>2507696.8835451198</left>
        <top>1139170.1969001109</top>
        <right>2507736.0912756766</right>
        <bottom>1139129.1631950391</bottom>
      </extent>
      <center>
        <x>2507717.4638744928</x>
        <y>1139149.8970589675</y>
      </center>
      <pyramid>
        <level index="0" path="0/c182.tif" mask="0/m182.tif"/>
        <level index="1" path="1/c182.tif" mask="1/m182.tif"/>
        <level index="2" path="2/c182.tif" mask="2/m182.tif"/>
        <level index="3" path="3/c182.tif" mask="3/m182.tif"/>
        <level index="4" path="4/c182.tif" mask="4/m182.tif"/>
        <level index="5" path="5/c182.tif" mask="5/m182.tif"/>
        <level index="6" path="6/c182.tif" mask="6/m182.tif"/>
        <level index="7" path="7/c182.tif" mask="7/m182.tif"/>
        <level index="8" path="8/c182.tif" mask="8/m182.tif"/>
        <level index="9" path="9/c182.tif" mask="9/m182.tif"/>
      </pyramid>
    </image>
    <image id="167">
      <extent>
        <left>2507682.4279135433</left>
        <top>1139190.0290122037</top>
        <right>2507722.0414162148</right>
        <bottom>1139148.8431425889</bottom>
      </extent>
      <center>
        <x>2507703.1380548533</x>
        <y>1139170.3754142332</y>
      </center>
      <pyramid>
        <level index="0" path="0/c167.tif" mask="0/m167.tif"/>
        <level index="1" path="1/c167.tif" mask="1/m167.tif"/>
        <level index="2" path="2/c167.tif" mask="2/m167.tif"/>
        <level index="3" path="3/c167.tif" mask="3/m167.tif"/>
        <level index="4" path="4/c167.tif" mask="4/m167.tif"/>
        <level index="5" path="5/c167.tif" mask="5/m167.tif"/>
        <level index="6" path="6/c167.tif" mask="6/m167.tif"/>
        <level index="7" path="7/c167.tif" mask="7/m167.tif"/>
        <level index="8" path="8/c167.tif" mask="8/m167.tif"/>
        <level index="9" path="9/c167.tif" mask="9/m167.tif"/>
      </pyramid>
    </image>
    <image id="163">
      <extent>
        <left>2507662.9508520504</left>
        <top>1139202.9122768368</top>
        <right>2507702.4121901789</right>
        <bottom>1139161.8278502508</bottom>
      </extent>
      <center>
        <x>2507683.3705525063</x>
        <y>1139183.6131419321</y>
      </center>
      <pyramid>
        <level index="0" path="0/c163.tif" mask="0/m163.tif"/>
        <level index="1" path="1/c163.tif" mask="1/m163.tif"/>
        <level index="2" path="2/c163.tif" mask="2/m163.tif"/>
        <level index="3" path="3/c163.tif" mask="3/m163.tif"/>
        <level index="4" path="4/c163.tif" mask="4/m163.tif"/>
        <level index="5" path="5/c163.tif" mask="5/m163.tif"/>
        <level index="6" path="6/c163.tif" mask="6/m163.tif"/>
        <level index="7" path="7/c163.tif" mask="7/m163.tif"/>
        <level index="8" path="8/c163.tif" mask="8/m163.tif"/>
        <level index="9" path="9/c163.tif" mask="9/m163.tif"/>
      </pyramid>
    </image>
    <image id="173">
      <extent>
        <left>2507711.4913412393</left>
        <top>1139170.9070013112</top>
        <right>2507750.9526793677</right>
        <bottom>1139129.5689671536</bottom>
      </extent>
      <center>
        <x>2507732.645208789</x>
        <y>1139150.977160054</y>
      </center>
      <pyramid>
        <level index="0" path="0/c173.tif" mask="0/m173.tif"/>
        <level index="1" path="1/c173.tif" mask="1/m173.tif"/>
        <level index="2" path="2/c173.tif" mask="2/m173.tif"/>
        <level index="3" path="3/c173.tif" mask="3/m173.tif"/>
        <level index="4" path="4/c173.tif" mask="4/m173.tif"/>
        <level index="5" path="5/c173.tif" mask="5/m173.tif"/>
        <level index="6" path="6/c173.tif" mask="6/m173.tif"/>
        <level index="7" path="7/c173.tif" mask="7/m173.tif"/>
        <level index="8" path="8/c173.tif" mask="8/m173.tif"/>
        <level index="9" path="9/c173.tif" mask="9/m173.tif"/>
      </pyramid>
    </image>
  </images>
</orthomosaic>
