<?xml version="1.0" encoding="UTF-8"?>
<elevation version="1.2.0">
  <params>
    <crs>PROJCS["CH1903+ / LV95",GEOGCS["CH1903+",DATUM["CH1903+",SPHEROID["Bessel 1841",6377397.155,299.1528128,AUTHORITY["EPSG","7004"]],TOWGS84[674.374,15.056,405.346,0,0,0,0],AUTHORITY["EPSG","6150"]],PRIMEM["Greenwich",0,AUTHORITY["EPSG","8901"]],UNIT["degree",0.01745329251994328,AUTHORITY["EPSG","9102"]],AUTHORITY["EPSG","4150"]],PROJECTION["Oblique_Mercator",AUTHORITY["EPSG","9815"]],PARAMETER["latitude_of_center",46.95240555555561],PARAMETER["longitude_of_center",7.439583333333329],PARAMETER["azimuth",90],PARAMETER["recitified_grid_angle",90],PARAMETER["scale_factor",1],PARAMETER["false_easting",2600000],PARAMETER["false_northing",1200000],UNIT["metre",1,AUTHORITY["EPSG","9001"]],AUTHORITY["EPSG","2056"]]</crs>
    <extent>
      <left>2507471.0991089735</left>
      <top>1139280.2564930047</top>
      <right>2507910.8156909733</right>
      <bottom>1138948.4196690046</bottom>
    </extent>
    <dimensions>
      <width>2682</width>
      <height>2024</height>
      <tileWidth>4096</tileWidth>
      <tileHeight>4096</tileHeight>
    </dimensions>
    <levelCount>10</levelCount>
    <tileLevelCount>5</tileLevelCount>
    <nodataValue>-32767</nodataValue>
    <minValue>418.027161</minValue>
    <maxValue>438.469421</maxValue>
  </params>
  <tiles>
    <tile x="0" y="0">
      <path>tile-0-0.tif</path>
    </tile>
    <tile x="0" y="0" level="5">
      <path>tile-l5-0-0.tif</path>
    </tile>
  </tiles>
  <meta>
    <property name="Info/LastSavedDateTime" value="2023:02:28 10:27:13"/>
    <property name="Info/LastSavedSoftwareVersion" value="1.7.3.12473"/>
  </meta>
</elevation>
