<?xml version="1.0" encoding="UTF-8"?>
<orthomosaic version="1.2.0">
  <images level_count="10">
    <image id="14">
      <extent>
        <left>2507600.5126686618</left>
        <top>1139202.4540204466</top>
        <right>2507639.1623119242</right>
        <bottom>1139162.4349016359</bottom>
      </extent>
      <center>
        <x>2507619.823451208</x>
        <y>1139183.3106917436</y>
      </center>
      <pyramid>
        <level index="0" path="0/c14.tif" mask="0/m14.tif"/>
        <level index="1" path="1/c14.tif" mask="1/m14.tif"/>
        <level index="2" path="2/c14.tif" mask="2/m14.tif"/>
        <level index="3" path="3/c14.tif" mask="3/m14.tif"/>
        <level index="4" path="4/c14.tif" mask="4/m14.tif"/>
        <level index="5" path="5/c14.tif" mask="5/m14.tif"/>
        <level index="6" path="6/c14.tif" mask="6/m14.tif"/>
        <level index="7" path="7/c14.tif" mask="7/m14.tif"/>
        <level index="8" path="8/c14.tif" mask="8/m14.tif"/>
        <level index="9" path="9/c14.tif" mask="9/m14.tif"/>
      </pyramid>
    </image>
    <image id="0">
      <extent>
        <left>2507664.472248916</left>
        <top>1139172.071951793</top>
        <right>2507703.3247774448</right>
        <bottom>1139131.5963411327</bottom>
      </extent>
      <center>
        <x>2507684.6766095124</x>
        <y>1139152.1922949571</y>
      </center>
      <pyramid>
        <level index="0" path="0/c0.tif" mask="0/m0.tif"/>
        <level index="1" path="1/c0.tif" mask="1/m0.tif"/>
        <level index="2" path="2/c0.tif" mask="2/m0.tif"/>
        <level index="3" path="3/c0.tif" mask="3/m0.tif"/>
        <level index="4" path="4/c0.tif" mask="4/m0.tif"/>
        <level index="5" path="5/c0.tif" mask="5/m0.tif"/>
        <level index="6" path="6/c0.tif" mask="6/m0.tif"/>
        <level index="7" path="7/c0.tif" mask="7/m0.tif"/>
        <level index="8" path="8/c0.tif" mask="8/m0.tif"/>
        <level index="9" path="9/c0.tif" mask="9/m0.tif"/>
      </pyramid>
    </image>
    <image id="9">
      <extent>
        <left>2507618.670900011</left>
        <top>1139200.5773317318</top>
        <right>2507657.4727072231</right>
        <bottom>1139159.6452292218</bottom>
      </extent>
      <center>
        <x>2507637.8643215839</x>
        <y>1139180.8370100572</y>
      </center>
      <pyramid>
        <level index="0" path="0/c9.tif" mask="0/m9.tif"/>
        <level index="1" path="1/c9.tif" mask="1/m9.tif"/>
        <level index="2" path="2/c9.tif" mask="2/m9.tif"/>
        <level index="3" path="3/c9.tif" mask="3/m9.tif"/>
        <level index="4" path="4/c9.tif" mask="4/m9.tif"/>
        <level index="5" path="5/c9.tif" mask="5/m9.tif"/>
        <level index="6" path="6/c9.tif" mask="6/m9.tif"/>
        <level index="7" path="7/c9.tif" mask="7/m9.tif"/>
        <level index="8" path="8/c9.tif" mask="8/m9.tif"/>
        <level index="9" path="9/c9.tif" mask="9/m9.tif"/>
      </pyramid>
    </image>
    <image id="10">
      <extent>
        <left>2507613.5480470327</left>
        <top>1139203.3670041456</top>
        <right>2507652.451296878</right>
        <bottom>1139163.1957213851</bottom>
      </extent>
      <center>
        <x>2507632.8704386484</x>
        <y>1139184.0709414459</y>
      </center>
      <pyramid>
        <level index="0" path="0/c10.tif" mask="0/m10.tif"/>
        <level index="1" path="1/c10.tif" mask="1/m10.tif"/>
        <level index="2" path="2/c10.tif" mask="2/m10.tif"/>
        <level index="3" path="3/c10.tif" mask="3/m10.tif"/>
        <level index="4" path="4/c10.tif" mask="4/m10.tif"/>
        <level index="5" path="5/c10.tif" mask="5/m10.tif"/>
        <level index="6" path="6/c10.tif" mask="6/m10.tif"/>
        <level index="7" path="7/c10.tif" mask="7/m10.tif"/>
        <level index="8" path="8/c10.tif" mask="8/m10.tif"/>
        <level index="9" path="9/c10.tif" mask="9/m10.tif"/>
      </pyramid>
    </image>
    <image id="7">
      <extent>
        <left>2507629.0687699174</left>
        <top>1139193.8313966217</top>
        <right>2507668.0734623959</right>
        <bottom>1139153.2543433281</bottom>
      </extent>
      <center>
        <x>2507648.5692377463</x>
        <y>1139174.1409185173</y>
      </center>
      <pyramid>
        <level index="0" path="0/c7.tif" mask="0/m7.tif"/>
        <level index="1" path="1/c7.tif" mask="1/m7.tif"/>
        <level index="2" path="2/c7.tif" mask="2/m7.tif"/>
        <level index="3" path="3/c7.tif" mask="3/m7.tif"/>
        <level index="4" path="4/c7.tif" mask="4/m7.tif"/>
        <level index="5" path="5/c7.tif" mask="5/m7.tif"/>
        <level index="6" path="6/c7.tif" mask="6/m7.tif"/>
        <level index="7" path="7/c7.tif" mask="7/m7.tif"/>
        <level index="8" path="8/c7.tif" mask="8/m7.tif"/>
        <level index="9" path="9/c7.tif" mask="9/m7.tif"/>
      </pyramid>
    </image>
    <image id="8">
      <extent>
        <left>2507623.5401464058</left>
        <top>1139197.2297248351</top>
        <right>2507662.5448388844</right>
        <bottom>1139156.7541141747</bottom>
      </extent>
      <center>
        <x>2507642.9927330092</x>
        <y>1139177.6531285397</y>
      </center>
      <pyramid>
        <level index="0" path="0/c8.tif" mask="0/m8.tif"/>
        <level index="1" path="1/c8.tif" mask="1/m8.tif"/>
        <level index="2" path="2/c8.tif" mask="2/m8.tif"/>
        <level index="3" path="3/c8.tif" mask="3/m8.tif"/>
        <level index="4" path="4/c8.tif" mask="4/m8.tif"/>
        <level index="5" path="5/c8.tif" mask="5/m8.tif"/>
        <level index="6" path="6/c8.tif" mask="6/m8.tif"/>
        <level index="7" path="7/c8.tif" mask="7/m8.tif"/>
        <level index="8" path="8/c8.tif" mask="8/m8.tif"/>
        <level index="9" path="9/c8.tif" mask="9/m8.tif"/>
      </pyramid>
    </image>
    <image id="13">
      <extent>
        <left>2507604.4182100412</left>
        <top>1139208.5912997574</top>
        <right>2507643.0678533036</right>
        <bottom>1139168.2678530468</bottom>
      </extent>
      <center>
        <x>2507623.643476123</x>
        <y>1139188.8867412638</y>
      </center>
      <pyramid>
        <level index="0" path="0/c13.tif" mask="0/m13.tif"/>
        <level index="1" path="1/c13.tif" mask="1/m13.tif"/>
        <level index="2" path="2/c13.tif" mask="2/m13.tif"/>
        <level index="3" path="3/c13.tif" mask="3/m13.tif"/>
        <level index="4" path="4/c13.tif" mask="4/m13.tif"/>
        <level index="5" path="5/c13.tif" mask="5/m13.tif"/>
        <level index="6" path="6/c13.tif" mask="6/m13.tif"/>
        <level index="7" path="7/c13.tif" mask="7/m13.tif"/>
        <level index="8" path="8/c13.tif" mask="8/m13.tif"/>
        <level index="9" path="9/c13.tif" mask="9/m13.tif"/>
      </pyramid>
    </image>
    <image id="12">
      <extent>
        <left>2507604.7732592579</left>
        <top>1139208.5912997574</top>
        <right>2507642.763525404</right>
        <bottom>1139169.1301154294</bottom>
      </extent>
      <center>
        <x>2507623.4989670645</x>
        <y>1139189.977865689</y>
      </center>
      <pyramid>
        <level index="0" path="0/c12.tif" mask="0/m12.tif"/>
        <level index="1" path="1/c12.tif" mask="1/m12.tif"/>
        <level index="2" path="2/c12.tif" mask="2/m12.tif"/>
        <level index="3" path="3/c12.tif" mask="3/m12.tif"/>
        <level index="4" path="4/c12.tif" mask="4/m12.tif"/>
        <level index="5" path="5/c12.tif" mask="5/m12.tif"/>
        <level index="6" path="6/c12.tif" mask="6/m12.tif"/>
        <level index="7" path="7/c12.tif" mask="7/m12.tif"/>
        <level index="8" path="8/c12.tif" mask="8/m12.tif"/>
        <level index="9" path="9/c12.tif" mask="9/m12.tif"/>
      </pyramid>
    </image>
    <image id="15">
      <extent>
        <left>2507599.7518489128</left>
        <top>1139201.4903154308</top>
        <right>2507638.5029348084</right>
        <bottom>1139161.2683113534</bottom>
      </extent>
      <center>
        <x>2507618.8870850746</x>
        <y>1139182.008818018</y>
      </center>
      <pyramid>
        <level index="0" path="0/c15.tif" mask="0/m15.tif"/>
        <level index="1" path="1/c15.tif" mask="1/m15.tif"/>
        <level index="2" path="2/c15.tif" mask="2/m15.tif"/>
        <level index="3" path="3/c15.tif" mask="3/m15.tif"/>
        <level index="4" path="4/c15.tif" mask="4/m15.tif"/>
        <level index="5" path="5/c15.tif" mask="5/m15.tif"/>
        <level index="6" path="6/c15.tif" mask="6/m15.tif"/>
        <level index="7" path="7/c15.tif" mask="7/m15.tif"/>
        <level index="8" path="8/c15.tif" mask="8/m15.tif"/>
        <level index="9" path="9/c15.tif" mask="9/m15.tif"/>
      </pyramid>
    </image>
    <image id="11">
      <extent>
        <left>2507608.5773580042</left>
        <top>1139206.5117257759</top>
        <right>2507647.3791652163</right>
        <bottom>1139166.3404430153</bottom>
      </extent>
      <center>
        <x>2507627.7161935866</x>
        <y>1139187.2602964789</y>
      </center>
      <pyramid>
        <level index="0" path="0/c11.tif" mask="0/m11.tif"/>
        <level index="1" path="1/c11.tif" mask="1/m11.tif"/>
        <level index="2" path="2/c11.tif" mask="2/m11.tif"/>
        <level index="3" path="3/c11.tif" mask="3/m11.tif"/>
        <level index="4" path="4/c11.tif" mask="4/m11.tif"/>
        <level index="5" path="5/c11.tif" mask="5/m11.tif"/>
        <level index="6" path="6/c11.tif" mask="6/m11.tif"/>
        <level index="7" path="7/c11.tif" mask="7/m11.tif"/>
        <level index="8" path="8/c11.tif" mask="8/m11.tif"/>
        <level index="9" path="9/c11.tif" mask="9/m11.tif"/>
      </pyramid>
    </image>
    <image id="2">
      <extent>
        <left>2507653.9222150599</left>
        <top>1139178.5135590034</top>
        <right>2507692.9269075384</right>
        <bottom>1139137.8857843932</bottom>
      </extent>
      <center>
        <x>2507674.183147857</x>
        <y>1139158.4980336691</y>
      </center>
      <pyramid>
        <level index="0" path="0/c2.tif" mask="0/m2.tif"/>
        <level index="1" path="1/c2.tif" mask="1/m2.tif"/>
        <level index="2" path="2/c2.tif" mask="2/m2.tif"/>
        <level index="3" path="3/c2.tif" mask="3/m2.tif"/>
        <level index="4" path="4/c2.tif" mask="4/m2.tif"/>
        <level index="5" path="5/c2.tif" mask="5/m2.tif"/>
        <level index="6" path="6/c2.tif" mask="6/m2.tif"/>
        <level index="7" path="7/c2.tif" mask="7/m2.tif"/>
        <level index="8" path="8/c2.tif" mask="8/m2.tif"/>
        <level index="9" path="9/c2.tif" mask="9/m2.tif"/>
      </pyramid>
    </image>
    <image id="17">
      <extent>
        <left>2507608.2223087875</left>
        <top>1139195.8095279697</top>
        <right>2507647.2777225827</right>
        <bottom>1139155.3339173093</bottom>
      </extent>
      <center>
        <x>2507627.5874608662</x>
        <y>1139176.657218182</y>
      </center>
      <pyramid>
        <level index="0" path="0/c17.tif" mask="0/m17.tif"/>
        <level index="1" path="1/c17.tif" mask="1/m17.tif"/>
        <level index="2" path="2/c17.tif" mask="2/m17.tif"/>
        <level index="3" path="3/c17.tif" mask="3/m17.tif"/>
        <level index="4" path="4/c17.tif" mask="4/m17.tif"/>
        <level index="5" path="5/c17.tif" mask="5/m17.tif"/>
        <level index="6" path="6/c17.tif" mask="6/m17.tif"/>
        <level index="7" path="7/c17.tif" mask="7/m17.tif"/>
        <level index="8" path="8/c17.tif" mask="8/m17.tif"/>
        <level index="9" path="9/c17.tif" mask="9/m17.tif"/>
      </pyramid>
    </image>
    <image id="18">
      <extent>
        <left>2507612.939391233</left>
        <top>1139192.6140850228</top>
        <right>2507651.9440837116</right>
        <bottom>1139152.3413596288</bottom>
      </extent>
      <center>
        <x>2507632.6894973572</x>
        <y>1139173.4330734191</y>
      </center>
      <pyramid>
        <level index="0" path="0/c18.tif" mask="0/m18.tif"/>
        <level index="1" path="1/c18.tif" mask="1/m18.tif"/>
        <level index="2" path="2/c18.tif" mask="2/m18.tif"/>
        <level index="3" path="3/c18.tif" mask="3/m18.tif"/>
        <level index="4" path="4/c18.tif" mask="4/m18.tif"/>
        <level index="5" path="5/c18.tif" mask="5/m18.tif"/>
        <level index="6" path="6/c18.tif" mask="6/m18.tif"/>
        <level index="7" path="7/c18.tif" mask="7/m18.tif"/>
        <level index="8" path="8/c18.tif" mask="8/m18.tif"/>
        <level index="9" path="9/c18.tif" mask="9/m18.tif"/>
      </pyramid>
    </image>
    <image id="16">
      <extent>
        <left>2507603.251619759</left>
        <top>1139198.9035282834</top>
        <right>2507642.1041482878</right>
        <bottom>1139158.6308028894</bottom>
      </extent>
      <center>
        <x>2507622.5402391497</x>
        <y>1139179.8569179093</y>
      </center>
      <pyramid>
        <level index="0" path="0/c16.tif" mask="0/m16.tif"/>
        <level index="1" path="1/c16.tif" mask="1/m16.tif"/>
        <level index="2" path="2/c16.tif" mask="2/m16.tif"/>
        <level index="3" path="3/c16.tif" mask="3/m16.tif"/>
        <level index="4" path="4/c16.tif" mask="4/m16.tif"/>
        <level index="5" path="5/c16.tif" mask="5/m16.tif"/>
        <level index="6" path="6/c16.tif" mask="6/m16.tif"/>
        <level index="7" path="7/c16.tif" mask="7/m16.tif"/>
        <level index="8" path="8/c16.tif" mask="8/m16.tif"/>
        <level index="9" path="9/c16.tif" mask="9/m16.tif"/>
      </pyramid>
    </image>
    <image id="5">
      <extent>
        <left>2507638.8579840246</left>
        <top>1139187.6941173112</top>
        <right>2507677.9133978197</right>
        <bottom>1139147.1677853342</bottom>
      </extent>
      <center>
        <x>2507658.4471092187</x>
        <y>1139167.9309634108</y>
      </center>
      <pyramid>
        <level index="0" path="0/c5.tif" mask="0/m5.tif"/>
        <level index="1" path="1/c5.tif" mask="1/m5.tif"/>
        <level index="2" path="2/c5.tif" mask="2/m5.tif"/>
        <level index="3" path="3/c5.tif" mask="3/m5.tif"/>
        <level index="4" path="4/c5.tif" mask="4/m5.tif"/>
        <level index="5" path="5/c5.tif" mask="5/m5.tif"/>
        <level index="6" path="6/c5.tif" mask="6/m5.tif"/>
        <level index="7" path="7/c5.tif" mask="7/m5.tif"/>
        <level index="8" path="8/c5.tif" mask="8/m5.tif"/>
        <level index="9" path="9/c5.tif" mask="9/m5.tif"/>
      </pyramid>
    </image>
    <image id="6">
      <extent>
        <left>2507633.7351310463</left>
        <top>1139190.9910028912</top>
        <right>2507672.7905448414</right>
        <bottom>1139150.2617856478</bottom>
      </extent>
      <center>
        <x>2507653.285357289</x>
        <y>1139171.1020166562</y>
      </center>
      <pyramid>
        <level index="0" path="0/c6.tif" mask="0/m6.tif"/>
        <level index="1" path="1/c6.tif" mask="1/m6.tif"/>
        <level index="2" path="2/c6.tif" mask="2/m6.tif"/>
        <level index="3" path="3/c6.tif" mask="3/m6.tif"/>
        <level index="4" path="4/c6.tif" mask="4/m6.tif"/>
        <level index="5" path="5/c6.tif" mask="5/m6.tif"/>
        <level index="6" path="6/c6.tif" mask="6/m6.tif"/>
        <level index="7" path="7/c6.tif" mask="7/m6.tif"/>
        <level index="8" path="8/c6.tif" mask="8/m6.tif"/>
        <level index="9" path="9/c6.tif" mask="9/m6.tif"/>
      </pyramid>
    </image>
    <image id="3">
      <extent>
        <left>2507648.9515260314</left>
        <top>1139181.5568380004</top>
        <right>2507687.9054971933</right>
        <bottom>1139140.8783420736</bottom>
      </extent>
      <center>
        <x>2507668.8863433842</x>
        <y>1139161.5917183044</y>
      </center>
      <pyramid>
        <level index="0" path="0/c3.tif" mask="0/m3.tif"/>
        <level index="1" path="1/c3.tif" mask="1/m3.tif"/>
        <level index="2" path="2/c3.tif" mask="2/m3.tif"/>
        <level index="3" path="3/c3.tif" mask="3/m3.tif"/>
        <level index="4" path="4/c3.tif" mask="4/m3.tif"/>
        <level index="5" path="5/c3.tif" mask="5/m3.tif"/>
        <level index="6" path="6/c3.tif" mask="6/m3.tif"/>
        <level index="7" path="7/c3.tif" mask="7/m3.tif"/>
        <level index="8" path="8/c3.tif" mask="8/m3.tif"/>
        <level index="9" path="9/c3.tif" mask="9/m3.tif"/>
      </pyramid>
    </image>
    <image id="4">
      <extent>
        <left>2507643.8793943697</left>
        <top>1139184.6508383141</top>
        <right>2507682.9348081648</right>
        <bottom>1139144.0737850205</bottom>
      </extent>
      <center>
        <x>2507663.6767340023</x>
        <y>1139164.7162831549</y>
      </center>
      <pyramid>
        <level index="0" path="0/c4.tif" mask="0/m4.tif"/>
        <level index="1" path="1/c4.tif" mask="1/m4.tif"/>
        <level index="2" path="2/c4.tif" mask="2/m4.tif"/>
        <level index="3" path="3/c4.tif" mask="3/m4.tif"/>
        <level index="4" path="4/c4.tif" mask="4/m4.tif"/>
        <level index="5" path="5/c4.tif" mask="5/m4.tif"/>
        <level index="6" path="6/c4.tif" mask="6/m4.tif"/>
        <level index="7" path="7/c4.tif" mask="7/m4.tif"/>
        <level index="8" path="8/c4.tif" mask="8/m4.tif"/>
        <level index="9" path="9/c4.tif" mask="9/m4.tif"/>
      </pyramid>
    </image>
    <image id="1">
      <extent>
        <left>2507659.3493959378</left>
        <top>1139175.1152307901</top>
        <right>2507698.2526457831</right>
        <bottom>1139134.6396201297</bottom>
      </extent>
      <center>
        <x>2507679.5695183948</x>
        <y>1139155.1907223032</y>
      </center>
      <pyramid>
        <level index="0" path="0/c1.tif" mask="0/m1.tif"/>
        <level index="1" path="1/c1.tif" mask="1/m1.tif"/>
        <level index="2" path="2/c1.tif" mask="2/m1.tif"/>
        <level index="3" path="3/c1.tif" mask="3/m1.tif"/>
        <level index="4" path="4/c1.tif" mask="4/m1.tif"/>
        <level index="5" path="5/c1.tif" mask="5/m1.tif"/>
        <level index="6" path="6/c1.tif" mask="6/m1.tif"/>
        <level index="7" path="7/c1.tif" mask="7/m1.tif"/>
        <level index="8" path="8/c1.tif" mask="8/m1.tif"/>
        <level index="9" path="9/c1.tif" mask="9/m1.tif"/>
      </pyramid>
    </image>
    <image id="19">
      <extent>
        <left>2507618.0115228947</left>
        <top>1139189.6722486592</top>
        <right>2507657.0669366899</right>
        <bottom>1139149.1459166822</bottom>
      </extent>
      <center>
        <x>2507637.8444039822</x>
        <y>1139170.1726047583</y>
      </center>
      <pyramid>
        <level index="0" path="0/c19.tif" mask="0/m19.tif"/>
        <level index="1" path="1/c19.tif" mask="1/m19.tif"/>
        <level index="2" path="2/c19.tif" mask="2/m19.tif"/>
        <level index="3" path="3/c19.tif" mask="3/m19.tif"/>
        <level index="4" path="4/c19.tif" mask="4/m19.tif"/>
        <level index="5" path="5/c19.tif" mask="5/m19.tif"/>
        <level index="6" path="6/c19.tif" mask="6/m19.tif"/>
        <level index="7" path="7/c19.tif" mask="7/m19.tif"/>
        <level index="8" path="8/c19.tif" mask="8/m19.tif"/>
        <level index="9" path="9/c19.tif" mask="9/m19.tif"/>
      </pyramid>
    </image>
  </images>
</orthomosaic>
