<?xml version="1.0" encoding="UTF-8"?>
<orthomosaic version="1.2.0">
  <images level_count="10">
    <image id="26">
      <extent>
        <left>2507631.8232204895</left>
        <top>1139239.1063854469</top>
        <right>2507670.3972064895</right>
        <bottom>1139198.7790364469</bottom>
      </extent>
      <center>
        <x>2507651.5612884834</x>
        <y>1139218.7323192796</y>
      </center>
      <pyramid>
        <level index="0" path="0/c26.tif" mask="0/m26.tif"/>
        <level index="1" path="1/c26.tif" mask="1/m26.tif"/>
        <level index="2" path="2/c26.tif" mask="2/m26.tif"/>
        <level index="3" path="3/c26.tif" mask="3/m26.tif"/>
        <level index="4" path="4/c26.tif" mask="4/m26.tif"/>
        <level index="5" path="5/c26.tif" mask="5/m26.tif"/>
        <level index="6" path="6/c26.tif" mask="6/m26.tif"/>
        <level index="7" path="7/c26.tif" mask="7/m26.tif"/>
        <level index="8" path="8/c26.tif" mask="8/m26.tif"/>
        <level index="9" path="9/c26.tif" mask="9/m26.tif"/>
      </pyramid>
    </image>
    <image id="28">
      <extent>
        <left>2507626.4599924893</left>
        <top>1139233.6400184468</top>
        <right>2507665.3433954893</right>
        <bottom>1139193.1579609469</bottom>
      </extent>
      <center>
        <x>2507646.6606718376</x>
        <y>1139212.9417410747</y>
      </center>
      <pyramid>
        <level index="0" path="0/c28.tif" mask="0/m28.tif"/>
        <level index="1" path="1/c28.tif" mask="1/m28.tif"/>
        <level index="2" path="2/c28.tif" mask="2/m28.tif"/>
        <level index="3" path="3/c28.tif" mask="3/m28.tif"/>
        <level index="4" path="4/c28.tif" mask="4/m28.tif"/>
        <level index="5" path="5/c28.tif" mask="5/m28.tif"/>
        <level index="6" path="6/c28.tif" mask="6/m28.tif"/>
        <level index="7" path="7/c28.tif" mask="7/m28.tif"/>
        <level index="8" path="8/c28.tif" mask="8/m28.tif"/>
        <level index="9" path="9/c28.tif" mask="9/m28.tif"/>
      </pyramid>
    </image>
    <image id="33">
      <extent>
        <left>2507642.0339814895</left>
        <top>1139219.8193924469</top>
        <right>2507681.3815099895</right>
        <bottom>1139178.9247789469</bottom>
      </extent>
      <center>
        <x>2507661.9174239468</x>
        <y>1139200.1300393827</y>
      </center>
      <pyramid>
        <level index="0" path="0/c33.tif" mask="0/m33.tif"/>
        <level index="1" path="1/c33.tif" mask="1/m33.tif"/>
        <level index="2" path="2/c33.tif" mask="2/m33.tif"/>
        <level index="3" path="3/c33.tif" mask="3/m33.tif"/>
        <level index="4" path="4/c33.tif" mask="4/m33.tif"/>
        <level index="5" path="5/c33.tif" mask="5/m33.tif"/>
        <level index="6" path="6/c33.tif" mask="6/m33.tif"/>
        <level index="7" path="7/c33.tif" mask="7/m33.tif"/>
        <level index="8" path="8/c33.tif" mask="8/m33.tif"/>
        <level index="9" path="9/c33.tif" mask="9/m33.tif"/>
      </pyramid>
    </image>
    <image id="32">
      <extent>
        <left>2507637.2895874893</left>
        <top>1139223.0682709469</top>
        <right>2507676.4308379893</right>
        <bottom>1139182.5346439469</bottom>
      </extent>
      <center>
        <x>2507657.1928899456</x>
        <y>1139203.1988293543</y>
      </center>
      <pyramid>
        <level index="0" path="0/c32.tif" mask="0/m32.tif"/>
        <level index="1" path="1/c32.tif" mask="1/m32.tif"/>
        <level index="2" path="2/c32.tif" mask="2/m32.tif"/>
        <level index="3" path="3/c32.tif" mask="3/m32.tif"/>
        <level index="4" path="4/c32.tif" mask="4/m32.tif"/>
        <level index="5" path="5/c32.tif" mask="5/m32.tif"/>
        <level index="6" path="6/c32.tif" mask="6/m32.tif"/>
        <level index="7" path="7/c32.tif" mask="7/m32.tif"/>
        <level index="8" path="8/c32.tif" mask="8/m32.tif"/>
        <level index="9" path="9/c32.tif" mask="9/m32.tif"/>
      </pyramid>
    </image>
    <image id="35">
      <extent>
        <left>2507651.9868949894</left>
        <top>1139213.270065947</top>
        <right>2507691.5407014894</right>
        <bottom>1139171.9113269469</bottom>
      </extent>
      <center>
        <x>2507671.7696357742</x>
        <y>1139193.6491851502</y>
      </center>
      <pyramid>
        <level index="0" path="0/c35.tif" mask="0/m35.tif"/>
        <level index="1" path="1/c35.tif" mask="1/m35.tif"/>
        <level index="2" path="2/c35.tif" mask="2/m35.tif"/>
        <level index="3" path="3/c35.tif" mask="3/m35.tif"/>
        <level index="4" path="4/c35.tif" mask="4/m35.tif"/>
        <level index="5" path="5/c35.tif" mask="5/m35.tif"/>
        <level index="6" path="6/c35.tif" mask="6/m35.tif"/>
        <level index="7" path="7/c35.tif" mask="7/m35.tif"/>
        <level index="8" path="8/c35.tif" mask="8/m35.tif"/>
        <level index="9" path="9/c35.tif" mask="9/m35.tif"/>
      </pyramid>
    </image>
    <image id="29">
      <extent>
        <left>2507625.0160464891</left>
        <top>1139232.1960724469</top>
        <right>2507663.538462989</right>
        <bottom>1139191.0951809469</bottom>
      </extent>
      <center>
        <x>2507644.9671580624</x>
        <y>1139211.4115167484</y>
      </center>
      <pyramid>
        <level index="0" path="0/c29.tif" mask="0/m29.tif"/>
        <level index="1" path="1/c29.tif" mask="1/m29.tif"/>
        <level index="2" path="2/c29.tif" mask="2/m29.tif"/>
        <level index="3" path="3/c29.tif" mask="3/m29.tif"/>
        <level index="4" path="4/c29.tif" mask="4/m29.tif"/>
        <level index="5" path="5/c29.tif" mask="5/m29.tif"/>
        <level index="6" path="6/c29.tif" mask="6/m29.tif"/>
        <level index="7" path="7/c29.tif" mask="7/m29.tif"/>
        <level index="8" path="8/c29.tif" mask="8/m29.tif"/>
        <level index="9" path="9/c29.tif" mask="9/m29.tif"/>
      </pyramid>
    </image>
    <image id="37">
      <extent>
        <left>2507661.5788219892</left>
        <top>1139206.6691699468</top>
        <right>2507701.5451844893</right>
        <bottom>1139165.1557224467</bottom>
      </extent>
      <center>
        <x>2507682.2545068134</x>
        <y>1139186.6285743129</y>
      </center>
      <pyramid>
        <level index="0" path="0/c37.tif" mask="0/m37.tif"/>
        <level index="1" path="1/c37.tif" mask="1/m37.tif"/>
        <level index="2" path="2/c37.tif" mask="2/m37.tif"/>
        <level index="3" path="3/c37.tif" mask="3/m37.tif"/>
        <level index="4" path="4/c37.tif" mask="4/m37.tif"/>
        <level index="5" path="5/c37.tif" mask="5/m37.tif"/>
        <level index="6" path="6/c37.tif" mask="6/m37.tif"/>
        <level index="7" path="7/c37.tif" mask="7/m37.tif"/>
        <level index="8" path="8/c37.tif" mask="8/m37.tif"/>
        <level index="9" path="9/c37.tif" mask="9/m37.tif"/>
      </pyramid>
    </image>
    <image id="41">
      <extent>
        <left>2507681.5362184895</left>
        <top>1139193.2095304469</top>
        <right>2507721.3478724896</right>
        <bottom>1139151.8507914469</bottom>
      </extent>
      <center>
        <x>2507702.2069408391</x>
        <y>1139173.4465440544</y>
      </center>
      <pyramid>
        <level index="0" path="0/c41.tif" mask="0/m41.tif"/>
        <level index="1" path="1/c41.tif" mask="1/m41.tif"/>
        <level index="2" path="2/c41.tif" mask="2/m41.tif"/>
        <level index="3" path="3/c41.tif" mask="3/m41.tif"/>
        <level index="4" path="4/c41.tif" mask="4/m41.tif"/>
        <level index="5" path="5/c41.tif" mask="5/m41.tif"/>
        <level index="6" path="6/c41.tif" mask="6/m41.tif"/>
        <level index="7" path="7/c41.tif" mask="7/m41.tif"/>
        <level index="8" path="8/c41.tif" mask="8/m41.tif"/>
        <level index="9" path="9/c41.tif" mask="9/m41.tif"/>
      </pyramid>
    </image>
    <image id="30">
      <extent>
        <left>2507627.6460909895</left>
        <top>1139229.6691669468</top>
        <right>2507666.1169379894</right>
        <bottom>1139189.4449569469</bottom>
      </extent>
      <center>
        <x>2507647.8485537264</x>
        <y>1139209.6622601189</y>
      </center>
      <pyramid>
        <level index="0" path="0/c30.tif" mask="0/m30.tif"/>
        <level index="1" path="1/c30.tif" mask="1/m30.tif"/>
        <level index="2" path="2/c30.tif" mask="2/m30.tif"/>
        <level index="3" path="3/c30.tif" mask="3/m30.tif"/>
        <level index="4" path="4/c30.tif" mask="4/m30.tif"/>
        <level index="5" path="5/c30.tif" mask="5/m30.tif"/>
        <level index="6" path="6/c30.tif" mask="6/m30.tif"/>
        <level index="7" path="7/c30.tif" mask="7/m30.tif"/>
        <level index="8" path="8/c30.tif" mask="8/m30.tif"/>
        <level index="9" path="9/c30.tif" mask="9/m30.tif"/>
      </pyramid>
    </image>
    <image id="38">
      <extent>
        <left>2507666.4779244894</left>
        <top>1139203.3171524468</top>
        <right>2507706.5474259895</right>
        <bottom>1139161.8037049468</bottom>
      </extent>
      <center>
        <x>2507687.423102241</x>
        <y>1139183.0905348449</y>
      </center>
      <pyramid>
        <level index="0" path="0/c38.tif" mask="0/m38.tif"/>
        <level index="1" path="1/c38.tif" mask="1/m38.tif"/>
        <level index="2" path="2/c38.tif" mask="2/m38.tif"/>
        <level index="3" path="3/c38.tif" mask="3/m38.tif"/>
        <level index="4" path="4/c38.tif" mask="4/m38.tif"/>
        <level index="5" path="5/c38.tif" mask="5/m38.tif"/>
        <level index="6" path="6/c38.tif" mask="6/m38.tif"/>
        <level index="7" path="7/c38.tif" mask="7/m38.tif"/>
        <level index="8" path="8/c38.tif" mask="8/m38.tif"/>
        <level index="9" path="9/c38.tif" mask="9/m38.tif"/>
      </pyramid>
    </image>
    <image id="43">
      <extent>
        <left>2507691.4375624894</left>
        <top>1139186.453925947</top>
        <right>2507731.3007859895</right>
        <bottom>1139144.9404784469</bottom>
      </extent>
      <center>
        <x>2507712.0202922057</x>
        <y>1139166.6670760075</y>
      </center>
      <pyramid>
        <level index="0" path="0/c43.tif" mask="0/m43.tif"/>
        <level index="1" path="1/c43.tif" mask="1/m43.tif"/>
        <level index="2" path="2/c43.tif" mask="2/m43.tif"/>
        <level index="3" path="3/c43.tif" mask="3/m43.tif"/>
        <level index="4" path="4/c43.tif" mask="4/m43.tif"/>
        <level index="5" path="5/c43.tif" mask="5/m43.tif"/>
        <level index="6" path="6/c43.tif" mask="6/m43.tif"/>
        <level index="7" path="7/c43.tif" mask="7/m43.tif"/>
        <level index="8" path="8/c43.tif" mask="8/m43.tif"/>
        <level index="9" path="9/c43.tif" mask="9/m43.tif"/>
      </pyramid>
    </image>
    <image id="40">
      <extent>
        <left>2507676.4308379893</left>
        <top>1139196.6646869469</top>
        <right>2507716.4487699894</right>
        <bottom>1139155.3059479469</bottom>
      </extent>
      <center>
        <x>2507697.3270551004</x>
        <y>1139176.3462523052</y>
      </center>
      <pyramid>
        <level index="0" path="0/c40.tif" mask="0/m40.tif"/>
        <level index="1" path="1/c40.tif" mask="1/m40.tif"/>
        <level index="2" path="2/c40.tif" mask="2/m40.tif"/>
        <level index="3" path="3/c40.tif" mask="3/m40.tif"/>
        <level index="4" path="4/c40.tif" mask="4/m40.tif"/>
        <level index="5" path="5/c40.tif" mask="5/m40.tif"/>
        <level index="6" path="6/c40.tif" mask="6/m40.tif"/>
        <level index="7" path="7/c40.tif" mask="7/m40.tif"/>
        <level index="8" path="8/c40.tif" mask="8/m40.tif"/>
        <level index="9" path="9/c40.tif" mask="9/m40.tif"/>
      </pyramid>
    </image>
    <image id="31">
      <extent>
        <left>2507632.5451934892</left>
        <top>1139226.5234274468</top>
        <right>2507671.3254574891</right>
        <bottom>1139186.0413699469</bottom>
      </extent>
      <center>
        <x>2507652.7801565267</x>
        <y>1139206.1029656576</y>
      </center>
      <pyramid>
        <level index="0" path="0/c31.tif" mask="0/m31.tif"/>
        <level index="1" path="1/c31.tif" mask="1/m31.tif"/>
        <level index="2" path="2/c31.tif" mask="2/m31.tif"/>
        <level index="3" path="3/c31.tif" mask="3/m31.tif"/>
        <level index="4" path="4/c31.tif" mask="4/m31.tif"/>
        <level index="5" path="5/c31.tif" mask="5/m31.tif"/>
        <level index="6" path="6/c31.tif" mask="6/m31.tif"/>
        <level index="7" path="7/c31.tif" mask="7/m31.tif"/>
        <level index="8" path="8/c31.tif" mask="8/m31.tif"/>
        <level index="9" path="9/c31.tif" mask="9/m31.tif"/>
      </pyramid>
    </image>
    <image id="39">
      <extent>
        <left>2507671.4801659891</left>
        <top>1139199.9651349469</top>
        <right>2507711.4465284892</right>
        <bottom>1139158.5548264468</bottom>
      </extent>
      <center>
        <x>2507692.5780151095</x>
        <y>1139179.700493963</y>
      </center>
      <pyramid>
        <level index="0" path="0/c39.tif" mask="0/m39.tif"/>
        <level index="1" path="1/c39.tif" mask="1/m39.tif"/>
        <level index="2" path="2/c39.tif" mask="2/m39.tif"/>
        <level index="3" path="3/c39.tif" mask="3/m39.tif"/>
        <level index="4" path="4/c39.tif" mask="4/m39.tif"/>
        <level index="5" path="5/c39.tif" mask="5/m39.tif"/>
        <level index="6" path="6/c39.tif" mask="6/m39.tif"/>
        <level index="7" path="7/c39.tif" mask="7/m39.tif"/>
        <level index="8" path="8/c39.tif" mask="8/m39.tif"/>
        <level index="9" path="9/c39.tif" mask="9/m39.tif"/>
      </pyramid>
    </image>
    <image id="34">
      <extent>
        <left>2507647.1393619892</left>
        <top>1139216.5705139469</top>
        <right>2507686.4868904892</right>
        <bottom>1139175.4180529469</bottom>
      </extent>
      <center>
        <x>2507666.7878749706</x>
        <y>1139196.8435787919</y>
      </center>
      <pyramid>
        <level index="0" path="0/c34.tif" mask="0/m34.tif"/>
        <level index="1" path="1/c34.tif" mask="1/m34.tif"/>
        <level index="2" path="2/c34.tif" mask="2/m34.tif"/>
        <level index="3" path="3/c34.tif" mask="3/m34.tif"/>
        <level index="4" path="4/c34.tif" mask="4/m34.tif"/>
        <level index="5" path="5/c34.tif" mask="5/m34.tif"/>
        <level index="6" path="6/c34.tif" mask="6/m34.tif"/>
        <level index="7" path="7/c34.tif" mask="7/m34.tif"/>
        <level index="8" path="8/c34.tif" mask="8/m34.tif"/>
        <level index="9" path="9/c34.tif" mask="9/m34.tif"/>
      </pyramid>
    </image>
    <image id="27">
      <extent>
        <left>2507631.3590949895</left>
        <top>1139239.1063854469</top>
        <right>2507670.6034844895</right>
        <bottom>1139197.6445074468</bottom>
      </extent>
      <center>
        <x>2507651.4225882888</x>
        <y>1139217.8934524807</y>
      </center>
      <pyramid>
        <level index="0" path="0/c27.tif" mask="0/m27.tif"/>
        <level index="1" path="1/c27.tif" mask="1/m27.tif"/>
        <level index="2" path="2/c27.tif" mask="2/m27.tif"/>
        <level index="3" path="3/c27.tif" mask="3/m27.tif"/>
        <level index="4" path="4/c27.tif" mask="4/m27.tif"/>
        <level index="5" path="5/c27.tif" mask="5/m27.tif"/>
        <level index="6" path="6/c27.tif" mask="6/m27.tif"/>
        <level index="7" path="7/c27.tif" mask="7/m27.tif"/>
        <level index="8" path="8/c27.tif" mask="8/m27.tif"/>
        <level index="9" path="9/c27.tif" mask="9/m27.tif"/>
      </pyramid>
    </image>
    <image id="36">
      <extent>
        <left>2507656.5765804895</left>
        <top>1139210.0727569468</top>
        <right>2507696.5945124896</right>
        <bottom>1139168.5077399467</bottom>
      </extent>
      <center>
        <x>2507676.8780198786</x>
        <y>1139190.094233237</y>
      </center>
      <pyramid>
        <level index="0" path="0/c36.tif" mask="0/m36.tif"/>
        <level index="1" path="1/c36.tif" mask="1/m36.tif"/>
        <level index="2" path="2/c36.tif" mask="2/m36.tif"/>
        <level index="3" path="3/c36.tif" mask="3/m36.tif"/>
        <level index="4" path="4/c36.tif" mask="4/m36.tif"/>
        <level index="5" path="5/c36.tif" mask="5/m36.tif"/>
        <level index="6" path="6/c36.tif" mask="6/m36.tif"/>
        <level index="7" path="7/c36.tif" mask="7/m36.tif"/>
        <level index="8" path="8/c36.tif" mask="8/m36.tif"/>
        <level index="9" path="9/c36.tif" mask="9/m36.tif"/>
      </pyramid>
    </image>
    <image id="42">
      <extent>
        <left>2507686.4353209892</left>
        <top>1139189.7543739469</top>
        <right>2507726.2985444893</right>
        <bottom>1139148.2924959469</bottom>
      </extent>
      <center>
        <x>2507707.1496077739</x>
        <y>1139170.0989736873</y>
      </center>
      <pyramid>
        <level index="0" path="0/c42.tif" mask="0/m42.tif"/>
        <level index="1" path="1/c42.tif" mask="1/m42.tif"/>
        <level index="2" path="2/c42.tif" mask="2/m42.tif"/>
        <level index="3" path="3/c42.tif" mask="3/m42.tif"/>
        <level index="4" path="4/c42.tif" mask="4/m42.tif"/>
        <level index="5" path="5/c42.tif" mask="5/m42.tif"/>
        <level index="6" path="6/c42.tif" mask="6/m42.tif"/>
        <level index="7" path="7/c42.tif" mask="7/m42.tif"/>
        <level index="8" path="8/c42.tif" mask="8/m42.tif"/>
        <level index="9" path="9/c42.tif" mask="9/m42.tif"/>
      </pyramid>
    </image>
    <image id="44">
      <extent>
        <left>2507696.4398039891</left>
        <top>1139182.947199947</top>
        <right>2507736.3545969892</right>
        <bottom>1139141.4853219469</bottom>
      </extent>
      <center>
        <x>2507717.0674763191</x>
        <y>1139163.3460477991</y>
      </center>
      <pyramid>
        <level index="0" path="0/c44.tif" mask="0/m44.tif"/>
        <level index="1" path="1/c44.tif" mask="1/m44.tif"/>
        <level index="2" path="2/c44.tif" mask="2/m44.tif"/>
        <level index="3" path="3/c44.tif" mask="3/m44.tif"/>
        <level index="4" path="4/c44.tif" mask="4/m44.tif"/>
        <level index="5" path="5/c44.tif" mask="5/m44.tif"/>
        <level index="6" path="6/c44.tif" mask="6/m44.tif"/>
        <level index="7" path="7/c44.tif" mask="7/m44.tif"/>
        <level index="8" path="8/c44.tif" mask="8/m44.tif"/>
        <level index="9" path="9/c44.tif" mask="9/m44.tif"/>
      </pyramid>
    </image>
  </images>
</orthomosaic>
