<?xml version="1.0" encoding="UTF-8"?>
<orthomosaic version="1.2.0">
  <images level_count="10">
    <image id="89">
      <extent>
        <left>2507669.1895983098</left>
        <top>1139131.1920556112</top>
        <right>2507708.6002149237</right>
        <bottom>1139090.0569075109</bottom>
      </extent>
      <center>
        <x>2507689.5584283005</x>
        <y>1139110.2272635533</y>
      </center>
      <pyramid>
        <level index="0" path="0/c89.tif" mask="0/m89.tif"/>
        <level index="1" path="1/c89.tif" mask="1/m89.tif"/>
        <level index="2" path="2/c89.tif" mask="2/m89.tif"/>
        <level index="3" path="3/c89.tif" mask="3/m89.tif"/>
        <level index="4" path="4/c89.tif" mask="4/m89.tif"/>
        <level index="5" path="5/c89.tif" mask="5/m89.tif"/>
        <level index="6" path="6/c89.tif" mask="6/m89.tif"/>
        <level index="7" path="7/c89.tif" mask="7/m89.tif"/>
        <level index="8" path="8/c89.tif" mask="8/m89.tif"/>
        <level index="9" path="9/c89.tif" mask="9/m89.tif"/>
      </pyramid>
    </image>
    <image id="86">
      <extent>
        <left>2507684.0510020009</left>
        <top>1139121.5042463792</top>
        <right>2507723.4108971008</right>
        <bottom>1139080.5212628217</bottom>
      </extent>
      <center>
        <x>2507705.0452353973</x>
        <y>1139100.3475064584</y>
      </center>
      <pyramid>
        <level index="0" path="0/c86.tif" mask="0/m86.tif"/>
        <level index="1" path="1/c86.tif" mask="1/m86.tif"/>
        <level index="2" path="2/c86.tif" mask="2/m86.tif"/>
        <level index="3" path="3/c86.tif" mask="3/m86.tif"/>
        <level index="4" path="4/c86.tif" mask="4/m86.tif"/>
        <level index="5" path="5/c86.tif" mask="5/m86.tif"/>
        <level index="6" path="6/c86.tif" mask="6/m86.tif"/>
        <level index="7" path="7/c86.tif" mask="7/m86.tif"/>
        <level index="8" path="8/c86.tif" mask="8/m86.tif"/>
        <level index="9" path="9/c86.tif" mask="9/m86.tif"/>
      </pyramid>
    </image>
    <image id="85">
      <extent>
        <left>2507687.2464574021</left>
        <top>1139119.1203352069</top>
        <right>2507726.7077955306</right>
        <bottom>1139078.3402377067</bottom>
      </extent>
      <center>
        <x>2507708.4023893215</x>
        <y>1139098.1800556204</y>
      </center>
      <pyramid>
        <level index="0" path="0/c85.tif" mask="0/m85.tif"/>
        <level index="1" path="1/c85.tif" mask="1/m85.tif"/>
        <level index="2" path="2/c85.tif" mask="2/m85.tif"/>
        <level index="3" path="3/c85.tif" mask="3/m85.tif"/>
        <level index="4" path="4/c85.tif" mask="4/m85.tif"/>
        <level index="5" path="5/c85.tif" mask="5/m85.tif"/>
        <level index="6" path="6/c85.tif" mask="6/m85.tif"/>
        <level index="7" path="7/c85.tif" mask="7/m85.tif"/>
        <level index="8" path="8/c85.tif" mask="8/m85.tif"/>
        <level index="9" path="9/c85.tif" mask="9/m85.tif"/>
      </pyramid>
    </image>
    <image id="95">
      <extent>
        <left>2507639.263904871</left>
        <top>1139151.2270537612</top>
        <right>2507678.978850571</right>
        <bottom>1139109.8890196036</bottom>
      </extent>
      <center>
        <x>2507659.4616396334</x>
        <y>1139130.2912881265</y>
      </center>
      <pyramid>
        <level index="0" path="0/c95.tif" mask="0/m95.tif"/>
        <level index="1" path="1/c95.tif" mask="1/m95.tif"/>
        <level index="2" path="2/c95.tif" mask="2/m95.tif"/>
        <level index="3" path="3/c95.tif" mask="3/m95.tif"/>
        <level index="4" path="4/c95.tif" mask="4/m95.tif"/>
        <level index="5" path="5/c95.tif" mask="5/m95.tif"/>
        <level index="6" path="6/c95.tif" mask="6/m95.tif"/>
        <level index="7" path="7/c95.tif" mask="7/m95.tif"/>
        <level index="8" path="8/c95.tif" mask="8/m95.tif"/>
        <level index="9" path="9/c95.tif" mask="9/m95.tif"/>
      </pyramid>
    </image>
    <image id="92">
      <extent>
        <left>2507654.2267515901</left>
        <top>1139141.1841939292</top>
        <right>2507693.58664669</right>
        <bottom>1139099.8968812858</bottom>
      </extent>
      <center>
        <x>2507674.4265508167</x>
        <y>1139120.2247050439</y>
      </center>
      <pyramid>
        <level index="0" path="0/c92.tif" mask="0/m92.tif"/>
        <level index="1" path="1/c92.tif" mask="1/m92.tif"/>
        <level index="2" path="2/c92.tif" mask="2/m92.tif"/>
        <level index="3" path="3/c92.tif" mask="3/m92.tif"/>
        <level index="4" path="4/c92.tif" mask="4/m92.tif"/>
        <level index="5" path="5/c92.tif" mask="5/m92.tif"/>
        <level index="6" path="6/c92.tif" mask="6/m92.tif"/>
        <level index="7" path="7/c92.tif" mask="7/m92.tif"/>
        <level index="8" path="8/c92.tif" mask="8/m92.tif"/>
        <level index="9" path="9/c92.tif" mask="9/m92.tif"/>
      </pyramid>
    </image>
    <image id="100">
      <extent>
        <left>2507614.1567552905</left>
        <top>1139168.0158749959</top>
        <right>2507654.0745870476</right>
        <bottom>1139126.6271193239</bottom>
      </extent>
      <center>
        <x>2507634.1722276118</x>
        <y>1139147.7537191545</y>
      </center>
      <pyramid>
        <level index="0" path="0/c100.tif" mask="0/m100.tif"/>
        <level index="1" path="1/c100.tif" mask="1/m100.tif"/>
        <level index="2" path="2/c100.tif" mask="2/m100.tif"/>
        <level index="3" path="3/c100.tif" mask="3/m100.tif"/>
        <level index="4" path="4/c100.tif" mask="4/m100.tif"/>
        <level index="5" path="5/c100.tif" mask="5/m100.tif"/>
        <level index="6" path="6/c100.tif" mask="6/m100.tif"/>
        <level index="7" path="7/c100.tif" mask="7/m100.tif"/>
        <level index="8" path="8/c100.tif" mask="8/m100.tif"/>
        <level index="9" path="9/c100.tif" mask="9/m100.tif"/>
      </pyramid>
    </image>
    <image id="96">
      <extent>
        <left>2507634.3439179831</left>
        <top>1139154.523952191</top>
        <right>2507673.9574206546</right>
        <bottom>1139113.2366395476</bottom>
      </extent>
      <center>
        <x>2507654.5285887532</x>
        <y>1139133.7664335787</y>
      </center>
      <pyramid>
        <level index="0" path="0/c96.tif" mask="0/m96.tif"/>
        <level index="1" path="1/c96.tif" mask="1/m96.tif"/>
        <level index="2" path="2/c96.tif" mask="2/m96.tif"/>
        <level index="3" path="3/c96.tif" mask="3/m96.tif"/>
        <level index="4" path="4/c96.tif" mask="4/m96.tif"/>
        <level index="5" path="5/c96.tif" mask="5/m96.tif"/>
        <level index="6" path="6/c96.tif" mask="6/m96.tif"/>
        <level index="7" path="7/c96.tif" mask="7/m96.tif"/>
        <level index="8" path="8/c96.tif" mask="8/m96.tif"/>
        <level index="9" path="9/c96.tif" mask="9/m96.tif"/>
      </pyramid>
    </image>
    <image id="91">
      <extent>
        <left>2507659.0960169635</left>
        <top>1139137.8872954994</top>
        <right>2507698.5573550919</right>
        <bottom>1139096.3463752845</bottom>
      </extent>
      <center>
        <x>2507679.5273714717</x>
        <y>1139116.7567589073</y>
      </center>
      <pyramid>
        <level index="0" path="0/c91.tif" mask="0/m91.tif"/>
        <level index="1" path="1/c91.tif" mask="1/m91.tif"/>
        <level index="2" path="2/c91.tif" mask="2/m91.tif"/>
        <level index="3" path="3/c91.tif" mask="3/m91.tif"/>
        <level index="4" path="4/c91.tif" mask="4/m91.tif"/>
        <level index="5" path="5/c91.tif" mask="5/m91.tif"/>
        <level index="6" path="6/c91.tif" mask="6/m91.tif"/>
        <level index="7" path="7/c91.tif" mask="7/m91.tif"/>
        <level index="8" path="8/c91.tif" mask="8/m91.tif"/>
        <level index="9" path="9/c91.tif" mask="9/m91.tif"/>
      </pyramid>
    </image>
    <image id="94">
      <extent>
        <left>2507644.0824487298</left>
        <top>1139147.828712303</top>
        <right>2507683.7973944298</right>
        <bottom>1139106.439956631</bottom>
      </extent>
      <center>
        <x>2507664.5132203531</x>
        <y>1139127.0109272958</y>
      </center>
      <pyramid>
        <level index="0" path="0/c94.tif" mask="0/m94.tif"/>
        <level index="1" path="1/c94.tif" mask="1/m94.tif"/>
        <level index="2" path="2/c94.tif" mask="2/m94.tif"/>
        <level index="3" path="3/c94.tif" mask="3/m94.tif"/>
        <level index="4" path="4/c94.tif" mask="4/m94.tif"/>
        <level index="5" path="5/c94.tif" mask="5/m94.tif"/>
        <level index="6" path="6/c94.tif" mask="6/m94.tif"/>
        <level index="7" path="7/c94.tif" mask="7/m94.tif"/>
        <level index="8" path="8/c94.tif" mask="8/m94.tif"/>
        <level index="9" path="9/c94.tif" mask="9/m94.tif"/>
      </pyramid>
    </image>
    <image id="82">
      <extent>
        <left>2507692.5722164041</left>
        <top>1139125.5112460093</top>
        <right>2507732.0842760471</right>
        <bottom>1139084.4775409375</bottom>
      </extent>
      <center>
        <x>2507713.5809655096</x>
        <y>1139104.7840982841</y>
      </center>
      <pyramid>
        <level index="0" path="0/c82.tif" mask="0/m82.tif"/>
        <level index="1" path="1/c82.tif" mask="1/m82.tif"/>
        <level index="2" path="2/c82.tif" mask="2/m82.tif"/>
        <level index="3" path="3/c82.tif" mask="3/m82.tif"/>
        <level index="4" path="4/c82.tif" mask="4/m82.tif"/>
        <level index="5" path="5/c82.tif" mask="5/m82.tif"/>
        <level index="6" path="6/c82.tif" mask="6/m82.tif"/>
        <level index="7" path="7/c82.tif" mask="7/m82.tif"/>
        <level index="8" path="8/c82.tif" mask="8/m82.tif"/>
        <level index="9" path="9/c82.tif" mask="9/m82.tif"/>
      </pyramid>
    </image>
    <image id="83">
      <extent>
        <left>2507691.9635582324</left>
        <top>1139125.9677396379</top>
        <right>2507731.2220103038</right>
        <bottom>1139084.6804269946</bottom>
      </extent>
      <center>
        <x>2507713.060528554</x>
        <y>1139104.9157044939</y>
      </center>
      <pyramid>
        <level index="0" path="0/c83.tif" mask="0/m83.tif"/>
        <level index="1" path="1/c83.tif" mask="1/m83.tif"/>
        <level index="2" path="2/c83.tif" mask="2/m83.tif"/>
        <level index="3" path="3/c83.tif" mask="3/m83.tif"/>
        <level index="4" path="4/c83.tif" mask="4/m83.tif"/>
        <level index="5" path="5/c83.tif" mask="5/m83.tif"/>
        <level index="6" path="6/c83.tif" mask="6/m83.tif"/>
        <level index="7" path="7/c83.tif" mask="7/m83.tif"/>
        <level index="8" path="8/c83.tif" mask="8/m83.tif"/>
        <level index="9" path="9/c83.tif" mask="9/m83.tif"/>
      </pyramid>
    </image>
    <image id="87">
      <extent>
        <left>2507678.877407542</left>
        <top>1139124.7504232947</top>
        <right>2507718.4909102134</right>
        <bottom>1139083.3616676228</bottom>
      </extent>
      <center>
        <x>2507699.7176733296</x>
        <y>1139103.6282402335</y>
      </center>
      <pyramid>
        <level index="0" path="0/c87.tif" mask="0/m87.tif"/>
        <level index="1" path="1/c87.tif" mask="1/m87.tif"/>
        <level index="2" path="2/c87.tif" mask="2/m87.tif"/>
        <level index="3" path="3/c87.tif" mask="3/m87.tif"/>
        <level index="4" path="4/c87.tif" mask="4/m87.tif"/>
        <level index="5" path="5/c87.tif" mask="5/m87.tif"/>
        <level index="6" path="6/c87.tif" mask="6/m87.tif"/>
        <level index="7" path="7/c87.tif" mask="7/m87.tif"/>
        <level index="8" path="8/c87.tif" mask="8/m87.tif"/>
        <level index="9" path="9/c87.tif" mask="9/m87.tif"/>
      </pyramid>
    </image>
    <image id="90">
      <extent>
        <left>2507664.0667253654</left>
        <top>1139134.5396755552</top>
        <right>2507703.6295065223</right>
        <bottom>1139093.3030844261</bottom>
      </extent>
      <center>
        <x>2507684.5777355637</x>
        <y>1139113.385377605</y>
      </center>
      <pyramid>
        <level index="0" path="0/c90.tif" mask="0/m90.tif"/>
        <level index="1" path="1/c90.tif" mask="1/m90.tif"/>
        <level index="2" path="2/c90.tif" mask="2/m90.tif"/>
        <level index="3" path="3/c90.tif" mask="3/m90.tif"/>
        <level index="4" path="4/c90.tif" mask="4/m90.tif"/>
        <level index="5" path="5/c90.tif" mask="5/m90.tif"/>
        <level index="6" path="6/c90.tif" mask="6/m90.tif"/>
        <level index="7" path="7/c90.tif" mask="7/m90.tif"/>
        <level index="8" path="8/c90.tif" mask="8/m90.tif"/>
        <level index="9" path="9/c90.tif" mask="9/m90.tif"/>
      </pyramid>
    </image>
    <image id="88">
      <extent>
        <left>2507674.0588636831</left>
        <top>1139127.8444356672</top>
        <right>2507713.5709233261</right>
        <bottom>1139087.0136166525</bottom>
      </extent>
      <center>
        <x>2507694.7101817522</x>
        <y>1139106.9345847615</y>
      </center>
      <pyramid>
        <level index="0" path="0/c88.tif" mask="0/m88.tif"/>
        <level index="1" path="1/c88.tif" mask="1/m88.tif"/>
        <level index="2" path="2/c88.tif" mask="2/m88.tif"/>
        <level index="3" path="3/c88.tif" mask="3/m88.tif"/>
        <level index="4" path="4/c88.tif" mask="4/m88.tif"/>
        <level index="5" path="5/c88.tif" mask="5/m88.tif"/>
        <level index="6" path="6/c88.tif" mask="6/m88.tif"/>
        <level index="7" path="7/c88.tif" mask="7/m88.tif"/>
        <level index="8" path="8/c88.tif" mask="8/m88.tif"/>
        <level index="9" path="9/c88.tif" mask="9/m88.tif"/>
      </pyramid>
    </image>
    <image id="97">
      <extent>
        <left>2507629.4239310957</left>
        <top>1139158.0237366781</top>
        <right>2507668.9359907387</right>
        <bottom>1139116.4320949488</bottom>
      </extent>
      <center>
        <x>2507649.474788148</x>
        <y>1139137.3053280315</y>
      </center>
      <pyramid>
        <level index="0" path="0/c97.tif" mask="0/m97.tif"/>
        <level index="1" path="1/c97.tif" mask="1/m97.tif"/>
        <level index="2" path="2/c97.tif" mask="2/m97.tif"/>
        <level index="3" path="3/c97.tif" mask="3/m97.tif"/>
        <level index="4" path="4/c97.tif" mask="4/m97.tif"/>
        <level index="5" path="5/c97.tif" mask="5/m97.tif"/>
        <level index="6" path="6/c97.tif" mask="6/m97.tif"/>
        <level index="7" path="7/c97.tif" mask="7/m97.tif"/>
        <level index="8" path="8/c97.tif" mask="8/m97.tif"/>
        <level index="9" path="9/c97.tif" mask="9/m97.tif"/>
      </pyramid>
    </image>
    <image id="84">
      <extent>
        <left>2507688.0580016309</left>
        <top>1139120.4898160931</top>
        <right>2507727.4178967308</right>
        <bottom>1139079.253224964</bottom>
      </extent>
      <center>
        <x>2507709.3827764504</x>
        <y>1139099.5935103917</y>
      </center>
      <pyramid>
        <level index="0" path="0/c84.tif" mask="0/m84.tif"/>
        <level index="1" path="1/c84.tif" mask="1/m84.tif"/>
        <level index="2" path="2/c84.tif" mask="2/m84.tif"/>
        <level index="3" path="3/c84.tif" mask="3/m84.tif"/>
        <level index="4" path="4/c84.tif" mask="4/m84.tif"/>
        <level index="5" path="5/c84.tif" mask="5/m84.tif"/>
        <level index="6" path="6/c84.tif" mask="6/m84.tif"/>
        <level index="7" path="7/c84.tif" mask="7/m84.tif"/>
        <level index="8" path="8/c84.tif" mask="8/m84.tif"/>
        <level index="9" path="9/c84.tif" mask="9/m84.tif"/>
      </pyramid>
    </image>
    <image id="98">
      <extent>
        <left>2507624.1996151223</left>
        <top>1139161.3713566221</top>
        <right>2507664.0160038508</right>
        <bottom>1139119.9318794359</bottom>
      </extent>
      <center>
        <x>2507644.4252730366</x>
        <y>1139140.6539675365</y>
      </center>
      <pyramid>
        <level index="0" path="0/c98.tif" mask="0/m98.tif"/>
        <level index="1" path="1/c98.tif" mask="1/m98.tif"/>
        <level index="2" path="2/c98.tif" mask="2/m98.tif"/>
        <level index="3" path="3/c98.tif" mask="3/m98.tif"/>
        <level index="4" path="4/c98.tif" mask="4/m98.tif"/>
        <level index="5" path="5/c98.tif" mask="5/m98.tif"/>
        <level index="6" path="6/c98.tif" mask="6/m98.tif"/>
        <level index="7" path="7/c98.tif" mask="7/m98.tif"/>
        <level index="8" path="8/c98.tif" mask="8/m98.tif"/>
        <level index="9" path="9/c98.tif" mask="9/m98.tif"/>
      </pyramid>
    </image>
    <image id="93">
      <extent>
        <left>2507648.9517141026</left>
        <top>1139144.4810923589</top>
        <right>2507688.6666598027</right>
        <bottom>1139103.1937797156</bottom>
      </extent>
      <center>
        <x>2507669.5115068145</x>
        <y>1139123.5590102884</y>
      </center>
      <pyramid>
        <level index="0" path="0/c93.tif" mask="0/m93.tif"/>
        <level index="1" path="1/c93.tif" mask="1/m93.tif"/>
        <level index="2" path="2/c93.tif" mask="2/m93.tif"/>
        <level index="3" path="3/c93.tif" mask="3/m93.tif"/>
        <level index="4" path="4/c93.tif" mask="4/m93.tif"/>
        <level index="5" path="5/c93.tif" mask="5/m93.tif"/>
        <level index="6" path="6/c93.tif" mask="6/m93.tif"/>
        <level index="7" path="7/c93.tif" mask="7/m93.tif"/>
        <level index="8" path="8/c93.tif" mask="8/m93.tif"/>
        <level index="9" path="9/c93.tif" mask="9/m93.tif"/>
      </pyramid>
    </image>
    <image id="99">
      <extent>
        <left>2507619.3303497494</left>
        <top>1139164.7696980804</top>
        <right>2507659.0452954494</right>
        <bottom>1139123.2794993799</bottom>
      </extent>
      <center>
        <x>2507639.3043545727</x>
        <y>1139144.283332906</y>
      </center>
      <pyramid>
        <level index="0" path="0/c99.tif" mask="0/m99.tif"/>
        <level index="1" path="1/c99.tif" mask="1/m99.tif"/>
        <level index="2" path="2/c99.tif" mask="2/m99.tif"/>
        <level index="3" path="3/c99.tif" mask="3/m99.tif"/>
        <level index="4" path="4/c99.tif" mask="4/m99.tif"/>
        <level index="5" path="5/c99.tif" mask="5/m99.tif"/>
        <level index="6" path="6/c99.tif" mask="6/m99.tif"/>
        <level index="7" path="7/c99.tif" mask="7/m99.tif"/>
        <level index="8" path="8/c99.tif" mask="8/m99.tif"/>
        <level index="9" path="9/c99.tif" mask="9/m99.tif"/>
      </pyramid>
    </image>
    <image id="81">
      <extent>
        <left>2507687.7536725453</left>
        <top>1139128.3516508101</top>
        <right>2507727.1135676452</right>
        <bottom>1139087.8251608813</bottom>
      </extent>
      <center>
        <x>2507708.8443423323</x>
        <y>1139107.8518551907</y>
      </center>
      <pyramid>
        <level index="0" path="0/c81.tif" mask="0/m81.tif"/>
        <level index="1" path="1/c81.tif" mask="1/m81.tif"/>
        <level index="2" path="2/c81.tif" mask="2/m81.tif"/>
        <level index="3" path="3/c81.tif" mask="3/m81.tif"/>
        <level index="4" path="4/c81.tif" mask="4/m81.tif"/>
        <level index="5" path="5/c81.tif" mask="5/m81.tif"/>
        <level index="6" path="6/c81.tif" mask="6/m81.tif"/>
        <level index="7" path="7/c81.tif" mask="7/m81.tif"/>
        <level index="8" path="8/c81.tif" mask="8/m81.tif"/>
        <level index="9" path="9/c81.tif" mask="9/m81.tif"/>
      </pyramid>
    </image>
  </images>
</orthomosaic>
