<?xml version="1.0" encoding="UTF-8"?>
<orthomosaic version="1.2.0">
  <images level_count="10">
    <image id="59">
      <extent>
        <left>2507596.0998961981</left>
        <top>1139197.0793026919</top>
        <right>2507635.2569052409</right>
        <bottom>1139156.4513697345</bottom>
      </extent>
      <center>
        <x>2507615.5832839105</x>
        <y>1139177.4552216271</y>
      </center>
      <pyramid>
        <level index="0" path="0/c59.tif" mask="0/m59.tif"/>
        <level index="1" path="1/c59.tif" mask="1/m59.tif"/>
        <level index="2" path="2/c59.tif" mask="2/m59.tif"/>
        <level index="3" path="3/c59.tif" mask="3/m59.tif"/>
        <level index="4" path="4/c59.tif" mask="4/m59.tif"/>
        <level index="5" path="5/c59.tif" mask="5/m59.tif"/>
        <level index="6" path="6/c59.tif" mask="6/m59.tif"/>
        <level index="7" path="7/c59.tif" mask="7/m59.tif"/>
        <level index="8" path="8/c59.tif" mask="8/m59.tif"/>
        <level index="9" path="9/c59.tif" mask="9/m59.tif"/>
      </pyramid>
    </image>
    <image id="50">
      <extent>
        <left>2507641.0391578712</left>
        <top>1139168.4723686245</top>
        <right>2507680.5004959996</right>
        <bottom>1139127.2864990097</bottom>
      </extent>
      <center>
        <x>2507661.1417676192</x>
        <y>1139148.1446484765</y>
      </center>
      <pyramid>
        <level index="0" path="0/c50.tif" mask="0/m50.tif"/>
        <level index="1" path="1/c50.tif" mask="1/m50.tif"/>
        <level index="2" path="2/c50.tif" mask="2/m50.tif"/>
        <level index="3" path="3/c50.tif" mask="3/m50.tif"/>
        <level index="4" path="4/c50.tif" mask="4/m50.tif"/>
        <level index="5" path="5/c50.tif" mask="5/m50.tif"/>
        <level index="6" path="6/c50.tif" mask="6/m50.tif"/>
        <level index="7" path="7/c50.tif" mask="7/m50.tif"/>
        <level index="8" path="8/c50.tif" mask="8/m50.tif"/>
        <level index="9" path="9/c50.tif" mask="9/m50.tif"/>
      </pyramid>
    </image>
    <image id="58">
      <extent>
        <left>2507600.9691615715</left>
        <top>1139193.9852903194</top>
        <right>2507640.3797781854</right>
        <bottom>1139153.2051928192</bottom>
      </extent>
      <center>
        <x>2507620.3500073794</x>
        <y>1139174.3669471815</y>
      </center>
      <pyramid>
        <level index="0" path="0/c58.tif" mask="0/m58.tif"/>
        <level index="1" path="1/c58.tif" mask="1/m58.tif"/>
        <level index="2" path="2/c58.tif" mask="2/m58.tif"/>
        <level index="3" path="3/c58.tif" mask="3/m58.tif"/>
        <level index="4" path="4/c58.tif" mask="4/m58.tif"/>
        <level index="5" path="5/c58.tif" mask="5/m58.tif"/>
        <level index="6" path="6/c58.tif" mask="6/m58.tif"/>
        <level index="7" path="7/c58.tif" mask="7/m58.tif"/>
        <level index="8" path="8/c58.tif" mask="8/m58.tif"/>
        <level index="9" path="9/c58.tif" mask="9/m58.tif"/>
      </pyramid>
    </image>
    <image id="55">
      <extent>
        <left>2507615.9827298052</left>
        <top>1139184.398924116</top>
        <right>2507655.2411818765</right>
        <bottom>1139143.5173835871</bottom>
      </extent>
      <center>
        <x>2507635.5570236295</x>
        <y>1139164.443163221</y>
      </center>
      <pyramid>
        <level index="0" path="0/c55.tif" mask="0/m55.tif"/>
        <level index="1" path="1/c55.tif" mask="1/m55.tif"/>
        <level index="2" path="2/c55.tif" mask="2/m55.tif"/>
        <level index="3" path="3/c55.tif" mask="3/m55.tif"/>
        <level index="4" path="4/c55.tif" mask="4/m55.tif"/>
        <level index="5" path="5/c55.tif" mask="5/m55.tif"/>
        <level index="6" path="6/c55.tif" mask="6/m55.tif"/>
        <level index="7" path="7/c55.tif" mask="7/m55.tif"/>
        <level index="8" path="8/c55.tif" mask="8/m55.tif"/>
        <level index="9" path="9/c55.tif" mask="9/m55.tif"/>
      </pyramid>
    </image>
    <image id="45">
      <extent>
        <left>2507666.1463074517</left>
        <top>1139152.9515852476</top>
        <right>2507705.6076455801</right>
        <bottom>1139111.8164371473</bottom>
      </extent>
      <center>
        <x>2507686.8893068582</x>
        <y>1139132.263395332</y>
      </center>
      <pyramid>
        <level index="0" path="0/c45.tif" mask="0/m45.tif"/>
        <level index="1" path="1/c45.tif" mask="1/m45.tif"/>
        <level index="2" path="2/c45.tif" mask="2/m45.tif"/>
        <level index="3" path="3/c45.tif" mask="3/m45.tif"/>
        <level index="4" path="4/c45.tif" mask="4/m45.tif"/>
        <level index="5" path="5/c45.tif" mask="5/m45.tif"/>
        <level index="6" path="6/c45.tif" mask="6/m45.tif"/>
        <level index="7" path="7/c45.tif" mask="7/m45.tif"/>
        <level index="8" path="8/c45.tif" mask="8/m45.tif"/>
        <level index="9" path="9/c45.tif" mask="9/m45.tif"/>
      </pyramid>
    </image>
    <image id="49">
      <extent>
        <left>2507646.1113093016</left>
        <top>1139165.3276347378</top>
        <right>2507685.4712044015</right>
        <bottom>1139124.2432081518</bottom>
      </extent>
      <center>
        <x>2507666.3748636451</x>
        <y>1139144.8130825385</y>
      </center>
      <pyramid>
        <level index="0" path="0/c49.tif" mask="0/m49.tif"/>
        <level index="1" path="1/c49.tif" mask="1/m49.tif"/>
        <level index="2" path="2/c49.tif" mask="2/m49.tif"/>
        <level index="3" path="3/c49.tif" mask="3/m49.tif"/>
        <level index="4" path="4/c49.tif" mask="4/m49.tif"/>
        <level index="5" path="5/c49.tif" mask="5/m49.tif"/>
        <level index="6" path="6/c49.tif" mask="6/m49.tif"/>
        <level index="7" path="7/c49.tif" mask="7/m49.tif"/>
        <level index="8" path="8/c49.tif" mask="8/m49.tif"/>
        <level index="9" path="9/c49.tif" mask="9/m49.tif"/>
      </pyramid>
    </image>
    <image id="52">
      <extent>
        <left>2507630.8441334963</left>
        <top>1139174.8125579127</top>
        <right>2507670.5590791963</right>
        <bottom>1139133.4238022408</bottom>
      </extent>
      <center>
        <x>2507650.9170238134</x>
        <y>1139154.6648932861</y>
      </center>
      <pyramid>
        <level index="0" path="0/c52.tif" mask="0/m52.tif"/>
        <level index="1" path="1/c52.tif" mask="1/m52.tif"/>
        <level index="2" path="2/c52.tif" mask="2/m52.tif"/>
        <level index="3" path="3/c52.tif" mask="3/m52.tif"/>
        <level index="4" path="4/c52.tif" mask="4/m52.tif"/>
        <level index="5" path="5/c52.tif" mask="5/m52.tif"/>
        <level index="6" path="6/c52.tif" mask="6/m52.tif"/>
        <level index="7" path="7/c52.tif" mask="7/m52.tif"/>
        <level index="8" path="8/c52.tif" mask="8/m52.tif"/>
        <level index="9" path="9/c52.tif" mask="9/m52.tif"/>
      </pyramid>
    </image>
    <image id="57">
      <extent>
        <left>2507606.1427560304</left>
        <top>1139190.6883918897</top>
        <right>2507645.5026511303</right>
        <bottom>1139149.9082943895</bottom>
      </extent>
      <center>
        <x>2507625.4313222673</x>
        <y>1139170.9091325554</y>
      </center>
      <pyramid>
        <level index="0" path="0/c57.tif" mask="0/m57.tif"/>
        <level index="1" path="1/c57.tif" mask="1/m57.tif"/>
        <level index="2" path="2/c57.tif" mask="2/m57.tif"/>
        <level index="3" path="3/c57.tif" mask="3/m57.tif"/>
        <level index="4" path="4/c57.tif" mask="4/m57.tif"/>
        <level index="5" path="5/c57.tif" mask="5/m57.tif"/>
        <level index="6" path="6/c57.tif" mask="6/m57.tif"/>
        <level index="7" path="7/c57.tif" mask="7/m57.tif"/>
        <level index="8" path="8/c57.tif" mask="8/m57.tif"/>
        <level index="9" path="9/c57.tif" mask="9/m57.tif"/>
      </pyramid>
    </image>
    <image id="51">
      <extent>
        <left>2507636.0684494697</left>
        <top>1139171.5663809972</top>
        <right>2507675.5297875982</right>
        <bottom>1139130.2790683538</bottom>
      </extent>
      <center>
        <x>2507656.0451018531</x>
        <y>1139151.3593056458</y>
      </center>
      <pyramid>
        <level index="0" path="0/c51.tif" mask="0/m51.tif"/>
        <level index="1" path="1/c51.tif" mask="1/m51.tif"/>
        <level index="2" path="2/c51.tif" mask="2/m51.tif"/>
        <level index="3" path="3/c51.tif" mask="3/m51.tif"/>
        <level index="4" path="4/c51.tif" mask="4/m51.tif"/>
        <level index="5" path="5/c51.tif" mask="5/m51.tif"/>
        <level index="6" path="6/c51.tif" mask="6/m51.tif"/>
        <level index="7" path="7/c51.tif" mask="7/m51.tif"/>
        <level index="8" path="8/c51.tif" mask="8/m51.tif"/>
        <level index="9" path="9/c51.tif" mask="9/m51.tif"/>
      </pyramid>
    </image>
    <image id="43">
      <extent>
        <left>2507676.341331827</left>
        <top>1139146.8142820168</top>
        <right>2507715.8026699554</right>
        <bottom>1139105.7298554308</bottom>
      </extent>
      <center>
        <x>2507697.0436272044</x>
        <y>1139126.095033526</y>
      </center>
      <pyramid>
        <level index="0" path="0/c43.tif" mask="0/m43.tif"/>
        <level index="1" path="1/c43.tif" mask="1/m43.tif"/>
        <level index="2" path="2/c43.tif" mask="2/m43.tif"/>
        <level index="3" path="3/c43.tif" mask="3/m43.tif"/>
        <level index="4" path="4/c43.tif" mask="4/m43.tif"/>
        <level index="5" path="5/c43.tif" mask="5/m43.tif"/>
        <level index="6" path="6/c43.tif" mask="6/m43.tif"/>
        <level index="7" path="7/c43.tif" mask="7/m43.tif"/>
        <level index="8" path="8/c43.tif" mask="8/m43.tif"/>
        <level index="9" path="9/c43.tif" mask="9/m43.tif"/>
      </pyramid>
    </image>
    <image id="54">
      <extent>
        <left>2507620.8519951785</left>
        <top>1139181.3049117434</top>
        <right>2507660.4147763355</right>
        <bottom>1139140.0683206143</bottom>
      </extent>
      <center>
        <x>2507640.7078180052</x>
        <y>1139161.1081573316</y>
      </center>
      <pyramid>
        <level index="0" path="0/c54.tif" mask="0/m54.tif"/>
        <level index="1" path="1/c54.tif" mask="1/m54.tif"/>
        <level index="2" path="2/c54.tif" mask="2/m54.tif"/>
        <level index="3" path="3/c54.tif" mask="3/m54.tif"/>
        <level index="4" path="4/c54.tif" mask="4/m54.tif"/>
        <level index="5" path="5/c54.tif" mask="5/m54.tif"/>
        <level index="6" path="6/c54.tif" mask="6/m54.tif"/>
        <level index="7" path="7/c54.tif" mask="7/m54.tif"/>
        <level index="8" path="8/c54.tif" mask="8/m54.tif"/>
        <level index="9" path="9/c54.tif" mask="9/m54.tif"/>
      </pyramid>
    </image>
    <image id="46">
      <extent>
        <left>2507661.2263205643</left>
        <top>1139155.9441545915</top>
        <right>2507700.5354941497</right>
        <bottom>1139114.9104495198</bottom>
      </extent>
      <center>
        <x>2507681.6963861622</x>
        <y>1139135.4196937471</y>
      </center>
      <pyramid>
        <level index="0" path="0/c46.tif" mask="0/m46.tif"/>
        <level index="1" path="1/c46.tif" mask="1/m46.tif"/>
        <level index="2" path="2/c46.tif" mask="2/m46.tif"/>
        <level index="3" path="3/c46.tif" mask="3/m46.tif"/>
        <level index="4" path="4/c46.tif" mask="4/m46.tif"/>
        <level index="5" path="5/c46.tif" mask="5/m46.tif"/>
        <level index="6" path="6/c46.tif" mask="6/m46.tif"/>
        <level index="7" path="7/c46.tif" mask="7/m46.tif"/>
        <level index="8" path="8/c46.tif" mask="8/m46.tif"/>
        <level index="9" path="9/c46.tif" mask="9/m46.tif"/>
      </pyramid>
    </image>
    <image id="48">
      <extent>
        <left>2507651.2341822465</left>
        <top>1139162.1829008509</top>
        <right>2507690.5940773464</right>
        <bottom>1139121.3013603219</bottom>
      </extent>
      <center>
        <x>2507671.4997019954</x>
        <y>1139141.675167911</y>
      </center>
      <pyramid>
        <level index="0" path="0/c48.tif" mask="0/m48.tif"/>
        <level index="1" path="1/c48.tif" mask="1/m48.tif"/>
        <level index="2" path="2/c48.tif" mask="2/m48.tif"/>
        <level index="3" path="3/c48.tif" mask="3/m48.tif"/>
        <level index="4" path="4/c48.tif" mask="4/m48.tif"/>
        <level index="5" path="5/c48.tif" mask="5/m48.tif"/>
        <level index="6" path="6/c48.tif" mask="6/m48.tif"/>
        <level index="7" path="7/c48.tif" mask="7/m48.tif"/>
        <level index="8" path="8/c48.tif" mask="8/m48.tif"/>
        <level index="9" path="9/c48.tif" mask="9/m48.tif"/>
      </pyramid>
    </image>
    <image id="42">
      <extent>
        <left>2507681.4642047714</left>
        <top>1139143.8724341872</top>
        <right>2507720.9255428999</right>
        <bottom>1139102.6358430581</bottom>
      </extent>
      <center>
        <x>2507702.2761380803</x>
        <y>1139122.9859722108</y>
      </center>
      <pyramid>
        <level index="0" path="0/c42.tif" mask="0/m42.tif"/>
        <level index="1" path="1/c42.tif" mask="1/m42.tif"/>
        <level index="2" path="2/c42.tif" mask="2/m42.tif"/>
        <level index="3" path="3/c42.tif" mask="3/m42.tif"/>
        <level index="4" path="4/c42.tif" mask="4/m42.tif"/>
        <level index="5" path="5/c42.tif" mask="5/m42.tif"/>
        <level index="6" path="6/c42.tif" mask="6/m42.tif"/>
        <level index="7" path="7/c42.tif" mask="7/m42.tif"/>
        <level index="8" path="8/c42.tif" mask="8/m42.tif"/>
        <level index="9" path="9/c42.tif" mask="9/m42.tif"/>
      </pyramid>
    </image>
    <image id="40">
      <extent>
        <left>2507691.8621152039</left>
        <top>1139137.5322448993</top>
        <right>2507730.8669597036</right>
        <bottom>1139096.5999828561</bottom>
      </extent>
      <center>
        <x>2507712.4495394509</x>
        <y>1139116.9159233002</y>
      </center>
      <pyramid>
        <level index="0" path="0/c40.tif" mask="0/m40.tif"/>
        <level index="1" path="1/c40.tif" mask="1/m40.tif"/>
        <level index="2" path="2/c40.tif" mask="2/m40.tif"/>
        <level index="3" path="3/c40.tif" mask="3/m40.tif"/>
        <level index="4" path="4/c40.tif" mask="4/m40.tif"/>
        <level index="5" path="5/c40.tif" mask="5/m40.tif"/>
        <level index="6" path="6/c40.tif" mask="6/m40.tif"/>
        <level index="7" path="7/c40.tif" mask="7/m40.tif"/>
        <level index="8" path="8/c40.tif" mask="8/m40.tif"/>
        <level index="9" path="9/c40.tif" mask="9/m40.tif"/>
      </pyramid>
    </image>
    <image id="47">
      <extent>
        <left>2507656.2556121624</left>
        <top>1139159.038166964</top>
        <right>2507695.3618996907</right>
        <bottom>1139117.9030188636</bottom>
      </extent>
      <center>
        <x>2507676.4927655272</x>
        <y>1139138.5956312837</y>
      </center>
      <pyramid>
        <level index="0" path="0/c47.tif" mask="0/m47.tif"/>
        <level index="1" path="1/c47.tif" mask="1/m47.tif"/>
        <level index="2" path="2/c47.tif" mask="2/m47.tif"/>
        <level index="3" path="3/c47.tif" mask="3/m47.tif"/>
        <level index="4" path="4/c47.tif" mask="4/m47.tif"/>
        <level index="5" path="5/c47.tif" mask="5/m47.tif"/>
        <level index="6" path="6/c47.tif" mask="6/m47.tif"/>
        <level index="7" path="7/c47.tif" mask="7/m47.tif"/>
        <level index="8" path="8/c47.tif" mask="8/m47.tif"/>
        <level index="9" path="9/c47.tif" mask="9/m47.tif"/>
      </pyramid>
    </image>
    <image id="41">
      <extent>
        <left>2507686.6377992304</left>
        <top>1139140.5755357575</top>
        <right>2507725.8455297872</right>
        <bottom>1139099.5418306857</bottom>
      </extent>
      <center>
        <x>2507707.3720074594</x>
        <y>1139119.9179772944</y>
      </center>
      <pyramid>
        <level index="0" path="0/c41.tif" mask="0/m41.tif"/>
        <level index="1" path="1/c41.tif" mask="1/m41.tif"/>
        <level index="2" path="2/c41.tif" mask="2/m41.tif"/>
        <level index="3" path="3/c41.tif" mask="3/m41.tif"/>
        <level index="4" path="4/c41.tif" mask="4/m41.tif"/>
        <level index="5" path="5/c41.tif" mask="5/m41.tif"/>
        <level index="6" path="6/c41.tif" mask="6/m41.tif"/>
        <level index="7" path="7/c41.tif" mask="7/m41.tif"/>
        <level index="8" path="8/c41.tif" mask="8/m41.tif"/>
        <level index="9" path="9/c41.tif" mask="9/m41.tif"/>
      </pyramid>
    </image>
    <image id="53">
      <extent>
        <left>2507625.8227035804</left>
        <top>1139178.0587348279</top>
        <right>2507665.5376492804</right>
        <bottom>1139136.669979156</bottom>
      </extent>
      <center>
        <x>2507645.8046978265</x>
        <y>1139157.7821181787</y>
      </center>
      <pyramid>
        <level index="0" path="0/c53.tif" mask="0/m53.tif"/>
        <level index="1" path="1/c53.tif" mask="1/m53.tif"/>
        <level index="2" path="2/c53.tif" mask="2/m53.tif"/>
        <level index="3" path="3/c53.tif" mask="3/m53.tif"/>
        <level index="4" path="4/c53.tif" mask="4/m53.tif"/>
        <level index="5" path="5/c53.tif" mask="5/m53.tif"/>
        <level index="6" path="6/c53.tif" mask="6/m53.tif"/>
        <level index="7" path="7/c53.tif" mask="7/m53.tif"/>
        <level index="8" path="8/c53.tif" mask="8/m53.tif"/>
        <level index="9" path="9/c53.tif" mask="9/m53.tif"/>
      </pyramid>
    </image>
    <image id="44">
      <extent>
        <left>2507671.4213449396</left>
        <top>1139149.9082943893</top>
        <right>2507710.6290754965</right>
        <bottom>1139108.7731462889</bottom>
      </extent>
      <center>
        <x>2507691.8953456953</x>
        <y>1139129.2438796689</y>
      </center>
      <pyramid>
        <level index="0" path="0/c44.tif" mask="0/m44.tif"/>
        <level index="1" path="1/c44.tif" mask="1/m44.tif"/>
        <level index="2" path="2/c44.tif" mask="2/m44.tif"/>
        <level index="3" path="3/c44.tif" mask="3/m44.tif"/>
        <level index="4" path="4/c44.tif" mask="4/m44.tif"/>
        <level index="5" path="5/c44.tif" mask="5/m44.tif"/>
        <level index="6" path="6/c44.tif" mask="6/m44.tif"/>
        <level index="7" path="7/c44.tif" mask="7/m44.tif"/>
        <level index="8" path="8/c44.tif" mask="8/m44.tif"/>
        <level index="9" path="9/c44.tif" mask="9/m44.tif"/>
      </pyramid>
    </image>
    <image id="56">
      <extent>
        <left>2507610.9105783748</left>
        <top>1139187.5436580027</top>
        <right>2507650.3211949887</right>
        <bottom>1139146.6621174738</bottom>
      </extent>
      <center>
        <x>2507630.5763273835</x>
        <y>1139167.6702718812</y>
      </center>
      <pyramid>
        <level index="0" path="0/c56.tif" mask="0/m56.tif"/>
        <level index="1" path="1/c56.tif" mask="1/m56.tif"/>
        <level index="2" path="2/c56.tif" mask="2/m56.tif"/>
        <level index="3" path="3/c56.tif" mask="3/m56.tif"/>
        <level index="4" path="4/c56.tif" mask="4/m56.tif"/>
        <level index="5" path="5/c56.tif" mask="5/m56.tif"/>
        <level index="6" path="6/c56.tif" mask="6/m56.tif"/>
        <level index="7" path="7/c56.tif" mask="7/m56.tif"/>
        <level index="8" path="8/c56.tif" mask="8/m56.tif"/>
        <level index="9" path="9/c56.tif" mask="9/m56.tif"/>
      </pyramid>
    </image>
  </images>
</orthomosaic>
