<?xml version="1.0" encoding="UTF-8"?>
<orthomosaic version="1.2.0">
  <images level_count="10">
    <image id="148">
      <extent>
        <left>2507699.1214179895</left>
        <top>1139134.3171614469</top>
        <right>2507739.9128924897</right>
        <bottom>1139091.6176154469</bottom>
      </extent>
      <center>
        <x>2507719.3619171996</x>
        <y>1139113.6244919526</y>
      </center>
      <pyramid>
        <level index="0" path="0/c148.tif" mask="0/m148.tif"/>
        <level index="1" path="1/c148.tif" mask="1/m148.tif"/>
        <level index="2" path="2/c148.tif" mask="2/m148.tif"/>
        <level index="3" path="3/c148.tif" mask="3/m148.tif"/>
        <level index="4" path="4/c148.tif" mask="4/m148.tif"/>
        <level index="5" path="5/c148.tif" mask="5/m148.tif"/>
        <level index="6" path="6/c148.tif" mask="6/m148.tif"/>
        <level index="7" path="7/c148.tif" mask="7/m148.tif"/>
        <level index="8" path="8/c148.tif" mask="8/m148.tif"/>
        <level index="9" path="9/c148.tif" mask="9/m148.tif"/>
      </pyramid>
    </image>
    <image id="149">
      <extent>
        <left>2507693.3456339892</left>
        <top>1139137.7207484469</top>
        <right>2507733.8792609894</right>
        <bottom>1139095.640036447</bottom>
      </extent>
      <center>
        <x>2507713.4665029682</x>
        <y>1139117.0959915547</y>
      </center>
      <pyramid>
        <level index="0" path="0/c149.tif" mask="0/m149.tif"/>
        <level index="1" path="1/c149.tif" mask="1/m149.tif"/>
        <level index="2" path="2/c149.tif" mask="2/m149.tif"/>
        <level index="3" path="3/c149.tif" mask="3/m149.tif"/>
        <level index="4" path="4/c149.tif" mask="4/m149.tif"/>
        <level index="5" path="5/c149.tif" mask="5/m149.tif"/>
        <level index="6" path="6/c149.tif" mask="6/m149.tif"/>
        <level index="7" path="7/c149.tif" mask="7/m149.tif"/>
        <level index="8" path="8/c149.tif" mask="8/m149.tif"/>
        <level index="9" path="9/c149.tif" mask="9/m149.tif"/>
      </pyramid>
    </image>
    <image id="150">
      <extent>
        <left>2507688.1886839895</left>
        <top>1139140.9696269468</top>
        <right>2507728.8254499896</right>
        <bottom>1139098.7342064469</bottom>
      </extent>
      <center>
        <x>2507708.3537702635</x>
        <y>1139120.1350548379</y>
      </center>
      <pyramid>
        <level index="0" path="0/c150.tif" mask="0/m150.tif"/>
        <level index="1" path="1/c150.tif" mask="1/m150.tif"/>
        <level index="2" path="2/c150.tif" mask="2/m150.tif"/>
        <level index="3" path="3/c150.tif" mask="3/m150.tif"/>
        <level index="4" path="4/c150.tif" mask="4/m150.tif"/>
        <level index="5" path="5/c150.tif" mask="5/m150.tif"/>
        <level index="6" path="6/c150.tif" mask="6/m150.tif"/>
        <level index="7" path="7/c150.tif" mask="7/m150.tif"/>
        <level index="8" path="8/c150.tif" mask="8/m150.tif"/>
        <level index="9" path="9/c150.tif" mask="9/m150.tif"/>
      </pyramid>
    </image>
    <image id="154">
      <extent>
        <left>2507667.9734399891</left>
        <top>1139153.6557239469</top>
        <right>2507707.7850939892</right>
        <bottom>1139111.9875679468</bottom>
      </extent>
      <center>
        <x>2507687.7514946982</x>
        <y>1139132.8070244917</y>
      </center>
      <pyramid>
        <level index="0" path="0/c154.tif" mask="0/m154.tif"/>
        <level index="1" path="1/c154.tif" mask="1/m154.tif"/>
        <level index="2" path="2/c154.tif" mask="2/m154.tif"/>
        <level index="3" path="3/c154.tif" mask="3/m154.tif"/>
        <level index="4" path="4/c154.tif" mask="4/m154.tif"/>
        <level index="5" path="5/c154.tif" mask="5/m154.tif"/>
        <level index="6" path="6/c154.tif" mask="6/m154.tif"/>
        <level index="7" path="7/c154.tif" mask="7/m154.tif"/>
        <level index="8" path="8/c154.tif" mask="8/m154.tif"/>
        <level index="9" path="9/c154.tif" mask="9/m154.tif"/>
      </pyramid>
    </image>
    <image id="152">
      <extent>
        <left>2507678.0294924895</left>
        <top>1139147.312675447</top>
        <right>2507718.4084109897</right>
        <bottom>1139105.3351024471</bottom>
      </extent>
      <center>
        <x>2507697.3304027636</x>
        <y>1139126.8323882192</y>
      </center>
      <pyramid>
        <level index="0" path="0/c152.tif" mask="0/m152.tif"/>
        <level index="1" path="1/c152.tif" mask="1/m152.tif"/>
        <level index="2" path="2/c152.tif" mask="2/m152.tif"/>
        <level index="3" path="3/c152.tif" mask="3/m152.tif"/>
        <level index="4" path="4/c152.tif" mask="4/m152.tif"/>
        <level index="5" path="5/c152.tif" mask="5/m152.tif"/>
        <level index="6" path="6/c152.tif" mask="6/m152.tif"/>
        <level index="7" path="7/c152.tif" mask="7/m152.tif"/>
        <level index="8" path="8/c152.tif" mask="8/m152.tif"/>
        <level index="9" path="9/c152.tif" mask="9/m152.tif"/>
      </pyramid>
    </image>
    <image id="155">
      <extent>
        <left>2507662.8164899894</left>
        <top>1139156.8530329468</top>
        <right>2507702.6281439895</right>
        <bottom>1139115.2364464467</bottom>
      </extent>
      <center>
        <x>2507682.7243949119</x>
        <y>1139135.8404205572</y>
      </center>
      <pyramid>
        <level index="0" path="0/c155.tif" mask="0/m155.tif"/>
        <level index="1" path="1/c155.tif" mask="1/m155.tif"/>
        <level index="2" path="2/c155.tif" mask="2/m155.tif"/>
        <level index="3" path="3/c155.tif" mask="3/m155.tif"/>
        <level index="4" path="4/c155.tif" mask="4/m155.tif"/>
        <level index="5" path="5/c155.tif" mask="5/m155.tif"/>
        <level index="6" path="6/c155.tif" mask="6/m155.tif"/>
        <level index="7" path="7/c155.tif" mask="7/m155.tif"/>
        <level index="8" path="8/c155.tif" mask="8/m155.tif"/>
        <level index="9" path="9/c155.tif" mask="9/m155.tif"/>
      </pyramid>
    </image>
    <image id="144">
      <extent>
        <left>2507704.0720899892</left>
        <top>1139140.144514947</top>
        <right>2507744.4510084894</right>
        <bottom>1139098.0638029471</bottom>
      </extent>
      <center>
        <x>2507724.7882607225</x>
        <y>1139119.6328453291</y>
      </center>
      <pyramid>
        <level index="0" path="0/c144.tif" mask="0/m144.tif"/>
        <level index="1" path="1/c144.tif" mask="1/m144.tif"/>
        <level index="2" path="2/c144.tif" mask="2/m144.tif"/>
        <level index="3" path="3/c144.tif" mask="3/m144.tif"/>
        <level index="4" path="4/c144.tif" mask="4/m144.tif"/>
        <level index="5" path="5/c144.tif" mask="5/m144.tif"/>
        <level index="6" path="6/c144.tif" mask="6/m144.tif"/>
        <level index="7" path="7/c144.tif" mask="7/m144.tif"/>
        <level index="8" path="8/c144.tif" mask="8/m144.tif"/>
        <level index="9" path="9/c144.tif" mask="9/m144.tif"/>
      </pyramid>
    </image>
    <image id="145">
      <extent>
        <left>2507705.2581884894</left>
        <top>1139139.5256809469</top>
        <right>2507745.6886764895</right>
        <bottom>1139097.0324129469</bottom>
      </extent>
      <center>
        <x>2507726.0506907776</x>
        <y>1139118.9124749864</y>
      </center>
      <pyramid>
        <level index="0" path="0/c145.tif" mask="0/m145.tif"/>
        <level index="1" path="1/c145.tif" mask="1/m145.tif"/>
        <level index="2" path="2/c145.tif" mask="2/m145.tif"/>
        <level index="3" path="3/c145.tif" mask="3/m145.tif"/>
        <level index="4" path="4/c145.tif" mask="4/m145.tif"/>
        <level index="5" path="5/c145.tif" mask="5/m145.tif"/>
        <level index="6" path="6/c145.tif" mask="6/m145.tif"/>
        <level index="7" path="7/c145.tif" mask="7/m145.tif"/>
        <level index="8" path="8/c145.tif" mask="8/m145.tif"/>
        <level index="9" path="9/c145.tif" mask="9/m145.tif"/>
      </pyramid>
    </image>
    <image id="151">
      <extent>
        <left>2507683.0833034893</left>
        <top>1139144.166935947</top>
        <right>2507723.6169304894</right>
        <bottom>1139102.0862239471</bottom>
      </extent>
      <center>
        <x>2507702.929671701</x>
        <y>1139123.5019106553</y>
      </center>
      <pyramid>
        <level index="0" path="0/c151.tif" mask="0/m151.tif"/>
        <level index="1" path="1/c151.tif" mask="1/m151.tif"/>
        <level index="2" path="2/c151.tif" mask="2/m151.tif"/>
        <level index="3" path="3/c151.tif" mask="3/m151.tif"/>
        <level index="4" path="4/c151.tif" mask="4/m151.tif"/>
        <level index="5" path="5/c151.tif" mask="5/m151.tif"/>
        <level index="6" path="6/c151.tif" mask="6/m151.tif"/>
        <level index="7" path="7/c151.tif" mask="7/m151.tif"/>
        <level index="8" path="8/c151.tif" mask="8/m151.tif"/>
        <level index="9" path="9/c151.tif" mask="9/m151.tif"/>
      </pyramid>
    </image>
    <image id="157">
      <extent>
        <left>2507652.6572984895</left>
        <top>1139163.0929424469</top>
        <right>2507692.3142439895</right>
        <bottom>1139121.8889119469</bottom>
      </extent>
      <center>
        <x>2507672.0426698569</x>
        <y>1139142.5325671437</y>
      </center>
      <pyramid>
        <level index="0" path="0/c157.tif" mask="0/m157.tif"/>
        <level index="1" path="1/c157.tif" mask="1/m157.tif"/>
        <level index="2" path="2/c157.tif" mask="2/m157.tif"/>
        <level index="3" path="3/c157.tif" mask="3/m157.tif"/>
        <level index="4" path="4/c157.tif" mask="4/m157.tif"/>
        <level index="5" path="5/c157.tif" mask="5/m157.tif"/>
        <level index="6" path="6/c157.tif" mask="6/m157.tif"/>
        <level index="7" path="7/c157.tif" mask="7/m157.tif"/>
        <level index="8" path="8/c157.tif" mask="8/m157.tif"/>
        <level index="9" path="9/c157.tif" mask="9/m157.tif"/>
      </pyramid>
    </image>
    <image id="147">
      <extent>
        <left>2507699.9465299891</left>
        <top>1139132.6669374469</top>
        <right>2507740.6864349893</right>
        <bottom>1139090.0705304469</bottom>
      </extent>
      <center>
        <x>2507720.6395104881</x>
        <y>1139112.2066842103</y>
      </center>
      <pyramid>
        <level index="0" path="0/c147.tif" mask="0/m147.tif"/>
        <level index="1" path="1/c147.tif" mask="1/m147.tif"/>
        <level index="2" path="2/c147.tif" mask="2/m147.tif"/>
        <level index="3" path="3/c147.tif" mask="3/m147.tif"/>
        <level index="4" path="4/c147.tif" mask="4/m147.tif"/>
        <level index="5" path="5/c147.tif" mask="5/m147.tif"/>
        <level index="6" path="6/c147.tif" mask="6/m147.tif"/>
        <level index="7" path="7/c147.tif" mask="7/m147.tif"/>
        <level index="8" path="8/c147.tif" mask="8/m147.tif"/>
        <level index="9" path="9/c147.tif" mask="9/m147.tif"/>
      </pyramid>
    </image>
    <image id="159">
      <extent>
        <left>2507642.4465374895</left>
        <top>1139169.6938384469</top>
        <right>2507682.0519134896</right>
        <bottom>1139128.4898079468</bottom>
      </extent>
      <center>
        <x>2507662.4998635035</x>
        <y>1139147.1978171417</y>
      </center>
      <pyramid>
        <level index="0" path="0/c159.tif" mask="0/m159.tif"/>
        <level index="1" path="1/c159.tif" mask="1/m159.tif"/>
        <level index="2" path="2/c159.tif" mask="2/m159.tif"/>
        <level index="3" path="3/c159.tif" mask="3/m159.tif"/>
        <level index="4" path="4/c159.tif" mask="4/m159.tif"/>
        <level index="5" path="5/c159.tif" mask="5/m159.tif"/>
        <level index="6" path="6/c159.tif" mask="6/m159.tif"/>
        <level index="7" path="7/c159.tif" mask="7/m159.tif"/>
        <level index="8" path="8/c159.tif" mask="8/m159.tif"/>
        <level index="9" path="9/c159.tif" mask="9/m159.tif"/>
      </pyramid>
    </image>
    <image id="156">
      <extent>
        <left>2507657.6079704892</left>
        <top>1139160.050341947</top>
        <right>2507697.4711939893</right>
        <bottom>1139118.4853249469</bottom>
      </extent>
      <center>
        <x>2507677.3866491411</x>
        <y>1139139.1019797928</y>
      </center>
      <pyramid>
        <level index="0" path="0/c156.tif" mask="0/m156.tif"/>
        <level index="1" path="1/c156.tif" mask="1/m156.tif"/>
        <level index="2" path="2/c156.tif" mask="2/m156.tif"/>
        <level index="3" path="3/c156.tif" mask="3/m156.tif"/>
        <level index="4" path="4/c156.tif" mask="4/m156.tif"/>
        <level index="5" path="5/c156.tif" mask="5/m156.tif"/>
        <level index="6" path="6/c156.tif" mask="6/m156.tif"/>
        <level index="7" path="7/c156.tif" mask="7/m156.tif"/>
        <level index="8" path="8/c156.tif" mask="8/m156.tif"/>
        <level index="9" path="9/c156.tif" mask="9/m156.tif"/>
      </pyramid>
    </image>
    <image id="153">
      <extent>
        <left>2507672.9756814893</left>
        <top>1139150.3552759469</top>
        <right>2507713.0451829894</right>
        <bottom>1139108.635550447</bottom>
      </extent>
      <center>
        <x>2507692.411916459</x>
        <y>1139129.9885630847</y>
      </center>
      <pyramid>
        <level index="0" path="0/c153.tif" mask="0/m153.tif"/>
        <level index="1" path="1/c153.tif" mask="1/m153.tif"/>
        <level index="2" path="2/c153.tif" mask="2/m153.tif"/>
        <level index="3" path="3/c153.tif" mask="3/m153.tif"/>
        <level index="4" path="4/c153.tif" mask="4/m153.tif"/>
        <level index="5" path="5/c153.tif" mask="5/m153.tif"/>
        <level index="6" path="6/c153.tif" mask="6/m153.tif"/>
        <level index="7" path="7/c153.tif" mask="7/m153.tif"/>
        <level index="8" path="8/c153.tif" mask="8/m153.tif"/>
        <level index="9" path="9/c153.tif" mask="9/m153.tif"/>
      </pyramid>
    </image>
    <image id="162">
      <extent>
        <left>2507626.7178399893</left>
        <top>1139178.6669314469</top>
        <right>2507666.1169379894</right>
        <bottom>1139138.391151947</bottom>
      </extent>
      <center>
        <x>2507646.3978641648</x>
        <y>1139158.2265416041</y>
      </center>
      <pyramid>
        <level index="0" path="0/c162.tif" mask="0/m162.tif"/>
        <level index="1" path="1/c162.tif" mask="1/m162.tif"/>
        <level index="2" path="2/c162.tif" mask="2/m162.tif"/>
        <level index="3" path="3/c162.tif" mask="3/m162.tif"/>
        <level index="4" path="4/c162.tif" mask="4/m162.tif"/>
        <level index="5" path="5/c162.tif" mask="5/m162.tif"/>
        <level index="6" path="6/c162.tif" mask="6/m162.tif"/>
        <level index="7" path="7/c162.tif" mask="7/m162.tif"/>
        <level index="8" path="8/c162.tif" mask="8/m162.tif"/>
        <level index="9" path="9/c162.tif" mask="9/m162.tif"/>
      </pyramid>
    </image>
    <image id="146">
      <extent>
        <left>2507702.3187269894</left>
        <top>1139136.0705244469</top>
        <right>2507742.8007844896</right>
        <bottom>1139093.680395447</bottom>
      </extent>
      <center>
        <x>2507723.2000187282</x>
        <y>1139115.4945198216</y>
      </center>
      <pyramid>
        <level index="0" path="0/c146.tif" mask="0/m146.tif"/>
        <level index="1" path="1/c146.tif" mask="1/m146.tif"/>
        <level index="2" path="2/c146.tif" mask="2/m146.tif"/>
        <level index="3" path="3/c146.tif" mask="3/m146.tif"/>
        <level index="4" path="4/c146.tif" mask="4/m146.tif"/>
        <level index="5" path="5/c146.tif" mask="5/m146.tif"/>
        <level index="6" path="6/c146.tif" mask="6/m146.tif"/>
        <level index="7" path="7/c146.tif" mask="7/m146.tif"/>
        <level index="8" path="8/c146.tif" mask="8/m146.tif"/>
        <level index="9" path="9/c146.tif" mask="9/m146.tif"/>
      </pyramid>
    </image>
    <image id="161">
      <extent>
        <left>2507631.9263594896</left>
        <top>1139175.985317447</top>
        <right>2507671.2738879896</right>
        <bottom>1139135.039134447</bottom>
      </extent>
      <center>
        <x>2507651.0994759854</x>
        <y>1139155.1522967049</y>
      </center>
      <pyramid>
        <level index="0" path="0/c161.tif" mask="0/m161.tif"/>
        <level index="1" path="1/c161.tif" mask="1/m161.tif"/>
        <level index="2" path="2/c161.tif" mask="2/m161.tif"/>
        <level index="3" path="3/c161.tif" mask="3/m161.tif"/>
        <level index="4" path="4/c161.tif" mask="4/m161.tif"/>
        <level index="5" path="5/c161.tif" mask="5/m161.tif"/>
        <level index="6" path="6/c161.tif" mask="6/m161.tif"/>
        <level index="7" path="7/c161.tif" mask="7/m161.tif"/>
        <level index="8" path="8/c161.tif" mask="8/m161.tif"/>
        <level index="9" path="9/c161.tif" mask="9/m161.tif"/>
      </pyramid>
    </image>
    <image id="158">
      <extent>
        <left>2507647.6034874893</left>
        <top>1139166.2386819469</top>
        <right>2507687.1057244893</right>
        <bottom>1139125.1893599469</bottom>
      </extent>
      <center>
        <x>2507667.3366853781</x>
        <y>1139144.9981597543</y>
      </center>
      <pyramid>
        <level index="0" path="0/c158.tif" mask="0/m158.tif"/>
        <level index="1" path="1/c158.tif" mask="1/m158.tif"/>
        <level index="2" path="2/c158.tif" mask="2/m158.tif"/>
        <level index="3" path="3/c158.tif" mask="3/m158.tif"/>
        <level index="4" path="4/c158.tif" mask="4/m158.tif"/>
        <level index="5" path="5/c158.tif" mask="5/m158.tif"/>
        <level index="6" path="6/c158.tif" mask="6/m158.tif"/>
        <level index="7" path="7/c158.tif" mask="7/m158.tif"/>
        <level index="8" path="8/c158.tif" mask="8/m158.tif"/>
        <level index="9" path="9/c158.tif" mask="9/m158.tif"/>
      </pyramid>
    </image>
    <image id="160">
      <extent>
        <left>2507636.9801704893</left>
        <top>1139173.2521339469</top>
        <right>2507676.7402549894</right>
        <bottom>1139131.8933949468</bottom>
      </extent>
      <center>
        <x>2507656.3754264899</x>
        <y>1139150.7175449736</y>
      </center>
      <pyramid>
        <level index="0" path="0/c160.tif" mask="0/m160.tif"/>
        <level index="1" path="1/c160.tif" mask="1/m160.tif"/>
        <level index="2" path="2/c160.tif" mask="2/m160.tif"/>
        <level index="3" path="3/c160.tif" mask="3/m160.tif"/>
        <level index="4" path="4/c160.tif" mask="4/m160.tif"/>
        <level index="5" path="5/c160.tif" mask="5/m160.tif"/>
        <level index="6" path="6/c160.tif" mask="6/m160.tif"/>
        <level index="7" path="7/c160.tif" mask="7/m160.tif"/>
        <level index="8" path="8/c160.tif" mask="8/m160.tif"/>
        <level index="9" path="9/c160.tif" mask="9/m160.tif"/>
      </pyramid>
    </image>
  </images>
</orthomosaic>
