<?xml version="1.0" encoding="UTF-8"?>
<depth_maps version="1.5.0">
  <depth_map camera_id="38" level="0" path="0/d38.exr">
    <calibration type="frame">
      <resolution width="640" height="512"/>
      <f>741.15311584527717</f>
      <cx>10.090000975425141</cx>
      <cy>8.5387281098109611</cy>
    </calibration>
  </depth_map>
  <depth_map camera_id="38" level="1" path="1/d38.exr">
    <calibration type="frame">
      <resolution width="320" height="256"/>
      <f>370.57655792263859</f>
      <cx>5.0450004877125707</cx>
      <cy>4.2693640549054805</cy>
    </calibration>
  </depth_map>
  <depth_map camera_id="38" level="2" path="2/d38.exr">
    <calibration type="frame">
      <resolution width="160" height="128"/>
      <f>185.28827896131929</f>
      <cx>2.5225002438562854</cx>
      <cy>2.1346820274527403</cy>
    </calibration>
  </depth_map>
  <depth_map camera_id="38" level="3" path="3/d38.exr">
    <calibration type="frame">
      <resolution width="80" height="64"/>
      <f>92.644139480659646</f>
      <cx>1.2612501219281427</cx>
      <cy>1.0673410137263701</cy>
    </calibration>
  </depth_map>
  <depth_map camera_id="39" level="0" path="0/d39.exr">
    <calibration type="frame">
      <resolution width="640" height="512"/>
      <f>741.15311584527717</f>
      <cx>10.090000975425141</cx>
      <cy>8.5387281098109611</cy>
    </calibration>
  </depth_map>
  <depth_map camera_id="39" level="1" path="1/d39.exr">
    <calibration type="frame">
      <resolution width="320" height="256"/>
      <f>370.57655792263859</f>
      <cx>5.0450004877125707</cx>
      <cy>4.2693640549054805</cy>
    </calibration>
  </depth_map>
  <depth_map camera_id="39" level="2" path="2/d39.exr">
    <calibration type="frame">
      <resolution width="160" height="128"/>
      <f>185.28827896131929</f>
      <cx>2.5225002438562854</cx>
      <cy>2.1346820274527403</cy>
    </calibration>
  </depth_map>
  <depth_map camera_id="39" level="3" path="3/d39.exr">
    <calibration type="frame">
      <resolution width="80" height="64"/>
      <f>92.644139480659646</f>
      <cx>1.2612501219281427</cx>
      <cy>1.0673410137263701</cy>
    </calibration>
  </depth_map>
  <depth_map camera_id="40" level="0" path="0/d40.exr">
    <calibration type="frame">
      <resolution width="640" height="512"/>
      <f>741.15311584527717</f>
      <cx>10.090000975425141</cx>
      <cy>8.5387281098109611</cy>
    </calibration>
  </depth_map>
  <depth_map camera_id="40" level="1" path="1/d40.exr">
    <calibration type="frame">
      <resolution width="320" height="256"/>
      <f>370.57655792263859</f>
      <cx>5.0450004877125707</cx>
      <cy>4.2693640549054805</cy>
    </calibration>
  </depth_map>
  <depth_map camera_id="40" level="2" path="2/d40.exr">
    <calibration type="frame">
      <resolution width="160" height="128"/>
      <f>185.28827896131929</f>
      <cx>2.5225002438562854</cx>
      <cy>2.1346820274527403</cy>
    </calibration>
  </depth_map>
  <depth_map camera_id="40" level="3" path="3/d40.exr">
    <calibration type="frame">
      <resolution width="80" height="64"/>
      <f>92.644139480659646</f>
      <cx>1.2612501219281427</cx>
      <cy>1.0673410137263701</cy>
    </calibration>
  </depth_map>
  <depth_map camera_id="41" level="0" path="0/d41.exr">
    <calibration type="frame">
      <resolution width="640" height="512"/>
      <f>741.15311584527717</f>
      <cx>10.090000975425141</cx>
      <cy>8.5387281098109611</cy>
    </calibration>
  </depth_map>
  <depth_map camera_id="41" level="1" path="1/d41.exr">
    <calibration type="frame">
      <resolution width="320" height="256"/>
      <f>370.57655792263859</f>
      <cx>5.0450004877125707</cx>
      <cy>4.2693640549054805</cy>
    </calibration>
  </depth_map>
  <depth_map camera_id="41" level="2" path="2/d41.exr">
    <calibration type="frame">
      <resolution width="160" height="128"/>
      <f>185.28827896131929</f>
      <cx>2.5225002438562854</cx>
      <cy>2.1346820274527403</cy>
    </calibration>
  </depth_map>
  <depth_map camera_id="41" level="3" path="3/d41.exr">
    <calibration type="frame">
      <resolution width="80" height="64"/>
      <f>92.644139480659646</f>
      <cx>1.2612501219281427</cx>
      <cy>1.0673410137263701</cy>
    </calibration>
  </depth_map>
  <depth_map camera_id="42" level="0" path="0/d42.exr">
    <calibration type="frame">
      <resolution width="640" height="512"/>
      <f>741.15311584527717</f>
      <cx>10.090000975425141</cx>
      <cy>8.5387281098109611</cy>
    </calibration>
  </depth_map>
  <depth_map camera_id="42" level="1" path="1/d42.exr">
    <calibration type="frame">
      <resolution width="320" height="256"/>
      <f>370.57655792263859</f>
      <cx>5.0450004877125707</cx>
      <cy>4.2693640549054805</cy>
    </calibration>
  </depth_map>
  <depth_map camera_id="42" level="2" path="2/d42.exr">
    <calibration type="frame">
      <resolution width="160" height="128"/>
      <f>185.28827896131929</f>
      <cx>2.5225002438562854</cx>
      <cy>2.1346820274527403</cy>
    </calibration>
  </depth_map>
  <depth_map camera_id="42" level="3" path="3/d42.exr">
    <calibration type="frame">
      <resolution width="80" height="64"/>
      <f>92.644139480659646</f>
      <cx>1.2612501219281427</cx>
      <cy>1.0673410137263701</cy>
    </calibration>
  </depth_map>
  <depth_map camera_id="43" level="0" path="0/d43.exr">
    <calibration type="frame">
      <resolution width="640" height="512"/>
      <f>741.15311584527717</f>
      <cx>10.090000975425141</cx>
      <cy>8.5387281098109611</cy>
    </calibration>
  </depth_map>
  <depth_map camera_id="43" level="1" path="1/d43.exr">
    <calibration type="frame">
      <resolution width="320" height="256"/>
      <f>370.57655792263859</f>
      <cx>5.0450004877125707</cx>
      <cy>4.2693640549054805</cy>
    </calibration>
  </depth_map>
  <depth_map camera_id="43" level="2" path="2/d43.exr">
    <calibration type="frame">
      <resolution width="160" height="128"/>
      <f>185.28827896131929</f>
      <cx>2.5225002438562854</cx>
      <cy>2.1346820274527403</cy>
    </calibration>
  </depth_map>
  <depth_map camera_id="43" level="3" path="3/d43.exr">
    <calibration type="frame">
      <resolution width="80" height="64"/>
      <f>92.644139480659646</f>
      <cx>1.2612501219281427</cx>
      <cy>1.0673410137263701</cy>
    </calibration>
  </depth_map>
  <depth_map camera_id="72" level="0" path="0/d72.exr">
    <calibration type="frame">
      <resolution width="640" height="512"/>
      <f>741.15311584527717</f>
      <cx>10.090000975425141</cx>
      <cy>8.5387281098109611</cy>
    </calibration>
  </depth_map>
  <depth_map camera_id="72" level="1" path="1/d72.exr">
    <calibration type="frame">
      <resolution width="320" height="256"/>
      <f>370.57655792263859</f>
      <cx>5.0450004877125707</cx>
      <cy>4.2693640549054805</cy>
    </calibration>
  </depth_map>
  <depth_map camera_id="72" level="2" path="2/d72.exr">
    <calibration type="frame">
      <resolution width="160" height="128"/>
      <f>185.28827896131929</f>
      <cx>2.5225002438562854</cx>
      <cy>2.1346820274527403</cy>
    </calibration>
  </depth_map>
  <depth_map camera_id="72" level="3" path="3/d72.exr">
    <calibration type="frame">
      <resolution width="80" height="64"/>
      <f>92.644139480659646</f>
      <cx>1.2612501219281427</cx>
      <cy>1.0673410137263701</cy>
    </calibration>
  </depth_map>
  <depth_map camera_id="73" level="0" path="0/d73.exr">
    <calibration type="frame">
      <resolution width="640" height="512"/>
      <f>741.15311584527717</f>
      <cx>10.090000975425141</cx>
      <cy>8.5387281098109611</cy>
    </calibration>
  </depth_map>
  <depth_map camera_id="73" level="1" path="1/d73.exr">
    <calibration type="frame">
      <resolution width="320" height="256"/>
      <f>370.57655792263859</f>
      <cx>5.0450004877125707</cx>
      <cy>4.2693640549054805</cy>
    </calibration>
  </depth_map>
  <depth_map camera_id="73" level="2" path="2/d73.exr">
    <calibration type="frame">
      <resolution width="160" height="128"/>
      <f>185.28827896131929</f>
      <cx>2.5225002438562854</cx>
      <cy>2.1346820274527403</cy>
    </calibration>
  </depth_map>
  <depth_map camera_id="73" level="3" path="3/d73.exr">
    <calibration type="frame">
      <resolution width="80" height="64"/>
      <f>92.644139480659646</f>
      <cx>1.2612501219281427</cx>
      <cy>1.0673410137263701</cy>
    </calibration>
  </depth_map>
  <depth_map camera_id="74" level="0" path="0/d74.exr">
    <calibration type="frame">
      <resolution width="640" height="512"/>
      <f>741.15311584527717</f>
      <cx>10.090000975425141</cx>
      <cy>8.5387281098109611</cy>
    </calibration>
  </depth_map>
  <depth_map camera_id="74" level="1" path="1/d74.exr">
    <calibration type="frame">
      <resolution width="320" height="256"/>
      <f>370.57655792263859</f>
      <cx>5.0450004877125707</cx>
      <cy>4.2693640549054805</cy>
    </calibration>
  </depth_map>
  <depth_map camera_id="74" level="2" path="2/d74.exr">
    <calibration type="frame">
      <resolution width="160" height="128"/>
      <f>185.28827896131929</f>
      <cx>2.5225002438562854</cx>
      <cy>2.1346820274527403</cy>
    </calibration>
  </depth_map>
  <depth_map camera_id="74" level="3" path="3/d74.exr">
    <calibration type="frame">
      <resolution width="80" height="64"/>
      <f>92.644139480659646</f>
      <cx>1.2612501219281427</cx>
      <cy>1.0673410137263701</cy>
    </calibration>
  </depth_map>
  <depth_map camera_id="75" level="0" path="0/d75.exr">
    <calibration type="frame">
      <resolution width="640" height="512"/>
      <f>741.15311584527717</f>
      <cx>10.090000975425141</cx>
      <cy>8.5387281098109611</cy>
    </calibration>
  </depth_map>
  <depth_map camera_id="75" level="1" path="1/d75.exr">
    <calibration type="frame">
      <resolution width="320" height="256"/>
      <f>370.57655792263859</f>
      <cx>5.0450004877125707</cx>
      <cy>4.2693640549054805</cy>
    </calibration>
  </depth_map>
  <depth_map camera_id="75" level="2" path="2/d75.exr">
    <calibration type="frame">
      <resolution width="160" height="128"/>
      <f>185.28827896131929</f>
      <cx>2.5225002438562854</cx>
      <cy>2.1346820274527403</cy>
    </calibration>
  </depth_map>
  <depth_map camera_id="75" level="3" path="3/d75.exr">
    <calibration type="frame">
      <resolution width="80" height="64"/>
      <f>92.644139480659646</f>
      <cx>1.2612501219281427</cx>
      <cy>1.0673410137263701</cy>
    </calibration>
  </depth_map>
  <depth_map camera_id="78" level="0" path="0/d78.exr">
    <calibration type="frame">
      <resolution width="640" height="512"/>
      <f>741.15311584527717</f>
      <cx>10.090000975425141</cx>
      <cy>8.5387281098109611</cy>
    </calibration>
  </depth_map>
  <depth_map camera_id="78" level="1" path="1/d78.exr">
    <calibration type="frame">
      <resolution width="320" height="256"/>
      <f>370.57655792263859</f>
      <cx>5.0450004877125707</cx>
      <cy>4.2693640549054805</cy>
    </calibration>
  </depth_map>
  <depth_map camera_id="78" level="2" path="2/d78.exr">
    <calibration type="frame">
      <resolution width="160" height="128"/>
      <f>185.28827896131929</f>
      <cx>2.5225002438562854</cx>
      <cy>2.1346820274527403</cy>
    </calibration>
  </depth_map>
  <depth_map camera_id="78" level="3" path="3/d78.exr">
    <calibration type="frame">
      <resolution width="80" height="64"/>
      <f>92.644139480659646</f>
      <cx>1.2612501219281427</cx>
      <cy>1.0673410137263701</cy>
    </calibration>
  </depth_map>
  <depth_map camera_id="79" level="0" path="0/d79.exr">
    <calibration type="frame">
      <resolution width="640" height="512"/>
      <f>741.15311584527717</f>
      <cx>10.090000975425141</cx>
      <cy>8.5387281098109611</cy>
    </calibration>
  </depth_map>
  <depth_map camera_id="79" level="1" path="1/d79.exr">
    <calibration type="frame">
      <resolution width="320" height="256"/>
      <f>370.57655792263859</f>
      <cx>5.0450004877125707</cx>
      <cy>4.2693640549054805</cy>
    </calibration>
  </depth_map>
  <depth_map camera_id="79" level="2" path="2/d79.exr">
    <calibration type="frame">
      <resolution width="160" height="128"/>
      <f>185.28827896131929</f>
      <cx>2.5225002438562854</cx>
      <cy>2.1346820274527403</cy>
    </calibration>
  </depth_map>
  <depth_map camera_id="79" level="3" path="3/d79.exr">
    <calibration type="frame">
      <resolution width="80" height="64"/>
      <f>92.644139480659646</f>
      <cx>1.2612501219281427</cx>
      <cy>1.0673410137263701</cy>
    </calibration>
  </depth_map>
  <depth_map camera_id="80" level="0" path="0/d80.exr">
    <calibration type="frame">
      <resolution width="640" height="512"/>
      <f>741.15311584527717</f>
      <cx>10.090000975425141</cx>
      <cy>8.5387281098109611</cy>
    </calibration>
  </depth_map>
  <depth_map camera_id="80" level="1" path="1/d80.exr">
    <calibration type="frame">
      <resolution width="320" height="256"/>
      <f>370.57655792263859</f>
      <cx>5.0450004877125707</cx>
      <cy>4.2693640549054805</cy>
    </calibration>
  </depth_map>
  <depth_map camera_id="80" level="2" path="2/d80.exr">
    <calibration type="frame">
      <resolution width="160" height="128"/>
      <f>185.28827896131929</f>
      <cx>2.5225002438562854</cx>
      <cy>2.1346820274527403</cy>
    </calibration>
  </depth_map>
  <depth_map camera_id="80" level="3" path="3/d80.exr">
    <calibration type="frame">
      <resolution width="80" height="64"/>
      <f>92.644139480659646</f>
      <cx>1.2612501219281427</cx>
      <cy>1.0673410137263701</cy>
    </calibration>
  </depth_map>
  <depth_map camera_id="81" level="0" path="0/d81.exr">
    <calibration type="frame">
      <resolution width="640" height="512"/>
      <f>741.15311584527717</f>
      <cx>10.090000975425141</cx>
      <cy>8.5387281098109611</cy>
    </calibration>
  </depth_map>
  <depth_map camera_id="81" level="1" path="1/d81.exr">
    <calibration type="frame">
      <resolution width="320" height="256"/>
      <f>370.57655792263859</f>
      <cx>5.0450004877125707</cx>
      <cy>4.2693640549054805</cy>
    </calibration>
  </depth_map>
  <depth_map camera_id="81" level="2" path="2/d81.exr">
    <calibration type="frame">
      <resolution width="160" height="128"/>
      <f>185.28827896131929</f>
      <cx>2.5225002438562854</cx>
      <cy>2.1346820274527403</cy>
    </calibration>
  </depth_map>
  <depth_map camera_id="81" level="3" path="3/d81.exr">
    <calibration type="frame">
      <resolution width="80" height="64"/>
      <f>92.644139480659646</f>
      <cx>1.2612501219281427</cx>
      <cy>1.0673410137263701</cy>
    </calibration>
  </depth_map>
  <depth_map camera_id="82" level="0" path="0/d82.exr">
    <calibration type="frame">
      <resolution width="640" height="512"/>
      <f>741.15311584527717</f>
      <cx>10.090000975425141</cx>
      <cy>8.5387281098109611</cy>
    </calibration>
  </depth_map>
  <depth_map camera_id="82" level="1" path="1/d82.exr">
    <calibration type="frame">
      <resolution width="320" height="256"/>
      <f>370.57655792263859</f>
      <cx>5.0450004877125707</cx>
      <cy>4.2693640549054805</cy>
    </calibration>
  </depth_map>
  <depth_map camera_id="82" level="2" path="2/d82.exr">
    <calibration type="frame">
      <resolution width="160" height="128"/>
      <f>185.28827896131929</f>
      <cx>2.5225002438562854</cx>
      <cy>2.1346820274527403</cy>
    </calibration>
  </depth_map>
  <depth_map camera_id="82" level="3" path="3/d82.exr">
    <calibration type="frame">
      <resolution width="80" height="64"/>
      <f>92.644139480659646</f>
      <cx>1.2612501219281427</cx>
      <cy>1.0673410137263701</cy>
    </calibration>
  </depth_map>
  <depth_map camera_id="83" level="0" path="0/d83.exr">
    <calibration type="frame">
      <resolution width="640" height="512"/>
      <f>741.15311584527717</f>
      <cx>10.090000975425141</cx>
      <cy>8.5387281098109611</cy>
    </calibration>
  </depth_map>
  <depth_map camera_id="83" level="1" path="1/d83.exr">
    <calibration type="frame">
      <resolution width="320" height="256"/>
      <f>370.57655792263859</f>
      <cx>5.0450004877125707</cx>
      <cy>4.2693640549054805</cy>
    </calibration>
  </depth_map>
  <depth_map camera_id="83" level="2" path="2/d83.exr">
    <calibration type="frame">
      <resolution width="160" height="128"/>
      <f>185.28827896131929</f>
      <cx>2.5225002438562854</cx>
      <cy>2.1346820274527403</cy>
    </calibration>
  </depth_map>
  <depth_map camera_id="83" level="3" path="3/d83.exr">
    <calibration type="frame">
      <resolution width="80" height="64"/>
      <f>92.644139480659646</f>
      <cx>1.2612501219281427</cx>
      <cy>1.0673410137263701</cy>
    </calibration>
  </depth_map>
  <depth_map camera_id="84" level="0" path="0/d84.exr">
    <calibration type="frame">
      <resolution width="640" height="512"/>
      <f>741.15311584527717</f>
      <cx>10.090000975425141</cx>
      <cy>8.5387281098109611</cy>
    </calibration>
  </depth_map>
  <depth_map camera_id="84" level="1" path="1/d84.exr">
    <calibration type="frame">
      <resolution width="320" height="256"/>
      <f>370.57655792263859</f>
      <cx>5.0450004877125707</cx>
      <cy>4.2693640549054805</cy>
    </calibration>
  </depth_map>
  <depth_map camera_id="84" level="2" path="2/d84.exr">
    <calibration type="frame">
      <resolution width="160" height="128"/>
      <f>185.28827896131929</f>
      <cx>2.5225002438562854</cx>
      <cy>2.1346820274527403</cy>
    </calibration>
  </depth_map>
  <depth_map camera_id="84" level="3" path="3/d84.exr">
    <calibration type="frame">
      <resolution width="80" height="64"/>
      <f>92.644139480659646</f>
      <cx>1.2612501219281427</cx>
      <cy>1.0673410137263701</cy>
    </calibration>
  </depth_map>
  <depth_map camera_id="85" level="0" path="0/d85.exr">
    <calibration type="frame">
      <resolution width="640" height="512"/>
      <f>741.15311584527717</f>
      <cx>10.090000975425141</cx>
      <cy>8.5387281098109611</cy>
    </calibration>
  </depth_map>
  <depth_map camera_id="85" level="1" path="1/d85.exr">
    <calibration type="frame">
      <resolution width="320" height="256"/>
      <f>370.57655792263859</f>
      <cx>5.0450004877125707</cx>
      <cy>4.2693640549054805</cy>
    </calibration>
  </depth_map>
  <depth_map camera_id="85" level="2" path="2/d85.exr">
    <calibration type="frame">
      <resolution width="160" height="128"/>
      <f>185.28827896131929</f>
      <cx>2.5225002438562854</cx>
      <cy>2.1346820274527403</cy>
    </calibration>
  </depth_map>
  <depth_map camera_id="85" level="3" path="3/d85.exr">
    <calibration type="frame">
      <resolution width="80" height="64"/>
      <f>92.644139480659646</f>
      <cx>1.2612501219281427</cx>
      <cy>1.0673410137263701</cy>
    </calibration>
  </depth_map>
  <depth_map camera_id="86" level="0" path="0/d86.exr">
    <calibration type="frame">
      <resolution width="640" height="512"/>
      <f>741.15311584527717</f>
      <cx>10.090000975425141</cx>
      <cy>8.5387281098109611</cy>
    </calibration>
  </depth_map>
  <depth_map camera_id="86" level="1" path="1/d86.exr">
    <calibration type="frame">
      <resolution width="320" height="256"/>
      <f>370.57655792263859</f>
      <cx>5.0450004877125707</cx>
      <cy>4.2693640549054805</cy>
    </calibration>
  </depth_map>
  <depth_map camera_id="86" level="2" path="2/d86.exr">
    <calibration type="frame">
      <resolution width="160" height="128"/>
      <f>185.28827896131929</f>
      <cx>2.5225002438562854</cx>
      <cy>2.1346820274527403</cy>
    </calibration>
  </depth_map>
  <depth_map camera_id="86" level="3" path="3/d86.exr">
    <calibration type="frame">
      <resolution width="80" height="64"/>
      <f>92.644139480659646</f>
      <cx>1.2612501219281427</cx>
      <cy>1.0673410137263701</cy>
    </calibration>
  </depth_map>
  <depth_map camera_id="87" level="0" path="0/d87.exr">
    <calibration type="frame">
      <resolution width="640" height="512"/>
      <f>741.15311584527717</f>
      <cx>10.090000975425141</cx>
      <cy>8.5387281098109611</cy>
    </calibration>
  </depth_map>
  <depth_map camera_id="87" level="1" path="1/d87.exr">
    <calibration type="frame">
      <resolution width="320" height="256"/>
      <f>370.57655792263859</f>
      <cx>5.0450004877125707</cx>
      <cy>4.2693640549054805</cy>
    </calibration>
  </depth_map>
  <depth_map camera_id="87" level="2" path="2/d87.exr">
    <calibration type="frame">
      <resolution width="160" height="128"/>
      <f>185.28827896131929</f>
      <cx>2.5225002438562854</cx>
      <cy>2.1346820274527403</cy>
    </calibration>
  </depth_map>
  <depth_map camera_id="87" level="3" path="3/d87.exr">
    <calibration type="frame">
      <resolution width="80" height="64"/>
      <f>92.644139480659646</f>
      <cx>1.2612501219281427</cx>
      <cy>1.0673410137263701</cy>
    </calibration>
  </depth_map>
  <depth_map camera_id="88" level="0" path="0/d88.exr">
    <calibration type="frame">
      <resolution width="640" height="512"/>
      <f>741.15311584527717</f>
      <cx>10.090000975425141</cx>
      <cy>8.5387281098109611</cy>
    </calibration>
  </depth_map>
  <depth_map camera_id="88" level="1" path="1/d88.exr">
    <calibration type="frame">
      <resolution width="320" height="256"/>
      <f>370.57655792263859</f>
      <cx>5.0450004877125707</cx>
      <cy>4.2693640549054805</cy>
    </calibration>
  </depth_map>
  <depth_map camera_id="88" level="2" path="2/d88.exr">
    <calibration type="frame">
      <resolution width="160" height="128"/>
      <f>185.28827896131929</f>
      <cx>2.5225002438562854</cx>
      <cy>2.1346820274527403</cy>
    </calibration>
  </depth_map>
  <depth_map camera_id="88" level="3" path="3/d88.exr">
    <calibration type="frame">
      <resolution width="80" height="64"/>
      <f>92.644139480659646</f>
      <cx>1.2612501219281427</cx>
      <cy>1.0673410137263701</cy>
    </calibration>
  </depth_map>
  <depth_map camera_id="89" level="0" path="0/d89.exr">
    <calibration type="frame">
      <resolution width="640" height="512"/>
      <f>741.15311584527717</f>
      <cx>10.090000975425141</cx>
      <cy>8.5387281098109611</cy>
    </calibration>
  </depth_map>
  <depth_map camera_id="89" level="1" path="1/d89.exr">
    <calibration type="frame">
      <resolution width="320" height="256"/>
      <f>370.57655792263859</f>
      <cx>5.0450004877125707</cx>
      <cy>4.2693640549054805</cy>
    </calibration>
  </depth_map>
  <depth_map camera_id="89" level="2" path="2/d89.exr">
    <calibration type="frame">
      <resolution width="160" height="128"/>
      <f>185.28827896131929</f>
      <cx>2.5225002438562854</cx>
      <cy>2.1346820274527403</cy>
    </calibration>
  </depth_map>
  <depth_map camera_id="89" level="3" path="3/d89.exr">
    <calibration type="frame">
      <resolution width="80" height="64"/>
      <f>92.644139480659646</f>
      <cx>1.2612501219281427</cx>
      <cy>1.0673410137263701</cy>
    </calibration>
  </depth_map>
  <depth_map camera_id="90" level="0" path="0/d90.exr">
    <calibration type="frame">
      <resolution width="640" height="512"/>
      <f>741.15311584527717</f>
      <cx>10.090000975425141</cx>
      <cy>8.5387281098109611</cy>
    </calibration>
  </depth_map>
  <depth_map camera_id="90" level="1" path="1/d90.exr">
    <calibration type="frame">
      <resolution width="320" height="256"/>
      <f>370.57655792263859</f>
      <cx>5.0450004877125707</cx>
      <cy>4.2693640549054805</cy>
    </calibration>
  </depth_map>
  <depth_map camera_id="90" level="2" path="2/d90.exr">
    <calibration type="frame">
      <resolution width="160" height="128"/>
      <f>185.28827896131929</f>
      <cx>2.5225002438562854</cx>
      <cy>2.1346820274527403</cy>
    </calibration>
  </depth_map>
  <depth_map camera_id="90" level="3" path="3/d90.exr">
    <calibration type="frame">
      <resolution width="80" height="64"/>
      <f>92.644139480659646</f>
      <cx>1.2612501219281427</cx>
      <cy>1.0673410137263701</cy>
    </calibration>
  </depth_map>
  <depth_map camera_id="91" level="0" path="0/d91.exr">
    <calibration type="frame">
      <resolution width="640" height="512"/>
      <f>741.15311584527717</f>
      <cx>10.090000975425141</cx>
      <cy>8.5387281098109611</cy>
    </calibration>
  </depth_map>
  <depth_map camera_id="91" level="1" path="1/d91.exr">
    <calibration type="frame">
      <resolution width="320" height="256"/>
      <f>370.57655792263859</f>
      <cx>5.0450004877125707</cx>
      <cy>4.2693640549054805</cy>
    </calibration>
  </depth_map>
  <depth_map camera_id="91" level="2" path="2/d91.exr">
    <calibration type="frame">
      <resolution width="160" height="128"/>
      <f>185.28827896131929</f>
      <cx>2.5225002438562854</cx>
      <cy>2.1346820274527403</cy>
    </calibration>
  </depth_map>
  <depth_map camera_id="91" level="3" path="3/d91.exr">
    <calibration type="frame">
      <resolution width="80" height="64"/>
      <f>92.644139480659646</f>
      <cx>1.2612501219281427</cx>
      <cy>1.0673410137263701</cy>
    </calibration>
  </depth_map>
  <depth_map camera_id="92" level="0" path="0/d92.exr">
    <calibration type="frame">
      <resolution width="640" height="512"/>
      <f>741.15311584527717</f>
      <cx>10.090000975425141</cx>
      <cy>8.5387281098109611</cy>
    </calibration>
  </depth_map>
  <depth_map camera_id="92" level="1" path="1/d92.exr">
    <calibration type="frame">
      <resolution width="320" height="256"/>
      <f>370.57655792263859</f>
      <cx>5.0450004877125707</cx>
      <cy>4.2693640549054805</cy>
    </calibration>
  </depth_map>
  <depth_map camera_id="92" level="2" path="2/d92.exr">
    <calibration type="frame">
      <resolution width="160" height="128"/>
      <f>185.28827896131929</f>
      <cx>2.5225002438562854</cx>
      <cy>2.1346820274527403</cy>
    </calibration>
  </depth_map>
  <depth_map camera_id="92" level="3" path="3/d92.exr">
    <calibration type="frame">
      <resolution width="80" height="64"/>
      <f>92.644139480659646</f>
      <cx>1.2612501219281427</cx>
      <cy>1.0673410137263701</cy>
    </calibration>
  </depth_map>
  <depth_map camera_id="93" level="0" path="0/d93.exr">
    <calibration type="frame">
      <resolution width="640" height="512"/>
      <f>741.15311584527717</f>
      <cx>10.090000975425141</cx>
      <cy>8.5387281098109611</cy>
    </calibration>
  </depth_map>
  <depth_map camera_id="93" level="1" path="1/d93.exr">
    <calibration type="frame">
      <resolution width="320" height="256"/>
      <f>370.57655792263859</f>
      <cx>5.0450004877125707</cx>
      <cy>4.2693640549054805</cy>
    </calibration>
  </depth_map>
  <depth_map camera_id="93" level="2" path="2/d93.exr">
    <calibration type="frame">
      <resolution width="160" height="128"/>
      <f>185.28827896131929</f>
      <cx>2.5225002438562854</cx>
      <cy>2.1346820274527403</cy>
    </calibration>
  </depth_map>
  <depth_map camera_id="93" level="3" path="3/d93.exr">
    <calibration type="frame">
      <resolution width="80" height="64"/>
      <f>92.644139480659646</f>
      <cx>1.2612501219281427</cx>
      <cy>1.0673410137263701</cy>
    </calibration>
  </depth_map>
  <depth_map camera_id="94" level="0" path="0/d94.exr">
    <calibration type="frame">
      <resolution width="640" height="512"/>
      <f>741.15311584527717</f>
      <cx>10.090000975425141</cx>
      <cy>8.5387281098109611</cy>
    </calibration>
  </depth_map>
  <depth_map camera_id="94" level="1" path="1/d94.exr">
    <calibration type="frame">
      <resolution width="320" height="256"/>
      <f>370.57655792263859</f>
      <cx>5.0450004877125707</cx>
      <cy>4.2693640549054805</cy>
    </calibration>
  </depth_map>
  <depth_map camera_id="94" level="2" path="2/d94.exr">
    <calibration type="frame">
      <resolution width="160" height="128"/>
      <f>185.28827896131929</f>
      <cx>2.5225002438562854</cx>
      <cy>2.1346820274527403</cy>
    </calibration>
  </depth_map>
  <depth_map camera_id="94" level="3" path="3/d94.exr">
    <calibration type="frame">
      <resolution width="80" height="64"/>
      <f>92.644139480659646</f>
      <cx>1.2612501219281427</cx>
      <cy>1.0673410137263701</cy>
    </calibration>
  </depth_map>
  <depth_map camera_id="95" level="0" path="0/d95.exr">
    <calibration type="frame">
      <resolution width="640" height="512"/>
      <f>741.15311584527717</f>
      <cx>10.090000975425141</cx>
      <cy>8.5387281098109611</cy>
    </calibration>
  </depth_map>
  <depth_map camera_id="95" level="1" path="1/d95.exr">
    <calibration type="frame">
      <resolution width="320" height="256"/>
      <f>370.57655792263859</f>
      <cx>5.0450004877125707</cx>
      <cy>4.2693640549054805</cy>
    </calibration>
  </depth_map>
  <depth_map camera_id="95" level="2" path="2/d95.exr">
    <calibration type="frame">
      <resolution width="160" height="128"/>
      <f>185.28827896131929</f>
      <cx>2.5225002438562854</cx>
      <cy>2.1346820274527403</cy>
    </calibration>
  </depth_map>
  <depth_map camera_id="95" level="3" path="3/d95.exr">
    <calibration type="frame">
      <resolution width="80" height="64"/>
      <f>92.644139480659646</f>
      <cx>1.2612501219281427</cx>
      <cy>1.0673410137263701</cy>
    </calibration>
  </depth_map>
  <depth_map camera_id="120" level="0" path="0/d120.exr">
    <calibration type="frame">
      <resolution width="640" height="512"/>
      <f>741.15311584527717</f>
      <cx>10.090000975425141</cx>
      <cy>8.5387281098109611</cy>
    </calibration>
  </depth_map>
  <depth_map camera_id="120" level="1" path="1/d120.exr">
    <calibration type="frame">
      <resolution width="320" height="256"/>
      <f>370.57655792263859</f>
      <cx>5.0450004877125707</cx>
      <cy>4.2693640549054805</cy>
    </calibration>
  </depth_map>
  <depth_map camera_id="120" level="2" path="2/d120.exr">
    <calibration type="frame">
      <resolution width="160" height="128"/>
      <f>185.28827896131929</f>
      <cx>2.5225002438562854</cx>
      <cy>2.1346820274527403</cy>
    </calibration>
  </depth_map>
  <depth_map camera_id="120" level="3" path="3/d120.exr">
    <calibration type="frame">
      <resolution width="80" height="64"/>
      <f>92.644139480659646</f>
      <cx>1.2612501219281427</cx>
      <cy>1.0673410137263701</cy>
    </calibration>
  </depth_map>
  <depth_map camera_id="121" level="0" path="0/d121.exr">
    <calibration type="frame">
      <resolution width="640" height="512"/>
      <f>741.15311584527717</f>
      <cx>10.090000975425141</cx>
      <cy>8.5387281098109611</cy>
    </calibration>
  </depth_map>
  <depth_map camera_id="121" level="1" path="1/d121.exr">
    <calibration type="frame">
      <resolution width="320" height="256"/>
      <f>370.57655792263859</f>
      <cx>5.0450004877125707</cx>
      <cy>4.2693640549054805</cy>
    </calibration>
  </depth_map>
  <depth_map camera_id="121" level="2" path="2/d121.exr">
    <calibration type="frame">
      <resolution width="160" height="128"/>
      <f>185.28827896131929</f>
      <cx>2.5225002438562854</cx>
      <cy>2.1346820274527403</cy>
    </calibration>
  </depth_map>
  <depth_map camera_id="121" level="3" path="3/d121.exr">
    <calibration type="frame">
      <resolution width="80" height="64"/>
      <f>92.644139480659646</f>
      <cx>1.2612501219281427</cx>
      <cy>1.0673410137263701</cy>
    </calibration>
  </depth_map>
  <depth_map camera_id="122" level="0" path="0/d122.exr">
    <calibration type="frame">
      <resolution width="640" height="512"/>
      <f>741.15311584527717</f>
      <cx>10.090000975425141</cx>
      <cy>8.5387281098109611</cy>
    </calibration>
  </depth_map>
  <depth_map camera_id="122" level="1" path="1/d122.exr">
    <calibration type="frame">
      <resolution width="320" height="256"/>
      <f>370.57655792263859</f>
      <cx>5.0450004877125707</cx>
      <cy>4.2693640549054805</cy>
    </calibration>
  </depth_map>
  <depth_map camera_id="122" level="2" path="2/d122.exr">
    <calibration type="frame">
      <resolution width="160" height="128"/>
      <f>185.28827896131929</f>
      <cx>2.5225002438562854</cx>
      <cy>2.1346820274527403</cy>
    </calibration>
  </depth_map>
  <depth_map camera_id="122" level="3" path="3/d122.exr">
    <calibration type="frame">
      <resolution width="80" height="64"/>
      <f>92.644139480659646</f>
      <cx>1.2612501219281427</cx>
      <cy>1.0673410137263701</cy>
    </calibration>
  </depth_map>
  <depth_map camera_id="123" level="0" path="0/d123.exr">
    <calibration type="frame">
      <resolution width="640" height="512"/>
      <f>741.15311584527717</f>
      <cx>10.090000975425141</cx>
      <cy>8.5387281098109611</cy>
    </calibration>
  </depth_map>
  <depth_map camera_id="123" level="1" path="1/d123.exr">
    <calibration type="frame">
      <resolution width="320" height="256"/>
      <f>370.57655792263859</f>
      <cx>5.0450004877125707</cx>
      <cy>4.2693640549054805</cy>
    </calibration>
  </depth_map>
  <depth_map camera_id="123" level="2" path="2/d123.exr">
    <calibration type="frame">
      <resolution width="160" height="128"/>
      <f>185.28827896131929</f>
      <cx>2.5225002438562854</cx>
      <cy>2.1346820274527403</cy>
    </calibration>
  </depth_map>
  <depth_map camera_id="123" level="3" path="3/d123.exr">
    <calibration type="frame">
      <resolution width="80" height="64"/>
      <f>92.644139480659646</f>
      <cx>1.2612501219281427</cx>
      <cy>1.0673410137263701</cy>
    </calibration>
  </depth_map>
  <depth_map camera_id="124" level="0" path="0/d124.exr">
    <calibration type="frame">
      <resolution width="640" height="512"/>
      <f>741.15311584527717</f>
      <cx>10.090000975425141</cx>
      <cy>8.5387281098109611</cy>
    </calibration>
  </depth_map>
  <depth_map camera_id="124" level="1" path="1/d124.exr">
    <calibration type="frame">
      <resolution width="320" height="256"/>
      <f>370.57655792263859</f>
      <cx>5.0450004877125707</cx>
      <cy>4.2693640549054805</cy>
    </calibration>
  </depth_map>
  <depth_map camera_id="124" level="2" path="2/d124.exr">
    <calibration type="frame">
      <resolution width="160" height="128"/>
      <f>185.28827896131929</f>
      <cx>2.5225002438562854</cx>
      <cy>2.1346820274527403</cy>
    </calibration>
  </depth_map>
  <depth_map camera_id="124" level="3" path="3/d124.exr">
    <calibration type="frame">
      <resolution width="80" height="64"/>
      <f>92.644139480659646</f>
      <cx>1.2612501219281427</cx>
      <cy>1.0673410137263701</cy>
    </calibration>
  </depth_map>
  <depth_map camera_id="125" level="0" path="0/d125.exr">
    <calibration type="frame">
      <resolution width="640" height="512"/>
      <f>741.15311584527717</f>
      <cx>10.090000975425141</cx>
      <cy>8.5387281098109611</cy>
    </calibration>
  </depth_map>
  <depth_map camera_id="125" level="1" path="1/d125.exr">
    <calibration type="frame">
      <resolution width="320" height="256"/>
      <f>370.57655792263859</f>
      <cx>5.0450004877125707</cx>
      <cy>4.2693640549054805</cy>
    </calibration>
  </depth_map>
  <depth_map camera_id="125" level="2" path="2/d125.exr">
    <calibration type="frame">
      <resolution width="160" height="128"/>
      <f>185.28827896131929</f>
      <cx>2.5225002438562854</cx>
      <cy>2.1346820274527403</cy>
    </calibration>
  </depth_map>
  <depth_map camera_id="125" level="3" path="3/d125.exr">
    <calibration type="frame">
      <resolution width="80" height="64"/>
      <f>92.644139480659646</f>
      <cx>1.2612501219281427</cx>
      <cy>1.0673410137263701</cy>
    </calibration>
  </depth_map>
  <depth_map camera_id="126" level="0" path="0/d126.exr">
    <calibration type="frame">
      <resolution width="640" height="512"/>
      <f>741.15311584527717</f>
      <cx>10.090000975425141</cx>
      <cy>8.5387281098109611</cy>
    </calibration>
  </depth_map>
  <depth_map camera_id="126" level="1" path="1/d126.exr">
    <calibration type="frame">
      <resolution width="320" height="256"/>
      <f>370.57655792263859</f>
      <cx>5.0450004877125707</cx>
      <cy>4.2693640549054805</cy>
    </calibration>
  </depth_map>
  <depth_map camera_id="126" level="2" path="2/d126.exr">
    <calibration type="frame">
      <resolution width="160" height="128"/>
      <f>185.28827896131929</f>
      <cx>2.5225002438562854</cx>
      <cy>2.1346820274527403</cy>
    </calibration>
  </depth_map>
  <depth_map camera_id="126" level="3" path="3/d126.exr">
    <calibration type="frame">
      <resolution width="80" height="64"/>
      <f>92.644139480659646</f>
      <cx>1.2612501219281427</cx>
      <cy>1.0673410137263701</cy>
    </calibration>
  </depth_map>
  <depth_map camera_id="127" level="0" path="0/d127.exr">
    <calibration type="frame">
      <resolution width="640" height="512"/>
      <f>741.15311584527717</f>
      <cx>10.090000975425141</cx>
      <cy>8.5387281098109611</cy>
    </calibration>
  </depth_map>
  <depth_map camera_id="127" level="1" path="1/d127.exr">
    <calibration type="frame">
      <resolution width="320" height="256"/>
      <f>370.57655792263859</f>
      <cx>5.0450004877125707</cx>
      <cy>4.2693640549054805</cy>
    </calibration>
  </depth_map>
  <depth_map camera_id="127" level="2" path="2/d127.exr">
    <calibration type="frame">
      <resolution width="160" height="128"/>
      <f>185.28827896131929</f>
      <cx>2.5225002438562854</cx>
      <cy>2.1346820274527403</cy>
    </calibration>
  </depth_map>
  <depth_map camera_id="127" level="3" path="3/d127.exr">
    <calibration type="frame">
      <resolution width="80" height="64"/>
      <f>92.644139480659646</f>
      <cx>1.2612501219281427</cx>
      <cy>1.0673410137263701</cy>
    </calibration>
  </depth_map>
  <depth_map camera_id="128" level="0" path="0/d128.exr">
    <calibration type="frame">
      <resolution width="640" height="512"/>
      <f>741.15311584527717</f>
      <cx>10.090000975425141</cx>
      <cy>8.5387281098109611</cy>
    </calibration>
  </depth_map>
  <depth_map camera_id="128" level="1" path="1/d128.exr">
    <calibration type="frame">
      <resolution width="320" height="256"/>
      <f>370.57655792263859</f>
      <cx>5.0450004877125707</cx>
      <cy>4.2693640549054805</cy>
    </calibration>
  </depth_map>
  <depth_map camera_id="128" level="2" path="2/d128.exr">
    <calibration type="frame">
      <resolution width="160" height="128"/>
      <f>185.28827896131929</f>
      <cx>2.5225002438562854</cx>
      <cy>2.1346820274527403</cy>
    </calibration>
  </depth_map>
  <depth_map camera_id="128" level="3" path="3/d128.exr">
    <calibration type="frame">
      <resolution width="80" height="64"/>
      <f>92.644139480659646</f>
      <cx>1.2612501219281427</cx>
      <cy>1.0673410137263701</cy>
    </calibration>
  </depth_map>
  <depth_map camera_id="129" level="0" path="0/d129.exr">
    <calibration type="frame">
      <resolution width="640" height="512"/>
      <f>741.15311584527717</f>
      <cx>10.090000975425141</cx>
      <cy>8.5387281098109611</cy>
    </calibration>
  </depth_map>
  <depth_map camera_id="129" level="1" path="1/d129.exr">
    <calibration type="frame">
      <resolution width="320" height="256"/>
      <f>370.57655792263859</f>
      <cx>5.0450004877125707</cx>
      <cy>4.2693640549054805</cy>
    </calibration>
  </depth_map>
  <depth_map camera_id="129" level="2" path="2/d129.exr">
    <calibration type="frame">
      <resolution width="160" height="128"/>
      <f>185.28827896131929</f>
      <cx>2.5225002438562854</cx>
      <cy>2.1346820274527403</cy>
    </calibration>
  </depth_map>
  <depth_map camera_id="129" level="3" path="3/d129.exr">
    <calibration type="frame">
      <resolution width="80" height="64"/>
      <f>92.644139480659646</f>
      <cx>1.2612501219281427</cx>
      <cy>1.0673410137263701</cy>
    </calibration>
  </depth_map>
</depth_maps>
