<?xml version="1.0" encoding="UTF-8"?>
<model version="1.2.0">
  <mesh path="mesh.ply">
    <faceCount>1520980</faceCount>
    <vertexCount>762698</vertexCount>
    <hasVertexColors>true</hasVertexColors>
    <hasVertexConfidence>false</hasVertexConfidence>
    <hasUV>false</hasUV>
  </mesh>
  <params>
    <dataType>uint8</dataType>
    <bands>
      <band label="Red"/>
      <band label="Green"/>
      <band label="Blue"/>
    </bands>
    <color>#ff8080b0</color>
  </params>
  <meta>
    <property name="BuildDepthMaps/cameras" value=""/>
    <property name="BuildDepthMaps/downscale" value="1"/>
    <property name="BuildDepthMaps/duration" value="59.559"/>
    <property name="BuildDepthMaps/filter_mode" value="2"/>
    <property name="BuildDepthMaps/max_neighbors" value="-1"/>
    <property name="BuildDepthMaps/max_workgroup_size" value="100"/>
    <property name="BuildDepthMaps/ram_used" value="324206592"/>
    <property name="BuildDepthMaps/reuse_depth" value="false"/>
    <property name="BuildDepthMaps/subdivide_task" value="true"/>
    <property name="BuildDepthMaps/workitem_size_cameras" value="20"/>
    <property name="BuildModel/cameras" value=""/>
    <property name="BuildModel/classes" value=""/>
    <property name="BuildModel/duration" value="253.537"/>
    <property name="BuildModel/face_count" value="3"/>
    <property name="BuildModel/face_count_custom" value="200000"/>
    <property name="BuildModel/interpolation" value="1"/>
    <property name="BuildModel/keep_depth" value="true"/>
    <property name="BuildModel/max_workgroup_size" value="100"/>
    <property name="BuildModel/ram_used" value="4135829504"/>
    <property name="BuildModel/resolution" value="0.00673403274031561"/>
    <property name="BuildModel/source_data" value="1"/>
    <property name="BuildModel/subdivide_task" value="true"/>
    <property name="BuildModel/surface_type" value="0"/>
    <property name="BuildModel/trimming_radius" value="10"/>
    <property name="BuildModel/vertex_colors" value="true"/>
    <property name="BuildModel/vertex_confidence" value="true"/>
    <property name="BuildModel/volumetric_masks" value="false"/>
    <property name="BuildModel/workitem_size_cameras" value="20"/>
    <property name="Info/LastSavedDateTime" value="2023:02:27 10:08:53"/>
    <property name="Info/LastSavedSoftwareVersion" value="1.7.3.12473"/>
    <property name="Info/OriginalDateTime" value="2023:02:27 10:04:39"/>
    <property name="Info/OriginalSoftwareVersion" value="1.7.3.12473"/>
  </meta>
</model>
