<?xml version="1.0" encoding="UTF-8"?>
<dense_cloud version="1.2.0">
  <tiles>
    <tile path="dense_cloud.oc3">
      <totalCount>7620938</totalCount>
      <validCount>7620938</validCount>
      <pointCount class="0">7620938</pointCount>
      <hasPointNormals>true</hasPointNormals>
      <hasPointConfidence>false</hasPointConfidence>
    </tile>
  </tiles>
  <params>
    <dataType>uint8</dataType>
    <bands>
      <band label="Red"/>
      <band label="Green"/>
      <band label="Blue"/>
    </bands>
  </params>
  <meta>
    <property name="BuildDenseCloud/duration" value="52.685"/>
    <property name="BuildDenseCloud/keep_depth" value="true"/>
    <property name="BuildDenseCloud/max_neighbors" value="100"/>
    <property name="BuildDenseCloud/max_workgroup_size" value="100"/>
    <property name="BuildDenseCloud/point_colors" value="true"/>
    <property name="BuildDenseCloud/point_confidence" value="false"/>
    <property name="BuildDenseCloud/ram_used" value="2434531328"/>
    <property name="BuildDenseCloud/resolution" value="0.00673406647868378"/>
    <property name="BuildDenseCloud/subdivide_task" value="true"/>
    <property name="BuildDenseCloud/workitem_size_cameras" value="20"/>
    <property name="BuildDepthMaps/cameras" value=""/>
    <property name="BuildDepthMaps/downscale" value="1"/>
    <property name="BuildDepthMaps/duration" value="60.513"/>
    <property name="BuildDepthMaps/filter_mode" value="2"/>
    <property name="BuildDepthMaps/max_neighbors" value="-1"/>
    <property name="BuildDepthMaps/max_workgroup_size" value="100"/>
    <property name="BuildDepthMaps/ram_used" value="325197824"/>
    <property name="BuildDepthMaps/reuse_depth" value="false"/>
    <property name="BuildDepthMaps/subdivide_task" value="true"/>
    <property name="BuildDepthMaps/workitem_size_cameras" value="20"/>
    <property name="Info/LastSavedDateTime" value="2023:03:31 06:16:46"/>
    <property name="Info/LastSavedSoftwareVersion" value="1.7.3.12473"/>
    <property name="Info/OriginalDateTime" value="2023:03:31 06:16:46"/>
    <property name="Info/OriginalSoftwareVersion" value="1.7.3.12473"/>
  </meta>
</dense_cloud>
