<?xml version="1.0" encoding="UTF-8"?>
<orthomosaic version="1.2.0">
  <images level_count="10">
    <image id="225">
      <extent>
        <left>2507622.0765849892</left>
        <top>1139152.933750947</top>
        <right>2507661.6819609893</right>
        <bottom>1139112.6064019471</bottom>
      </extent>
      <center>
        <x>2507643.7044936791</x>
        <y>1139134.152074862</y>
      </center>
      <pyramid>
        <level index="0" path="0/c225.tif" mask="0/m225.tif"/>
        <level index="1" path="1/c225.tif" mask="1/m225.tif"/>
        <level index="2" path="2/c225.tif" mask="2/m225.tif"/>
        <level index="3" path="3/c225.tif" mask="3/m225.tif"/>
        <level index="4" path="4/c225.tif" mask="4/m225.tif"/>
        <level index="5" path="5/c225.tif" mask="5/m225.tif"/>
        <level index="6" path="6/c225.tif" mask="6/m225.tif"/>
        <level index="7" path="7/c225.tif" mask="7/m225.tif"/>
        <level index="8" path="8/c225.tif" mask="8/m225.tif"/>
        <level index="9" path="9/c225.tif" mask="9/m225.tif"/>
      </pyramid>
    </image>
    <image id="223">
      <extent>
        <left>2507612.7940749894</left>
        <top>1139159.3799384469</top>
        <right>2507651.9353254894</right>
        <bottom>1139119.104158947</bottom>
      </extent>
      <center>
        <x>2507632.0815011915</x>
        <y>1139142.198041315</y>
      </center>
      <pyramid>
        <level index="0" path="0/c223.tif" mask="0/m223.tif"/>
        <level index="1" path="1/c223.tif" mask="1/m223.tif"/>
        <level index="2" path="2/c223.tif" mask="2/m223.tif"/>
        <level index="3" path="3/c223.tif" mask="3/m223.tif"/>
        <level index="4" path="4/c223.tif" mask="4/m223.tif"/>
        <level index="5" path="5/c223.tif" mask="5/m223.tif"/>
        <level index="6" path="6/c223.tif" mask="6/m223.tif"/>
        <level index="7" path="7/c223.tif" mask="7/m223.tif"/>
        <level index="8" path="8/c223.tif" mask="8/m223.tif"/>
        <level index="9" path="9/c223.tif" mask="9/m223.tif"/>
      </pyramid>
    </image>
    <image id="226">
      <extent>
        <left>2507627.8007994895</left>
        <top>1139149.272316447</top>
        <right>2507666.8904804895</right>
        <bottom>1139108.9965369471</bottom>
      </extent>
      <center>
        <x>2507649.1825023592</x>
        <y>1139130.7731755346</y>
      </center>
      <pyramid>
        <level index="0" path="0/c226.tif" mask="0/m226.tif"/>
        <level index="1" path="1/c226.tif" mask="1/m226.tif"/>
        <level index="2" path="2/c226.tif" mask="2/m226.tif"/>
        <level index="3" path="3/c226.tif" mask="3/m226.tif"/>
        <level index="4" path="4/c226.tif" mask="4/m226.tif"/>
        <level index="5" path="5/c226.tif" mask="5/m226.tif"/>
        <level index="6" path="6/c226.tif" mask="6/m226.tif"/>
        <level index="7" path="7/c226.tif" mask="7/m226.tif"/>
        <level index="8" path="8/c226.tif" mask="8/m226.tif"/>
        <level index="9" path="9/c226.tif" mask="9/m226.tif"/>
      </pyramid>
    </image>
    <image id="222">
      <extent>
        <left>2507606.5025959895</left>
        <top>1139162.2678304468</top>
        <right>2507646.6236669896</right>
        <bottom>1139122.5593154468</bottom>
      </extent>
      <center>
        <x>2507627.7720716987</x>
        <y>1139145.0414438073</y>
      </center>
      <pyramid>
        <level index="0" path="0/c222.tif" mask="0/m222.tif"/>
        <level index="1" path="1/c222.tif" mask="1/m222.tif"/>
        <level index="2" path="2/c222.tif" mask="2/m222.tif"/>
        <level index="3" path="3/c222.tif" mask="3/m222.tif"/>
        <level index="4" path="4/c222.tif" mask="4/m222.tif"/>
        <level index="5" path="5/c222.tif" mask="5/m222.tif"/>
        <level index="6" path="6/c222.tif" mask="6/m222.tif"/>
        <level index="7" path="7/c222.tif" mask="7/m222.tif"/>
        <level index="8" path="8/c222.tif" mask="8/m222.tif"/>
        <level index="9" path="9/c222.tif" mask="9/m222.tif"/>
      </pyramid>
    </image>
    <image id="227">
      <extent>
        <left>2507632.5451934892</left>
        <top>1139146.3328549468</top>
        <right>2507671.5833049892</right>
        <bottom>1139105.9023669469</bottom>
      </extent>
      <center>
        <x>2507653.3544666227</x>
        <y>1139127.7298864124</y>
      </center>
      <pyramid>
        <level index="0" path="0/c227.tif" mask="0/m227.tif"/>
        <level index="1" path="1/c227.tif" mask="1/m227.tif"/>
        <level index="2" path="2/c227.tif" mask="2/m227.tif"/>
        <level index="3" path="3/c227.tif" mask="3/m227.tif"/>
        <level index="4" path="4/c227.tif" mask="4/m227.tif"/>
        <level index="5" path="5/c227.tif" mask="5/m227.tif"/>
        <level index="6" path="6/c227.tif" mask="6/m227.tif"/>
        <level index="7" path="7/c227.tif" mask="7/m227.tif"/>
        <level index="8" path="8/c227.tif" mask="8/m227.tif"/>
        <level index="9" path="9/c227.tif" mask="9/m227.tif"/>
      </pyramid>
    </image>
    <image id="232">
      <extent>
        <left>2507657.4532619892</left>
        <top>1139129.418058947</top>
        <right>2507697.1617769892</right>
        <bottom>1139087.4404859471</bottom>
      </extent>
      <center>
        <x>2507678.7392695006</x>
        <y>1139109.852725432</y>
      </center>
      <pyramid>
        <level index="0" path="0/c232.tif" mask="0/m232.tif"/>
        <level index="1" path="1/c232.tif" mask="1/m232.tif"/>
        <level index="2" path="2/c232.tif" mask="2/m232.tif"/>
        <level index="3" path="3/c232.tif" mask="3/m232.tif"/>
        <level index="4" path="4/c232.tif" mask="4/m232.tif"/>
        <level index="5" path="5/c232.tif" mask="5/m232.tif"/>
        <level index="6" path="6/c232.tif" mask="6/m232.tif"/>
        <level index="7" path="7/c232.tif" mask="7/m232.tif"/>
        <level index="8" path="8/c232.tif" mask="8/m232.tif"/>
        <level index="9" path="9/c232.tif" mask="9/m232.tif"/>
      </pyramid>
    </image>
    <image id="224">
      <extent>
        <left>2507617.7963164891</left>
        <top>1139156.285768447</top>
        <right>2507656.6797194891</right>
        <bottom>1139115.9068499471</bottom>
      </extent>
      <center>
        <x>2507638.3747412842</x>
        <y>1139137.6092385282</y>
      </center>
      <pyramid>
        <level index="0" path="0/c224.tif" mask="0/m224.tif"/>
        <level index="1" path="1/c224.tif" mask="1/m224.tif"/>
        <level index="2" path="2/c224.tif" mask="2/m224.tif"/>
        <level index="3" path="3/c224.tif" mask="3/m224.tif"/>
        <level index="4" path="4/c224.tif" mask="4/m224.tif"/>
        <level index="5" path="5/c224.tif" mask="5/m224.tif"/>
        <level index="6" path="6/c224.tif" mask="6/m224.tif"/>
        <level index="7" path="7/c224.tif" mask="7/m224.tif"/>
        <level index="8" path="8/c224.tif" mask="8/m224.tif"/>
        <level index="9" path="9/c224.tif" mask="9/m224.tif"/>
      </pyramid>
    </image>
    <image id="229">
      <extent>
        <left>2507642.9622324891</left>
        <top>1139139.4741114469</top>
        <right>2507682.5160389892</right>
        <bottom>1139097.8575249468</bottom>
      </extent>
      <center>
        <x>2507662.1153946891</x>
        <y>1139120.8843761424</y>
      </center>
      <pyramid>
        <level index="0" path="0/c229.tif" mask="0/m229.tif"/>
        <level index="1" path="1/c229.tif" mask="1/m229.tif"/>
        <level index="2" path="2/c229.tif" mask="2/m229.tif"/>
        <level index="3" path="3/c229.tif" mask="3/m229.tif"/>
        <level index="4" path="4/c229.tif" mask="4/m229.tif"/>
        <level index="5" path="5/c229.tif" mask="5/m229.tif"/>
        <level index="6" path="6/c229.tif" mask="6/m229.tif"/>
        <level index="7" path="7/c229.tif" mask="7/m229.tif"/>
        <level index="8" path="8/c229.tif" mask="8/m229.tif"/>
        <level index="9" path="9/c229.tif" mask="9/m229.tif"/>
      </pyramid>
    </image>
    <image id="231">
      <extent>
        <left>2507652.6572984895</left>
        <top>1139132.8732154469</top>
        <right>2507692.0048269895</right>
        <bottom>1139091.3081984469</bottom>
      </extent>
      <center>
        <x>2507673.7476085834</x>
        <y>1139113.5445990805</y>
      </center>
      <pyramid>
        <level index="0" path="0/c231.tif" mask="0/m231.tif"/>
        <level index="1" path="1/c231.tif" mask="1/m231.tif"/>
        <level index="2" path="2/c231.tif" mask="2/m231.tif"/>
        <level index="3" path="3/c231.tif" mask="3/m231.tif"/>
        <level index="4" path="4/c231.tif" mask="4/m231.tif"/>
        <level index="5" path="5/c231.tif" mask="5/m231.tif"/>
        <level index="6" path="6/c231.tif" mask="6/m231.tif"/>
        <level index="7" path="7/c231.tif" mask="7/m231.tif"/>
        <level index="8" path="8/c231.tif" mask="8/m231.tif"/>
        <level index="9" path="9/c231.tif" mask="9/m231.tif"/>
      </pyramid>
    </image>
    <image id="228">
      <extent>
        <left>2507637.8052824894</left>
        <top>1139142.9292679469</top>
        <right>2507676.8433939894</right>
        <bottom>1139102.1377934469</bottom>
      </extent>
      <center>
        <x>2507657.6730009429</x>
        <y>1139124.7381740678</y>
      </center>
      <pyramid>
        <level index="0" path="0/c228.tif" mask="0/m228.tif"/>
        <level index="1" path="1/c228.tif" mask="1/m228.tif"/>
        <level index="2" path="2/c228.tif" mask="2/m228.tif"/>
        <level index="3" path="3/c228.tif" mask="3/m228.tif"/>
        <level index="4" path="4/c228.tif" mask="4/m228.tif"/>
        <level index="5" path="5/c228.tif" mask="5/m228.tif"/>
        <level index="6" path="6/c228.tif" mask="6/m228.tif"/>
        <level index="7" path="7/c228.tif" mask="7/m228.tif"/>
        <level index="8" path="8/c228.tif" mask="8/m228.tif"/>
        <level index="9" path="9/c228.tif" mask="9/m228.tif"/>
      </pyramid>
    </image>
    <image id="236">
      <extent>
        <left>2507676.1729904893</left>
        <top>1139115.545863447</top>
        <right>2507717.3254514891</right>
        <bottom>1139073.5167209471</bottom>
      </extent>
      <center>
        <x>2507697.6822118703</x>
        <y>1139095.8745964649</y>
      </center>
      <pyramid>
        <level index="0" path="0/c236.tif" mask="0/m236.tif"/>
        <level index="1" path="1/c236.tif" mask="1/m236.tif"/>
        <level index="2" path="2/c236.tif" mask="2/m236.tif"/>
        <level index="3" path="3/c236.tif" mask="3/m236.tif"/>
        <level index="4" path="4/c236.tif" mask="4/m236.tif"/>
        <level index="5" path="5/c236.tif" mask="5/m236.tif"/>
        <level index="6" path="6/c236.tif" mask="6/m236.tif"/>
        <level index="7" path="7/c236.tif" mask="7/m236.tif"/>
        <level index="8" path="8/c236.tif" mask="8/m236.tif"/>
        <level index="9" path="9/c236.tif" mask="9/m236.tif"/>
      </pyramid>
    </image>
    <image id="238">
      <extent>
        <left>2507682.8254559892</left>
        <top>1139111.626581447</top>
        <right>2507723.7200694894</right>
        <bottom>1139070.680398447</bottom>
      </extent>
      <center>
        <x>2507704.2964517288</x>
        <y>1139091.3243255788</y>
      </center>
      <pyramid>
        <level index="0" path="0/c238.tif" mask="0/m238.tif"/>
        <level index="1" path="1/c238.tif" mask="1/m238.tif"/>
        <level index="2" path="2/c238.tif" mask="2/m238.tif"/>
        <level index="3" path="3/c238.tif" mask="3/m238.tif"/>
        <level index="4" path="4/c238.tif" mask="4/m238.tif"/>
        <level index="5" path="5/c238.tif" mask="5/m238.tif"/>
        <level index="6" path="6/c238.tif" mask="6/m238.tif"/>
        <level index="7" path="7/c238.tif" mask="7/m238.tif"/>
        <level index="8" path="8/c238.tif" mask="8/m238.tif"/>
        <level index="9" path="9/c238.tif" mask="9/m238.tif"/>
      </pyramid>
    </image>
    <image id="237">
      <extent>
        <left>2507681.5362184895</left>
        <top>1139112.2969849471</top>
        <right>2507722.5339709898</right>
        <bottom>1139070.680398447</bottom>
      </extent>
      <center>
        <x>2507703.0042002797</x>
        <y>1139092.2767040993</y>
      </center>
      <pyramid>
        <level index="0" path="0/c237.tif" mask="0/m237.tif"/>
        <level index="1" path="1/c237.tif" mask="1/m237.tif"/>
        <level index="2" path="2/c237.tif" mask="2/m237.tif"/>
        <level index="3" path="3/c237.tif" mask="3/m237.tif"/>
        <level index="4" path="4/c237.tif" mask="4/m237.tif"/>
        <level index="5" path="5/c237.tif" mask="5/m237.tif"/>
        <level index="6" path="6/c237.tif" mask="6/m237.tif"/>
        <level index="7" path="7/c237.tif" mask="7/m237.tif"/>
        <level index="8" path="8/c237.tif" mask="8/m237.tif"/>
        <level index="9" path="9/c237.tif" mask="9/m237.tif"/>
      </pyramid>
    </image>
    <image id="234">
      <extent>
        <left>2507667.2514669895</left>
        <top>1139122.353037447</top>
        <right>2507707.1662599896</right>
        <bottom>1139079.447213447</bottom>
      </extent>
      <center>
        <x>2507687.9781947713</x>
        <y>1139103.1967468418</y>
      </center>
      <pyramid>
        <level index="0" path="0/c234.tif" mask="0/m234.tif"/>
        <level index="1" path="1/c234.tif" mask="1/m234.tif"/>
        <level index="2" path="2/c234.tif" mask="2/m234.tif"/>
        <level index="3" path="3/c234.tif" mask="3/m234.tif"/>
        <level index="4" path="4/c234.tif" mask="4/m234.tif"/>
        <level index="5" path="5/c234.tif" mask="5/m234.tif"/>
        <level index="6" path="6/c234.tif" mask="6/m234.tif"/>
        <level index="7" path="7/c234.tif" mask="7/m234.tif"/>
        <level index="8" path="8/c234.tif" mask="8/m234.tif"/>
        <level index="9" path="9/c234.tif" mask="9/m234.tif"/>
      </pyramid>
    </image>
    <image id="235">
      <extent>
        <left>2507671.9958609892</left>
        <top>1139118.846311447</top>
        <right>2507712.3232099894</right>
        <bottom>1139076.559321447</bottom>
      </extent>
      <center>
        <x>2507692.4506800603</x>
        <y>1139099.79161201</y>
      </center>
      <pyramid>
        <level index="0" path="0/c235.tif" mask="0/m235.tif"/>
        <level index="1" path="1/c235.tif" mask="1/m235.tif"/>
        <level index="2" path="2/c235.tif" mask="2/m235.tif"/>
        <level index="3" path="3/c235.tif" mask="3/m235.tif"/>
        <level index="4" path="4/c235.tif" mask="4/m235.tif"/>
        <level index="5" path="5/c235.tif" mask="5/m235.tif"/>
        <level index="6" path="6/c235.tif" mask="6/m235.tif"/>
        <level index="7" path="7/c235.tif" mask="7/m235.tif"/>
        <level index="8" path="8/c235.tif" mask="8/m235.tif"/>
        <level index="9" path="9/c235.tif" mask="9/m235.tif"/>
      </pyramid>
    </image>
    <image id="230">
      <extent>
        <left>2507647.7581959893</left>
        <top>1139136.2768024469</top>
        <right>2507687.3120024893</right>
        <bottom>1139094.9180634469</bottom>
      </extent>
      <center>
        <x>2507668.4097205065</x>
        <y>1139116.9351193008</y>
      </center>
      <pyramid>
        <level index="0" path="0/c230.tif" mask="0/m230.tif"/>
        <level index="1" path="1/c230.tif" mask="1/m230.tif"/>
        <level index="2" path="2/c230.tif" mask="2/m230.tif"/>
        <level index="3" path="3/c230.tif" mask="3/m230.tif"/>
        <level index="4" path="4/c230.tif" mask="4/m230.tif"/>
        <level index="5" path="5/c230.tif" mask="5/m230.tif"/>
        <level index="6" path="6/c230.tif" mask="6/m230.tif"/>
        <level index="7" path="7/c230.tif" mask="7/m230.tif"/>
        <level index="8" path="8/c230.tif" mask="8/m230.tif"/>
        <level index="9" path="9/c230.tif" mask="9/m230.tif"/>
      </pyramid>
    </image>
    <image id="233">
      <extent>
        <left>2507662.1976559893</left>
        <top>1139125.911332947</top>
        <right>2507702.1640184894</right>
        <bottom>1139083.8306209471</bottom>
      </extent>
      <center>
        <x>2507683.3814467229</x>
        <y>1139106.5847048564</y>
      </center>
      <pyramid>
        <level index="0" path="0/c233.tif" mask="0/m233.tif"/>
        <level index="1" path="1/c233.tif" mask="1/m233.tif"/>
        <level index="2" path="2/c233.tif" mask="2/m233.tif"/>
        <level index="3" path="3/c233.tif" mask="3/m233.tif"/>
        <level index="4" path="4/c233.tif" mask="4/m233.tif"/>
        <level index="5" path="5/c233.tif" mask="5/m233.tif"/>
        <level index="6" path="6/c233.tif" mask="6/m233.tif"/>
        <level index="7" path="7/c233.tif" mask="7/m233.tif"/>
        <level index="8" path="8/c233.tif" mask="8/m233.tif"/>
        <level index="9" path="9/c233.tif" mask="9/m233.tif"/>
      </pyramid>
    </image>
  </images>
</orthomosaic>
