<?xml version="1.0" encoding="UTF-8"?>
<orthomosaic version="1.2.0">
  <images level_count="10">
    <image id="14">
      <extent>
        <left>2507600.5126679428</left>
        <top>1139202.3543401796</top>
        <right>2507639.1624618424</right>
        <bottom>1139162.4365084225</bottom>
      </extent>
      <center>
        <x>2507619.8234473504</x>
        <y>1139183.310695613</y>
      </center>
      <pyramid>
        <level index="0" path="0/c14.tif" mask="0/m14.tif"/>
        <level index="1" path="1/c14.tif" mask="1/m14.tif"/>
        <level index="2" path="2/c14.tif" mask="2/m14.tif"/>
        <level index="3" path="3/c14.tif" mask="3/m14.tif"/>
        <level index="4" path="4/c14.tif" mask="4/m14.tif"/>
        <level index="5" path="5/c14.tif" mask="5/m14.tif"/>
        <level index="6" path="6/c14.tif" mask="6/m14.tif"/>
        <level index="7" path="7/c14.tif" mask="7/m14.tif"/>
        <level index="8" path="8/c14.tif" mask="8/m14.tif"/>
        <level index="9" path="9/c14.tif" mask="9/m14.tif"/>
      </pyramid>
    </image>
    <image id="15">
      <extent>
        <left>2507599.751845228</left>
        <top>1139201.3399098935</top>
        <right>2507638.5030821562</right>
        <bottom>1139161.2699135933</bottom>
      </extent>
      <center>
        <x>2507618.8870810978</x>
        <y>1139182.0088218893</y>
      </center>
      <pyramid>
        <level index="0" path="0/c15.tif" mask="0/m15.tif"/>
        <level index="1" path="1/c15.tif" mask="1/m15.tif"/>
        <level index="2" path="2/c15.tif" mask="2/m15.tif"/>
        <level index="3" path="3/c15.tif" mask="3/m15.tif"/>
        <level index="4" path="4/c15.tif" mask="4/m15.tif"/>
        <level index="5" path="5/c15.tif" mask="5/m15.tif"/>
        <level index="6" path="6/c15.tif" mask="6/m15.tif"/>
        <level index="7" path="7/c15.tif" mask="7/m15.tif"/>
        <level index="8" path="8/c15.tif" mask="8/m15.tif"/>
        <level index="9" path="9/c15.tif" mask="9/m15.tif"/>
      </pyramid>
    </image>
    <image id="0">
      <extent>
        <left>2507664.4724974795</left>
        <top>1139172.0735961401</top>
        <right>2507703.3758989507</right>
        <bottom>1139131.5978277256</bottom>
      </extent>
      <center>
        <x>2507684.6766073704</x>
        <y>1139152.1922891659</y>
      </center>
      <pyramid>
        <level index="0" path="0/c0.tif" mask="0/m0.tif"/>
        <level index="1" path="1/c0.tif" mask="1/m0.tif"/>
        <level index="2" path="2/c0.tif" mask="2/m0.tif"/>
        <level index="3" path="3/c0.tif" mask="3/m0.tif"/>
        <level index="4" path="4/c0.tif" mask="4/m0.tif"/>
        <level index="5" path="5/c0.tif" mask="5/m0.tif"/>
        <level index="6" path="6/c0.tif" mask="6/m0.tif"/>
        <level index="7" path="7/c0.tif" mask="7/m0.tif"/>
        <level index="8" path="8/c0.tif" mask="8/m0.tif"/>
        <level index="9" path="9/c0.tif" mask="9/m0.tif"/>
      </pyramid>
    </image>
    <image id="19">
      <extent>
        <left>2507618.0623118919</left>
        <top>1139189.6739616035</top>
        <right>2507657.0671563917</right>
        <bottom>1139149.198193189</bottom>
      </extent>
      <center>
        <x>2507637.8444016073</x>
        <y>1139170.1726062598</y>
      </center>
      <pyramid>
        <level index="0" path="0/c19.tif" mask="0/m19.tif"/>
        <level index="1" path="1/c19.tif" mask="1/m19.tif"/>
        <level index="2" path="2/c19.tif" mask="2/m19.tif"/>
        <level index="3" path="3/c19.tif" mask="3/m19.tif"/>
        <level index="4" path="4/c19.tif" mask="4/m19.tif"/>
        <level index="5" path="5/c19.tif" mask="5/m19.tif"/>
        <level index="6" path="6/c19.tif" mask="6/m19.tif"/>
        <level index="7" path="7/c19.tif" mask="7/m19.tif"/>
        <level index="8" path="8/c19.tif" mask="8/m19.tif"/>
        <level index="9" path="9/c19.tif" mask="9/m19.tif"/>
      </pyramid>
    </image>
    <image id="12">
      <extent>
        <left>2507604.6718321154</left>
        <top>1139208.1873143245</top>
        <right>2507642.7636893578</right>
        <bottom>1139169.1317483105</bottom>
      </extent>
      <center>
        <x>2507623.4989635032</x>
        <y>1139189.9778694096</y>
      </center>
      <pyramid>
        <level index="0" path="0/c12.tif" mask="0/m12.tif"/>
        <level index="1" path="1/c12.tif" mask="1/m12.tif"/>
        <level index="2" path="2/c12.tif" mask="2/m12.tif"/>
        <level index="3" path="3/c12.tif" mask="3/m12.tif"/>
        <level index="4" path="4/c12.tif" mask="4/m12.tif"/>
        <level index="5" path="5/c12.tif" mask="5/m12.tif"/>
        <level index="6" path="6/c12.tif" mask="6/m12.tif"/>
        <level index="7" path="7/c12.tif" mask="7/m12.tif"/>
        <level index="8" path="8/c12.tif" mask="8/m12.tif"/>
        <level index="9" path="9/c12.tif" mask="9/m12.tif"/>
      </pyramid>
    </image>
    <image id="13">
      <extent>
        <left>2507604.0124524296</left>
        <top>1139208.1873143245</top>
        <right>2507643.1187399579</right>
        <bottom>1139168.2187610532</bottom>
      </extent>
      <center>
        <x>2507623.6434725132</x>
        <y>1139188.8867449372</y>
      </center>
      <pyramid>
        <level index="0" path="0/c13.tif" mask="0/m13.tif"/>
        <level index="1" path="1/c13.tif" mask="1/m13.tif"/>
        <level index="2" path="2/c13.tif" mask="2/m13.tif"/>
        <level index="3" path="3/c13.tif" mask="3/m13.tif"/>
        <level index="4" path="4/c13.tif" mask="4/m13.tif"/>
        <level index="5" path="5/c13.tif" mask="5/m13.tif"/>
        <level index="6" path="6/c13.tif" mask="6/m13.tif"/>
        <level index="7" path="7/c13.tif" mask="7/m13.tif"/>
        <level index="8" path="8/c13.tif" mask="8/m13.tif"/>
        <level index="9" path="9/c13.tif" mask="9/m13.tif"/>
      </pyramid>
    </image>
    <image id="11">
      <extent>
        <left>2507608.5773887169</left>
        <top>1139206.5135043524</top>
        <right>2507647.3793471595</right>
        <bottom>1139166.2913435095</bottom>
      </extent>
      <center>
        <x>2507627.7161901724</x>
        <y>1139187.2602996938</y>
      </center>
      <pyramid>
        <level index="0" path="0/c11.tif" mask="0/m11.tif"/>
        <level index="1" path="1/c11.tif" mask="1/m11.tif"/>
        <level index="2" path="2/c11.tif" mask="2/m11.tif"/>
        <level index="3" path="3/c11.tif" mask="3/m11.tif"/>
        <level index="4" path="4/c11.tif" mask="4/m11.tif"/>
        <level index="5" path="5/c11.tif" mask="5/m11.tif"/>
        <level index="6" path="6/c11.tif" mask="6/m11.tif"/>
        <level index="7" path="7/c11.tif" mask="7/m11.tif"/>
        <level index="8" path="8/c11.tif" mask="8/m11.tif"/>
        <level index="9" path="9/c11.tif" mask="9/m11.tif"/>
      </pyramid>
    </image>
    <image id="7">
      <extent>
        <left>2507629.0688804956</left>
        <top>1139193.8331257764</top>
        <right>2507668.0737249954</right>
        <bottom>1139153.2559143333</bottom>
      </extent>
      <center>
        <x>2507648.5692355242</x>
        <y>1139174.1409188772</y>
      </center>
      <pyramid>
        <level index="0" path="0/c7.tif" mask="0/m7.tif"/>
        <level index="1" path="1/c7.tif" mask="1/m7.tif"/>
        <level index="2" path="2/c7.tif" mask="2/m7.tif"/>
        <level index="3" path="3/c7.tif" mask="3/m7.tif"/>
        <level index="4" path="4/c7.tif" mask="4/m7.tif"/>
        <level index="5" path="5/c7.tif" mask="5/m7.tif"/>
        <level index="6" path="6/c7.tif" mask="6/m7.tif"/>
        <level index="7" path="7/c7.tif" mask="7/m7.tif"/>
        <level index="8" path="8/c7.tif" mask="8/m7.tif"/>
        <level index="9" path="9/c7.tif" mask="9/m7.tif"/>
      </pyramid>
    </image>
    <image id="3">
      <extent>
        <left>2507648.9517141026</left>
        <top>1139181.558519315</top>
        <right>2507687.9565586024</right>
        <bottom>1139140.8798648433</bottom>
      </extent>
      <center>
        <x>2507668.8863413408</x>
        <y>1139161.5917157386</y>
      </center>
      <pyramid>
        <level index="0" path="0/c3.tif" mask="0/m3.tif"/>
        <level index="1" path="1/c3.tif" mask="1/m3.tif"/>
        <level index="2" path="2/c3.tif" mask="2/m3.tif"/>
        <level index="3" path="3/c3.tif" mask="3/m3.tif"/>
        <level index="4" path="4/c3.tif" mask="4/m3.tif"/>
        <level index="5" path="5/c3.tif" mask="5/m3.tif"/>
        <level index="6" path="6/c3.tif" mask="6/m3.tif"/>
        <level index="7" path="7/c3.tif" mask="7/m3.tif"/>
        <level index="8" path="8/c3.tif" mask="8/m3.tif"/>
        <level index="9" path="9/c3.tif" mask="9/m3.tif"/>
      </pyramid>
    </image>
    <image id="9">
      <extent>
        <left>2507618.6202485492</left>
        <top>1139200.3254796073</top>
        <right>2507657.4729285059</right>
        <bottom>1139159.900432707</bottom>
      </extent>
      <center>
        <x>2507637.8643188942</x>
        <y>1139180.8370116802</y>
      </center>
      <pyramid>
        <level index="0" path="0/c9.tif" mask="0/m9.tif"/>
        <level index="1" path="1/c9.tif" mask="1/m9.tif"/>
        <level index="2" path="2/c9.tif" mask="2/m9.tif"/>
        <level index="3" path="3/c9.tif" mask="3/m9.tif"/>
        <level index="4" path="4/c9.tif" mask="4/m9.tif"/>
        <level index="5" path="5/c9.tif" mask="5/m9.tif"/>
        <level index="6" path="6/c9.tif" mask="6/m9.tif"/>
        <level index="7" path="7/c9.tif" mask="7/m9.tif"/>
        <level index="8" path="8/c9.tif" mask="8/m9.tif"/>
        <level index="9" path="9/c9.tif" mask="9/m9.tif"/>
      </pyramid>
    </image>
    <image id="16">
      <extent>
        <left>2507603.2516297149</left>
        <top>1139198.9052772068</top>
        <right>2507642.1043096716</right>
        <bottom>1139158.6323948496</bottom>
      </extent>
      <center>
        <x>2507622.5402353965</x>
        <y>1139179.8569214195</y>
      </center>
      <pyramid>
        <level index="0" path="0/c16.tif" mask="0/m16.tif"/>
        <level index="1" path="1/c16.tif" mask="1/m16.tif"/>
        <level index="2" path="2/c16.tif" mask="2/m16.tif"/>
        <level index="3" path="3/c16.tif" mask="3/m16.tif"/>
        <level index="4" path="4/c16.tif" mask="4/m16.tif"/>
        <level index="5" path="5/c16.tif" mask="5/m16.tif"/>
        <level index="6" path="6/c16.tif" mask="6/m16.tif"/>
        <level index="7" path="7/c16.tif" mask="7/m16.tif"/>
        <level index="8" path="8/c16.tif" mask="8/m16.tif"/>
        <level index="9" path="9/c16.tif" mask="9/m16.tif"/>
      </pyramid>
    </image>
    <image id="4">
      <extent>
        <left>2507643.8795626722</left>
        <top>1139184.6525316874</top>
        <right>2507682.935128686</right>
        <bottom>1139144.0753202443</bottom>
      </extent>
      <center>
        <x>2507663.6767317858</x>
        <y>1139164.7162811961</y>
      </center>
      <pyramid>
        <level index="0" path="0/c4.tif" mask="0/m4.tif"/>
        <level index="1" path="1/c4.tif" mask="1/m4.tif"/>
        <level index="2" path="2/c4.tif" mask="2/m4.tif"/>
        <level index="3" path="3/c4.tif" mask="3/m4.tif"/>
        <level index="4" path="4/c4.tif" mask="4/m4.tif"/>
        <level index="5" path="5/c4.tif" mask="5/m4.tif"/>
        <level index="6" path="6/c4.tif" mask="6/m4.tif"/>
        <level index="7" path="7/c4.tif" mask="7/m4.tif"/>
        <level index="8" path="8/c4.tif" mask="8/m4.tif"/>
        <level index="9" path="9/c4.tif" mask="9/m4.tif"/>
      </pyramid>
    </image>
    <image id="8">
      <extent>
        <left>2507623.5402354365</left>
        <top>1139197.2314672349</top>
        <right>2507662.4943584218</right>
        <bottom>1139156.7049773061</bottom>
      </extent>
      <center>
        <x>2507642.9927305859</x>
        <y>1139177.6531294771</y>
      </center>
      <pyramid>
        <level index="0" path="0/c8.tif" mask="0/m8.tif"/>
        <level index="1" path="1/c8.tif" mask="1/m8.tif"/>
        <level index="2" path="2/c8.tif" mask="2/m8.tif"/>
        <level index="3" path="3/c8.tif" mask="3/m8.tif"/>
        <level index="4" path="4/c8.tif" mask="4/m8.tif"/>
        <level index="5" path="5/c8.tif" mask="5/m8.tif"/>
        <level index="6" path="6/c8.tif" mask="6/m8.tif"/>
        <level index="7" path="7/c8.tif" mask="7/m8.tif"/>
        <level index="8" path="8/c8.tif" mask="8/m8.tif"/>
        <level index="9" path="9/c8.tif" mask="9/m8.tif"/>
      </pyramid>
    </image>
    <image id="5">
      <extent>
        <left>2507638.8581327563</left>
        <top>1139187.6958225458</top>
        <right>2507677.8629772561</right>
        <bottom>1139147.1186111027</bottom>
      </extent>
      <center>
        <x>2507658.4471072052</x>
        <y>1139167.9309621518</y>
      </center>
      <pyramid>
        <level index="0" path="0/c5.tif" mask="0/m5.tif"/>
        <level index="1" path="1/c5.tif" mask="1/m5.tif"/>
        <level index="2" path="2/c5.tif" mask="2/m5.tif"/>
        <level index="3" path="3/c5.tif" mask="3/m5.tif"/>
        <level index="4" path="4/c5.tif" mask="4/m5.tif"/>
        <level index="5" path="5/c5.tif" mask="5/m5.tif"/>
        <level index="6" path="6/c5.tif" mask="6/m5.tif"/>
        <level index="7" path="7/c5.tif" mask="7/m5.tif"/>
        <level index="8" path="8/c5.tif" mask="8/m5.tif"/>
        <level index="9" path="9/c5.tif" mask="9/m5.tif"/>
      </pyramid>
    </image>
    <image id="2">
      <extent>
        <left>2507653.820979476</left>
        <top>1139178.4645069423</top>
        <right>2507692.9272670043</right>
        <bottom>1139137.8872954992</bottom>
      </extent>
      <center>
        <x>2507674.1831457019</x>
        <y>1139158.4980301519</y>
      </center>
      <pyramid>
        <level index="0" path="0/c2.tif" mask="0/m2.tif"/>
        <level index="1" path="1/c2.tif" mask="1/m2.tif"/>
        <level index="2" path="2/c2.tif" mask="2/m2.tif"/>
        <level index="3" path="3/c2.tif" mask="3/m2.tif"/>
        <level index="4" path="4/c2.tif" mask="4/m2.tif"/>
        <level index="5" path="5/c2.tif" mask="5/m2.tif"/>
        <level index="6" path="6/c2.tif" mask="6/m2.tif"/>
        <level index="7" path="7/c2.tif" mask="7/m2.tif"/>
        <level index="8" path="8/c2.tif" mask="8/m2.tif"/>
        <level index="9" path="9/c2.tif" mask="9/m2.tif"/>
      </pyramid>
    </image>
    <image id="10">
      <extent>
        <left>2507613.5988186328</left>
        <top>1139203.41949198</top>
        <right>2507652.4007770754</right>
        <bottom>1139163.197331137</bottom>
      </extent>
      <center>
        <x>2507632.8704355787</x>
        <y>1139184.0709439002</y>
      </center>
      <pyramid>
        <level index="0" path="0/c10.tif" mask="0/m10.tif"/>
        <level index="1" path="1/c10.tif" mask="1/m10.tif"/>
        <level index="2" path="2/c10.tif" mask="2/m10.tif"/>
        <level index="3" path="3/c10.tif" mask="3/m10.tif"/>
        <level index="4" path="4/c10.tif" mask="4/m10.tif"/>
        <level index="5" path="5/c10.tif" mask="5/m10.tif"/>
        <level index="6" path="6/c10.tif" mask="6/m10.tif"/>
        <level index="7" path="7/c10.tif" mask="7/m10.tif"/>
        <level index="8" path="8/c10.tif" mask="8/m10.tif"/>
        <level index="9" path="9/c10.tif" mask="9/m10.tif"/>
      </pyramid>
    </image>
    <image id="18">
      <extent>
        <left>2507613.0408819756</left>
        <top>1139192.7172524617</top>
        <right>2507652.0457264753</right>
        <bottom>1139152.3429270759</bottom>
      </extent>
      <center>
        <x>2507632.6894945782</x>
        <y>1139173.4330755877</y>
      </center>
      <pyramid>
        <level index="0" path="0/c18.tif" mask="0/m18.tif"/>
        <level index="1" path="1/c18.tif" mask="1/m18.tif"/>
        <level index="2" path="2/c18.tif" mask="2/m18.tif"/>
        <level index="3" path="3/c18.tif" mask="3/m18.tif"/>
        <level index="4" path="4/c18.tif" mask="4/m18.tif"/>
        <level index="5" path="5/c18.tif" mask="5/m18.tif"/>
        <level index="6" path="6/c18.tif" mask="6/m18.tif"/>
        <level index="7" path="7/c18.tif" mask="7/m18.tif"/>
        <level index="8" path="8/c18.tif" mask="8/m18.tif"/>
        <level index="9" path="9/c18.tif" mask="9/m18.tif"/>
      </pyramid>
    </image>
    <image id="1">
      <extent>
        <left>2507659.4003460496</left>
        <top>1139175.1676085126</top>
        <right>2507698.2023044922</right>
        <bottom>1139134.6411185837</bottom>
      </extent>
      <center>
        <x>2507679.5695160888</x>
        <y>1139155.1907176599</y>
      </center>
      <pyramid>
        <level index="0" path="0/c1.tif" mask="0/m1.tif"/>
        <level index="1" path="1/c1.tif" mask="1/m1.tif"/>
        <level index="2" path="2/c1.tif" mask="2/m1.tif"/>
        <level index="3" path="3/c1.tif" mask="3/m1.tif"/>
        <level index="4" path="4/c1.tif" mask="4/m1.tif"/>
        <level index="5" path="5/c1.tif" mask="5/m1.tif"/>
        <level index="6" path="6/c1.tif" mask="6/m1.tif"/>
        <level index="7" path="7/c1.tif" mask="7/m1.tif"/>
        <level index="8" path="8/c1.tif" mask="8/m1.tif"/>
        <level index="9" path="9/c1.tif" mask="9/m1.tif"/>
      </pyramid>
    </image>
    <image id="6">
      <extent>
        <left>2507633.7859813259</left>
        <top>1139190.9419994613</top>
        <right>2507672.8922688542</right>
        <bottom>1139150.3140665039</bottom>
      </extent>
      <center>
        <x>2507653.28535516</x>
        <y>1139171.1020162534</y>
      </center>
      <pyramid>
        <level index="0" path="0/c6.tif" mask="0/m6.tif"/>
        <level index="1" path="1/c6.tif" mask="1/m6.tif"/>
        <level index="2" path="2/c6.tif" mask="2/m6.tif"/>
        <level index="3" path="3/c6.tif" mask="3/m6.tif"/>
        <level index="4" path="4/c6.tif" mask="4/m6.tif"/>
        <level index="5" path="5/c6.tif" mask="5/m6.tif"/>
        <level index="6" path="6/c6.tif" mask="6/m6.tif"/>
        <level index="7" path="7/c6.tif" mask="7/m6.tif"/>
        <level index="8" path="8/c6.tif" mask="8/m6.tif"/>
        <level index="9" path="9/c6.tif" mask="9/m6.tif"/>
      </pyramid>
    </image>
    <image id="17">
      <extent>
        <left>2507608.2223381167</left>
        <top>1139195.7605433201</top>
        <right>2507647.1257395879</right>
        <bottom>1139155.3862179343</bottom>
      </extent>
      <center>
        <x>2507627.5874575078</x>
        <y>1139176.6572211329</y>
      </center>
      <pyramid>
        <level index="0" path="0/c17.tif" mask="0/m17.tif"/>
        <level index="1" path="1/c17.tif" mask="1/m17.tif"/>
        <level index="2" path="2/c17.tif" mask="2/m17.tif"/>
        <level index="3" path="3/c17.tif" mask="3/m17.tif"/>
        <level index="4" path="4/c17.tif" mask="4/m17.tif"/>
        <level index="5" path="5/c17.tif" mask="5/m17.tif"/>
        <level index="6" path="6/c17.tif" mask="6/m17.tif"/>
        <level index="7" path="7/c17.tif" mask="7/m17.tif"/>
        <level index="8" path="8/c17.tif" mask="8/m17.tif"/>
        <level index="9" path="9/c17.tif" mask="9/m17.tif"/>
      </pyramid>
    </image>
  </images>
</orthomosaic>
