<?xml version="1.0" encoding="UTF-8"?>
<orthomosaic version="1.2.0">
  <images level_count="10">
    <image id="7">
      <extent>
        <left>2507724.8545984896</left>
        <top>1139174.6960799468</top>
        <right>2507760.6438314896</right>
        <bottom>1139132.976354447</bottom>
      </extent>
      <center>
        <x>2507745.174976252</x>
        <y>1139154.4319250227</y>
      </center>
      <pyramid>
        <level index="0" path="0/c7.tif" mask="0/m7.tif"/>
        <level index="1" path="1/c7.tif" mask="1/m7.tif"/>
        <level index="2" path="2/c7.tif" mask="2/m7.tif"/>
        <level index="3" path="3/c7.tif" mask="3/m7.tif"/>
        <level index="4" path="4/c7.tif" mask="4/m7.tif"/>
        <level index="5" path="5/c7.tif" mask="5/m7.tif"/>
        <level index="6" path="6/c7.tif" mask="6/m7.tif"/>
        <level index="7" path="7/c7.tif" mask="7/m7.tif"/>
        <level index="8" path="8/c7.tif" mask="8/m7.tif"/>
        <level index="9" path="9/c7.tif" mask="9/m7.tif"/>
      </pyramid>
    </image>
    <image id="17">
      <extent>
        <left>2507674.5227664895</left>
        <top>1139209.763339947</top>
        <right>2507714.6954069897</right>
        <bottom>1139168.1467534469</bottom>
      </extent>
      <center>
        <x>2507695.2205775212</x>
        <y>1139189.0556400176</y>
      </center>
      <pyramid>
        <level index="0" path="0/c17.tif" mask="0/m17.tif"/>
        <level index="1" path="1/c17.tif" mask="1/m17.tif"/>
        <level index="2" path="2/c17.tif" mask="2/m17.tif"/>
        <level index="3" path="3/c17.tif" mask="3/m17.tif"/>
        <level index="4" path="4/c17.tif" mask="4/m17.tif"/>
        <level index="5" path="5/c17.tif" mask="5/m17.tif"/>
        <level index="6" path="6/c17.tif" mask="6/m17.tif"/>
        <level index="7" path="7/c17.tif" mask="7/m17.tif"/>
        <level index="8" path="8/c17.tif" mask="8/m17.tif"/>
        <level index="9" path="9/c17.tif" mask="9/m17.tif"/>
      </pyramid>
    </image>
    <image id="13">
      <extent>
        <left>2507694.5833019894</left>
        <top>1139196.1489919468</top>
        <right>2507734.6528034895</right>
        <bottom>1139154.1714189469</bottom>
      </extent>
      <center>
        <x>2507714.9466912635</x>
        <y>1139175.3404180822</y>
      </center>
      <pyramid>
        <level index="0" path="0/c13.tif" mask="0/m13.tif"/>
        <level index="1" path="1/c13.tif" mask="1/m13.tif"/>
        <level index="2" path="2/c13.tif" mask="2/m13.tif"/>
        <level index="3" path="3/c13.tif" mask="3/m13.tif"/>
        <level index="4" path="4/c13.tif" mask="4/m13.tif"/>
        <level index="5" path="5/c13.tif" mask="5/m13.tif"/>
        <level index="6" path="6/c13.tif" mask="6/m13.tif"/>
        <level index="7" path="7/c13.tif" mask="7/m13.tif"/>
        <level index="8" path="8/c13.tif" mask="8/m13.tif"/>
        <level index="9" path="9/c13.tif" mask="9/m13.tif"/>
      </pyramid>
    </image>
    <image id="20">
      <extent>
        <left>2507659.6707504895</left>
        <top>1139220.2319484469</top>
        <right>2507699.6886824896</right>
        <bottom>1139178.3059449471</bottom>
      </extent>
      <center>
        <x>2507679.653034376</x>
        <y>1139199.6496453972</y>
      </center>
      <pyramid>
        <level index="0" path="0/c20.tif" mask="0/m20.tif"/>
        <level index="1" path="1/c20.tif" mask="1/m20.tif"/>
        <level index="2" path="2/c20.tif" mask="2/m20.tif"/>
        <level index="3" path="3/c20.tif" mask="3/m20.tif"/>
        <level index="4" path="4/c20.tif" mask="4/m20.tif"/>
        <level index="5" path="5/c20.tif" mask="5/m20.tif"/>
        <level index="6" path="6/c20.tif" mask="6/m20.tif"/>
        <level index="7" path="7/c20.tif" mask="7/m20.tif"/>
        <level index="8" path="8/c20.tif" mask="8/m20.tif"/>
        <level index="9" path="9/c20.tif" mask="9/m20.tif"/>
      </pyramid>
    </image>
    <image id="16">
      <extent>
        <left>2507679.3702994892</left>
        <top>1139206.6176004468</top>
        <right>2507719.4913704894</right>
        <bottom>1139164.7947359469</bottom>
      </extent>
      <center>
        <x>2507700.1330782808</x>
        <y>1139185.4724271782</y>
      </center>
      <pyramid>
        <level index="0" path="0/c16.tif" mask="0/m16.tif"/>
        <level index="1" path="1/c16.tif" mask="1/m16.tif"/>
        <level index="2" path="2/c16.tif" mask="2/m16.tif"/>
        <level index="3" path="3/c16.tif" mask="3/m16.tif"/>
        <level index="4" path="4/c16.tif" mask="4/m16.tif"/>
        <level index="5" path="5/c16.tif" mask="5/m16.tif"/>
        <level index="6" path="6/c16.tif" mask="6/m16.tif"/>
        <level index="7" path="7/c16.tif" mask="7/m16.tif"/>
        <level index="8" path="8/c16.tif" mask="8/m16.tif"/>
        <level index="9" path="9/c16.tif" mask="9/m16.tif"/>
      </pyramid>
    </image>
    <image id="8">
      <extent>
        <left>2507719.0272449893</left>
        <top>1139178.8216399469</top>
        <right>2507759.1998854894</right>
        <bottom>1139137.050344947</bottom>
      </extent>
      <center>
        <x>2507739.7363742236</x>
        <y>1139158.2479796647</y>
      </center>
      <pyramid>
        <level index="0" path="0/c8.tif" mask="0/m8.tif"/>
        <level index="1" path="1/c8.tif" mask="1/m8.tif"/>
        <level index="2" path="2/c8.tif" mask="2/m8.tif"/>
        <level index="3" path="3/c8.tif" mask="3/m8.tif"/>
        <level index="4" path="4/c8.tif" mask="4/m8.tif"/>
        <level index="5" path="5/c8.tif" mask="5/m8.tif"/>
        <level index="6" path="6/c8.tif" mask="6/m8.tif"/>
        <level index="7" path="7/c8.tif" mask="7/m8.tif"/>
        <level index="8" path="8/c8.tif" mask="8/m8.tif"/>
        <level index="9" path="9/c8.tif" mask="9/m8.tif"/>
      </pyramid>
    </image>
    <image id="24">
      <extent>
        <left>2507640.3837574893</left>
        <top>1139233.3306014468</top>
        <right>2507679.9891334893</right>
        <bottom>1139192.1781404468</bottom>
      </extent>
      <center>
        <x>2507660.0330018401</x>
        <y>1139212.898669108</y>
      </center>
      <pyramid>
        <level index="0" path="0/c24.tif" mask="0/m24.tif"/>
        <level index="1" path="1/c24.tif" mask="1/m24.tif"/>
        <level index="2" path="2/c24.tif" mask="2/m24.tif"/>
        <level index="3" path="3/c24.tif" mask="3/m24.tif"/>
        <level index="4" path="4/c24.tif" mask="4/m24.tif"/>
        <level index="5" path="5/c24.tif" mask="5/m24.tif"/>
        <level index="6" path="6/c24.tif" mask="6/m24.tif"/>
        <level index="7" path="7/c24.tif" mask="7/m24.tif"/>
        <level index="8" path="8/c24.tif" mask="8/m24.tif"/>
        <level index="9" path="9/c24.tif" mask="9/m24.tif"/>
      </pyramid>
    </image>
    <image id="15">
      <extent>
        <left>2507684.2694019894</left>
        <top>1139203.1108744468</top>
        <right>2507724.5451814895</right>
        <bottom>1139161.2880099469</bottom>
      </extent>
      <center>
        <x>2507705.1929671634</x>
        <y>1139182.0614733719</y>
      </center>
      <pyramid>
        <level index="0" path="0/c15.tif" mask="0/m15.tif"/>
        <level index="1" path="1/c15.tif" mask="1/m15.tif"/>
        <level index="2" path="2/c15.tif" mask="2/m15.tif"/>
        <level index="3" path="3/c15.tif" mask="3/m15.tif"/>
        <level index="4" path="4/c15.tif" mask="4/m15.tif"/>
        <level index="5" path="5/c15.tif" mask="5/m15.tif"/>
        <level index="6" path="6/c15.tif" mask="6/m15.tif"/>
        <level index="7" path="7/c15.tif" mask="7/m15.tif"/>
        <level index="8" path="8/c15.tif" mask="8/m15.tif"/>
        <level index="9" path="9/c15.tif" mask="9/m15.tif"/>
      </pyramid>
    </image>
    <image id="11">
      <extent>
        <left>2507704.0720899892</left>
        <top>1139189.3933874469</top>
        <right>2507744.2447304893</right>
        <bottom>1139147.518953447</bottom>
      </extent>
      <center>
        <x>2507724.5543405879</x>
        <y>1139168.721177754</y>
      </center>
      <pyramid>
        <level index="0" path="0/c11.tif" mask="0/m11.tif"/>
        <level index="1" path="1/c11.tif" mask="1/m11.tif"/>
        <level index="2" path="2/c11.tif" mask="2/m11.tif"/>
        <level index="3" path="3/c11.tif" mask="3/m11.tif"/>
        <level index="4" path="4/c11.tif" mask="4/m11.tif"/>
        <level index="5" path="5/c11.tif" mask="5/m11.tif"/>
        <level index="6" path="6/c11.tif" mask="6/m11.tif"/>
        <level index="7" path="7/c11.tif" mask="7/m11.tif"/>
        <level index="8" path="8/c11.tif" mask="8/m11.tif"/>
        <level index="9" path="9/c11.tif" mask="9/m11.tif"/>
      </pyramid>
    </image>
    <image id="9">
      <extent>
        <left>2507713.8702949896</left>
        <top>1139182.4315049469</top>
        <right>2507754.1460744897</right>
        <bottom>1139140.660209947</bottom>
      </extent>
      <center>
        <x>2507734.5020588934</x>
        <y>1139161.8471757227</y>
      </center>
      <pyramid>
        <level index="0" path="0/c9.tif" mask="0/m9.tif"/>
        <level index="1" path="1/c9.tif" mask="1/m9.tif"/>
        <level index="2" path="2/c9.tif" mask="2/m9.tif"/>
        <level index="3" path="3/c9.tif" mask="3/m9.tif"/>
        <level index="4" path="4/c9.tif" mask="4/m9.tif"/>
        <level index="5" path="5/c9.tif" mask="5/m9.tif"/>
        <level index="6" path="6/c9.tif" mask="6/m9.tif"/>
        <level index="7" path="7/c9.tif" mask="7/m9.tif"/>
        <level index="8" path="8/c9.tif" mask="8/m9.tif"/>
        <level index="9" path="9/c9.tif" mask="9/m9.tif"/>
      </pyramid>
    </image>
    <image id="14">
      <extent>
        <left>2507689.1685044891</left>
        <top>1139199.6557179468</top>
        <right>2507729.5474229893</right>
        <bottom>1139157.935992447</bottom>
      </extent>
      <center>
        <x>2507709.8031923138</x>
        <y>1139178.8801229526</y>
      </center>
      <pyramid>
        <level index="0" path="0/c14.tif" mask="0/m14.tif"/>
        <level index="1" path="1/c14.tif" mask="1/m14.tif"/>
        <level index="2" path="2/c14.tif" mask="2/m14.tif"/>
        <level index="3" path="3/c14.tif" mask="3/m14.tif"/>
        <level index="4" path="4/c14.tif" mask="4/m14.tif"/>
        <level index="5" path="5/c14.tif" mask="5/m14.tif"/>
        <level index="6" path="6/c14.tif" mask="6/m14.tif"/>
        <level index="7" path="7/c14.tif" mask="7/m14.tif"/>
        <level index="8" path="8/c14.tif" mask="8/m14.tif"/>
        <level index="9" path="9/c14.tif" mask="9/m14.tif"/>
      </pyramid>
    </image>
    <image id="23">
      <extent>
        <left>2507645.0250124894</left>
        <top>1139230.0817229468</top>
        <right>2507684.8366664895</right>
        <bottom>1139188.8776924468</bottom>
      </extent>
      <center>
        <x>2507664.8540442996</x>
        <y>1139209.5700725629</y>
      </center>
      <pyramid>
        <level index="0" path="0/c23.tif" mask="0/m23.tif"/>
        <level index="1" path="1/c23.tif" mask="1/m23.tif"/>
        <level index="2" path="2/c23.tif" mask="2/m23.tif"/>
        <level index="3" path="3/c23.tif" mask="3/m23.tif"/>
        <level index="4" path="4/c23.tif" mask="4/m23.tif"/>
        <level index="5" path="5/c23.tif" mask="5/m23.tif"/>
        <level index="6" path="6/c23.tif" mask="6/m23.tif"/>
        <level index="7" path="7/c23.tif" mask="7/m23.tif"/>
        <level index="8" path="8/c23.tif" mask="8/m23.tif"/>
        <level index="9" path="9/c23.tif" mask="9/m23.tif"/>
      </pyramid>
    </image>
    <image id="10">
      <extent>
        <left>2507709.1774704894</left>
        <top>1139185.6803834469</top>
        <right>2507749.5563889896</right>
        <bottom>1139143.909088447</bottom>
      </extent>
      <center>
        <x>2507729.7749529313</x>
        <y>1139165.107203742</y>
      </center>
      <pyramid>
        <level index="0" path="0/c10.tif" mask="0/m10.tif"/>
        <level index="1" path="1/c10.tif" mask="1/m10.tif"/>
        <level index="2" path="2/c10.tif" mask="2/m10.tif"/>
        <level index="3" path="3/c10.tif" mask="3/m10.tif"/>
        <level index="4" path="4/c10.tif" mask="4/m10.tif"/>
        <level index="5" path="5/c10.tif" mask="5/m10.tif"/>
        <level index="6" path="6/c10.tif" mask="6/m10.tif"/>
        <level index="7" path="7/c10.tif" mask="7/m10.tif"/>
        <level index="8" path="8/c10.tif" mask="8/m10.tif"/>
        <level index="9" path="9/c10.tif" mask="9/m10.tif"/>
      </pyramid>
    </image>
    <image id="22">
      <extent>
        <left>2507650.0272539891</left>
        <top>1139226.6265664469</top>
        <right>2507689.9936164892</right>
        <bottom>1139185.1131189468</bottom>
      </extent>
      <center>
        <x>2507669.627368588</x>
        <y>1139206.3934130031</y>
      </center>
      <pyramid>
        <level index="0" path="0/c22.tif" mask="0/m22.tif"/>
        <level index="1" path="1/c22.tif" mask="1/m22.tif"/>
        <level index="2" path="2/c22.tif" mask="2/m22.tif"/>
        <level index="3" path="3/c22.tif" mask="3/m22.tif"/>
        <level index="4" path="4/c22.tif" mask="4/m22.tif"/>
        <level index="5" path="5/c22.tif" mask="5/m22.tif"/>
        <level index="6" path="6/c22.tif" mask="6/m22.tif"/>
        <level index="7" path="7/c22.tif" mask="7/m22.tif"/>
        <level index="8" path="8/c22.tif" mask="8/m22.tif"/>
        <level index="9" path="9/c22.tif" mask="9/m22.tif"/>
      </pyramid>
    </image>
    <image id="25">
      <extent>
        <left>2507635.3299464895</left>
        <top>1139236.9404664468</top>
        <right>2507674.8837529896</right>
        <bottom>1139195.7364359468</bottom>
      </extent>
      <center>
        <x>2507655.5561334547</x>
        <y>1139216.0856472794</y>
      </center>
      <pyramid>
        <level index="0" path="0/c25.tif" mask="0/m25.tif"/>
        <level index="1" path="1/c25.tif" mask="1/m25.tif"/>
        <level index="2" path="2/c25.tif" mask="2/m25.tif"/>
        <level index="3" path="3/c25.tif" mask="3/m25.tif"/>
        <level index="4" path="4/c25.tif" mask="4/m25.tif"/>
        <level index="5" path="5/c25.tif" mask="5/m25.tif"/>
        <level index="6" path="6/c25.tif" mask="6/m25.tif"/>
        <level index="7" path="7/c25.tif" mask="7/m25.tif"/>
        <level index="8" path="8/c25.tif" mask="8/m25.tif"/>
        <level index="9" path="9/c25.tif" mask="9/m25.tif"/>
      </pyramid>
    </image>
    <image id="21">
      <extent>
        <left>2507654.7716479893</left>
        <top>1139223.3776879469</top>
        <right>2507694.7895799894</right>
        <bottom>1139181.451684447</bottom>
      </extent>
      <center>
        <x>2507674.4812509511</x>
        <y>1139203.1074396924</y>
      </center>
      <pyramid>
        <level index="0" path="0/c21.tif" mask="0/m21.tif"/>
        <level index="1" path="1/c21.tif" mask="1/m21.tif"/>
        <level index="2" path="2/c21.tif" mask="2/m21.tif"/>
        <level index="3" path="3/c21.tif" mask="3/m21.tif"/>
        <level index="4" path="4/c21.tif" mask="4/m21.tif"/>
        <level index="5" path="5/c21.tif" mask="5/m21.tif"/>
        <level index="6" path="6/c21.tif" mask="6/m21.tif"/>
        <level index="7" path="7/c21.tif" mask="7/m21.tif"/>
        <level index="8" path="8/c21.tif" mask="8/m21.tif"/>
        <level index="9" path="9/c21.tif" mask="9/m21.tif"/>
      </pyramid>
    </image>
    <image id="12">
      <extent>
        <left>2507699.1214179895</left>
        <top>1139192.8485439469</top>
        <right>2507739.2940584896</right>
        <bottom>1139151.025679447</bottom>
      </extent>
      <center>
        <x>2507719.5367750656</x>
        <y>1139172.2334002554</y>
      </center>
      <pyramid>
        <level index="0" path="0/c12.tif" mask="0/m12.tif"/>
        <level index="1" path="1/c12.tif" mask="1/m12.tif"/>
        <level index="2" path="2/c12.tif" mask="2/m12.tif"/>
        <level index="3" path="3/c12.tif" mask="3/m12.tif"/>
        <level index="4" path="4/c12.tif" mask="4/m12.tif"/>
        <level index="5" path="5/c12.tif" mask="5/m12.tif"/>
        <level index="6" path="6/c12.tif" mask="6/m12.tif"/>
        <level index="7" path="7/c12.tif" mask="7/m12.tif"/>
        <level index="8" path="8/c12.tif" mask="8/m12.tif"/>
        <level index="9" path="9/c12.tif" mask="9/m12.tif"/>
      </pyramid>
    </image>
    <image id="18">
      <extent>
        <left>2507669.5720944894</left>
        <top>1139213.218496447</top>
        <right>2507709.7447349895</right>
        <bottom>1139171.5503404469</bottom>
      </extent>
      <center>
        <x>2507690.045585487</x>
        <y>1139192.5978419755</y>
      </center>
      <pyramid>
        <level index="0" path="0/c18.tif" mask="0/m18.tif"/>
        <level index="1" path="1/c18.tif" mask="1/m18.tif"/>
        <level index="2" path="2/c18.tif" mask="2/m18.tif"/>
        <level index="3" path="3/c18.tif" mask="3/m18.tif"/>
        <level index="4" path="4/c18.tif" mask="4/m18.tif"/>
        <level index="5" path="5/c18.tif" mask="5/m18.tif"/>
        <level index="6" path="6/c18.tif" mask="6/m18.tif"/>
        <level index="7" path="7/c18.tif" mask="7/m18.tif"/>
        <level index="8" path="8/c18.tif" mask="8/m18.tif"/>
        <level index="9" path="9/c18.tif" mask="9/m18.tif"/>
      </pyramid>
    </image>
    <image id="19">
      <extent>
        <left>2507664.6214224892</left>
        <top>1139216.776791947</top>
        <right>2507704.6393544893</right>
        <bottom>1139174.9023579471</bottom>
      </extent>
      <center>
        <x>2507684.9433456995</x>
        <y>1139195.9743744275</y>
      </center>
      <pyramid>
        <level index="0" path="0/c19.tif" mask="0/m19.tif"/>
        <level index="1" path="1/c19.tif" mask="1/m19.tif"/>
        <level index="2" path="2/c19.tif" mask="2/m19.tif"/>
        <level index="3" path="3/c19.tif" mask="3/m19.tif"/>
        <level index="4" path="4/c19.tif" mask="4/m19.tif"/>
        <level index="5" path="5/c19.tif" mask="5/m19.tif"/>
        <level index="6" path="6/c19.tif" mask="6/m19.tif"/>
        <level index="7" path="7/c19.tif" mask="7/m19.tif"/>
        <level index="8" path="8/c19.tif" mask="8/m19.tif"/>
        <level index="9" path="9/c19.tif" mask="9/m19.tif"/>
      </pyramid>
    </image>
  </images>
</orthomosaic>
