<?xml version="1.0" encoding="UTF-8"?>
<orthomosaic version="1.2.0">
  <images level_count="10">
    <image id="153">
      <extent>
        <left>2507625.8227035804</left>
        <top>1139233.0408563334</top>
        <right>2507664.6753835371</right>
        <bottom>1139193.2244676049</bottom>
      </extent>
      <center>
        <x>2507645.3074621446</x>
        <y>1139214.8549019757</y>
      </center>
      <pyramid>
        <level index="0" path="0/c153.tif" mask="0/m153.tif"/>
        <level index="1" path="1/c153.tif" mask="1/m153.tif"/>
        <level index="2" path="2/c153.tif" mask="2/m153.tif"/>
        <level index="3" path="3/c153.tif" mask="3/m153.tif"/>
        <level index="4" path="4/c153.tif" mask="4/m153.tif"/>
        <level index="5" path="5/c153.tif" mask="5/m153.tif"/>
        <level index="6" path="6/c153.tif" mask="6/m153.tif"/>
        <level index="7" path="7/c153.tif" mask="7/m153.tif"/>
        <level index="8" path="8/c153.tif" mask="8/m153.tif"/>
        <level index="9" path="9/c153.tif" mask="9/m153.tif"/>
      </pyramid>
    </image>
    <image id="154">
      <extent>
        <left>2507622.8301342363</left>
        <top>1139229.7439579037</top>
        <right>2507661.2770420788</right>
        <bottom>1139189.9782906894</bottom>
      </extent>
      <center>
        <x>2507642.0372854751</x>
        <y>1139211.5912568753</y>
      </center>
      <pyramid>
        <level index="0" path="0/c154.tif" mask="0/m154.tif"/>
        <level index="1" path="1/c154.tif" mask="1/m154.tif"/>
        <level index="2" path="2/c154.tif" mask="2/m154.tif"/>
        <level index="3" path="3/c154.tif" mask="3/m154.tif"/>
        <level index="4" path="4/c154.tif" mask="4/m154.tif"/>
        <level index="5" path="5/c154.tif" mask="5/m154.tif"/>
        <level index="6" path="6/c154.tif" mask="6/m154.tif"/>
        <level index="7" path="7/c154.tif" mask="7/m154.tif"/>
        <level index="8" path="8/c154.tif" mask="8/m154.tif"/>
        <level index="9" path="9/c154.tif" mask="9/m154.tif"/>
      </pyramid>
    </image>
    <image id="158">
      <extent>
        <left>2507638.7059682133</left>
        <top>1139219.6503765571</top>
        <right>2507677.8122557416</right>
        <bottom>1139179.1238866283</bottom>
      </extent>
      <center>
        <x>2507658.624154631</x>
        <y>1139200.8194988824</y>
      </center>
      <pyramid>
        <level index="0" path="0/c158.tif" mask="0/m158.tif"/>
        <level index="1" path="1/c158.tif" mask="1/m158.tif"/>
        <level index="2" path="2/c158.tif" mask="2/m158.tif"/>
        <level index="3" path="3/c158.tif" mask="3/m158.tif"/>
        <level index="4" path="4/c158.tif" mask="4/m158.tif"/>
        <level index="5" path="5/c158.tif" mask="5/m158.tif"/>
        <level index="6" path="6/c158.tif" mask="6/m158.tif"/>
        <level index="7" path="7/c158.tif" mask="7/m158.tif"/>
        <level index="8" path="8/c158.tif" mask="8/m158.tif"/>
        <level index="9" path="9/c158.tif" mask="9/m158.tif"/>
      </pyramid>
    </image>
    <image id="151">
      <extent>
        <left>2507630.134032296</left>
        <top>1139234.2581726767</top>
        <right>2507669.2403198243</right>
        <bottom>1139197.3836317777</bottom>
      </extent>
      <center>
        <x>2507649.5216704067</x>
        <y>1139218.7881602708</y>
      </center>
      <pyramid>
        <level index="0" path="0/c151.tif" mask="0/m151.tif"/>
        <level index="1" path="1/c151.tif" mask="1/m151.tif"/>
        <level index="2" path="2/c151.tif" mask="2/m151.tif"/>
        <level index="3" path="3/c151.tif" mask="3/m151.tif"/>
        <level index="4" path="4/c151.tif" mask="4/m151.tif"/>
        <level index="5" path="5/c151.tif" mask="5/m151.tif"/>
        <level index="6" path="6/c151.tif" mask="6/m151.tif"/>
        <level index="7" path="7/c151.tif" mask="7/m151.tif"/>
        <level index="8" path="8/c151.tif" mask="8/m151.tif"/>
        <level index="9" path="9/c151.tif" mask="9/m151.tif"/>
      </pyramid>
    </image>
    <image id="155">
      <extent>
        <left>2507623.9460075512</left>
        <top>1139230.1497300181</top>
        <right>2507662.4436369077</right>
        <bottom>1139190.1304552325</bottom>
      </extent>
      <center>
        <x>2507643.5712329764</x>
        <y>1139211.5270780425</y>
      </center>
      <pyramid>
        <level index="0" path="0/c155.tif" mask="0/m155.tif"/>
        <level index="1" path="1/c155.tif" mask="1/m155.tif"/>
        <level index="2" path="2/c155.tif" mask="2/m155.tif"/>
        <level index="3" path="3/c155.tif" mask="3/m155.tif"/>
        <level index="4" path="4/c155.tif" mask="4/m155.tif"/>
        <level index="5" path="5/c155.tif" mask="5/m155.tif"/>
        <level index="6" path="6/c155.tif" mask="6/m155.tif"/>
        <level index="7" path="7/c155.tif" mask="7/m155.tif"/>
        <level index="8" path="8/c155.tif" mask="8/m155.tif"/>
        <level index="9" path="9/c155.tif" mask="9/m155.tif"/>
      </pyramid>
    </image>
    <image id="146">
      <extent>
        <left>2507653.7195364474</left>
        <top>1139220.5633638147</top>
        <right>2507693.688089719</right>
        <bottom>1139179.8847093431</bottom>
      </extent>
      <center>
        <x>2507673.7507190797</x>
        <y>1139201.1673252597</y>
      </center>
      <pyramid>
        <level index="0" path="0/c146.tif" mask="0/m146.tif"/>
        <level index="1" path="1/c146.tif" mask="1/m146.tif"/>
        <level index="2" path="2/c146.tif" mask="2/m146.tif"/>
        <level index="3" path="3/c146.tif" mask="3/m146.tif"/>
        <level index="4" path="4/c146.tif" mask="4/m146.tif"/>
        <level index="5" path="5/c146.tif" mask="5/m146.tif"/>
        <level index="6" path="6/c146.tif" mask="6/m146.tif"/>
        <level index="7" path="7/c146.tif" mask="7/m146.tif"/>
        <level index="8" path="8/c146.tif" mask="8/m146.tif"/>
        <level index="9" path="9/c146.tif" mask="9/m146.tif"/>
      </pyramid>
    </image>
    <image id="148">
      <extent>
        <left>2507644.2346132724</left>
        <top>1139227.3600467313</top>
        <right>2507683.6452298863</right>
        <bottom>1139186.6813922597</bottom>
      </extent>
      <center>
        <x>2507663.9984982423</x>
        <y>1139208.2165859619</y>
      </center>
      <pyramid>
        <level index="0" path="0/c148.tif" mask="0/m148.tif"/>
        <level index="1" path="1/c148.tif" mask="1/m148.tif"/>
        <level index="2" path="2/c148.tif" mask="2/m148.tif"/>
        <level index="3" path="3/c148.tif" mask="3/m148.tif"/>
        <level index="4" path="4/c148.tif" mask="4/m148.tif"/>
        <level index="5" path="5/c148.tif" mask="5/m148.tif"/>
        <level index="6" path="6/c148.tif" mask="6/m148.tif"/>
        <level index="7" path="7/c148.tif" mask="7/m148.tif"/>
        <level index="8" path="8/c148.tif" mask="8/m148.tif"/>
        <level index="9" path="9/c148.tif" mask="9/m148.tif"/>
      </pyramid>
    </image>
    <image id="150">
      <extent>
        <left>2507634.8004116118</left>
        <top>1139234.2581726767</top>
        <right>2507674.1603067117</right>
        <bottom>1139193.7824042621</bottom>
      </extent>
      <center>
        <x>2507654.4324532263</x>
        <y>1139215.2945377806</y>
      </center>
      <pyramid>
        <level index="0" path="0/c150.tif" mask="0/m150.tif"/>
        <level index="1" path="1/c150.tif" mask="1/m150.tif"/>
        <level index="2" path="2/c150.tif" mask="2/m150.tif"/>
        <level index="3" path="3/c150.tif" mask="3/m150.tif"/>
        <level index="4" path="4/c150.tif" mask="4/m150.tif"/>
        <level index="5" path="5/c150.tif" mask="5/m150.tif"/>
        <level index="6" path="6/c150.tif" mask="6/m150.tif"/>
        <level index="7" path="7/c150.tif" mask="7/m150.tif"/>
        <level index="8" path="8/c150.tif" mask="8/m150.tif"/>
        <level index="9" path="9/c150.tif" mask="9/m150.tif"/>
      </pyramid>
    </image>
    <image id="162">
      <extent>
        <left>2507658.8424093919</left>
        <top>1139205.8541246664</top>
        <right>2507698.2023044918</right>
        <bottom>1139165.0740271662</bottom>
      </extent>
      <center>
        <x>2507679.1775287669</x>
        <y>1139186.6449261566</y>
      </center>
      <pyramid>
        <level index="0" path="0/c162.tif" mask="0/m162.tif"/>
        <level index="1" path="1/c162.tif" mask="1/m162.tif"/>
        <level index="2" path="2/c162.tif" mask="2/m162.tif"/>
        <level index="3" path="3/c162.tif" mask="3/m162.tif"/>
        <level index="4" path="4/c162.tif" mask="4/m162.tif"/>
        <level index="5" path="5/c162.tif" mask="5/m162.tif"/>
        <level index="6" path="6/c162.tif" mask="6/m162.tif"/>
        <level index="7" path="7/c162.tif" mask="7/m162.tif"/>
        <level index="8" path="8/c162.tif" mask="8/m162.tif"/>
        <level index="9" path="9/c162.tif" mask="9/m162.tif"/>
      </pyramid>
    </image>
    <image id="156">
      <extent>
        <left>2507629.3732095817</left>
        <top>1139226.2441734166</top>
        <right>2507668.2258895384</right>
        <bottom>1139185.9712910594</bottom>
      </extent>
      <center>
        <x>2507648.9305964559</x>
        <y>1139207.5607382078</y>
      </center>
      <pyramid>
        <level index="0" path="0/c156.tif" mask="0/m156.tif"/>
        <level index="1" path="1/c156.tif" mask="1/m156.tif"/>
        <level index="2" path="2/c156.tif" mask="2/m156.tif"/>
        <level index="3" path="3/c156.tif" mask="3/m156.tif"/>
        <level index="4" path="4/c156.tif" mask="4/m156.tif"/>
        <level index="5" path="5/c156.tif" mask="5/m156.tif"/>
        <level index="6" path="6/c156.tif" mask="6/m156.tif"/>
        <level index="7" path="7/c156.tif" mask="7/m156.tif"/>
        <level index="8" path="8/c156.tif" mask="8/m156.tif"/>
        <level index="9" path="9/c156.tif" mask="9/m156.tif"/>
      </pyramid>
    </image>
    <image id="147">
      <extent>
        <left>2507648.8502710741</left>
        <top>1139223.961705273</top>
        <right>2507688.4130522311</right>
        <bottom>1139183.2830508014</bottom>
      </extent>
      <center>
        <x>2507668.8630195409</x>
        <y>1139204.7472017598</y>
      </center>
      <pyramid>
        <level index="0" path="0/c147.tif" mask="0/m147.tif"/>
        <level index="1" path="1/c147.tif" mask="1/m147.tif"/>
        <level index="2" path="2/c147.tif" mask="2/m147.tif"/>
        <level index="3" path="3/c147.tif" mask="3/m147.tif"/>
        <level index="4" path="4/c147.tif" mask="4/m147.tif"/>
        <level index="5" path="5/c147.tif" mask="5/m147.tif"/>
        <level index="6" path="6/c147.tif" mask="6/m147.tif"/>
        <level index="7" path="7/c147.tif" mask="7/m147.tif"/>
        <level index="8" path="8/c147.tif" mask="8/m147.tif"/>
        <level index="9" path="9/c147.tif" mask="9/m147.tif"/>
      </pyramid>
    </image>
    <image id="161">
      <extent>
        <left>2507653.1615997902</left>
        <top>1139209.7596812679</top>
        <right>2507692.4200518616</right>
        <bottom>1139169.0810267963</bottom>
      </extent>
      <center>
        <x>2507673.4361342136</x>
        <y>1139190.5945316863</y>
      </center>
      <pyramid>
        <level index="0" path="0/c161.tif" mask="0/m161.tif"/>
        <level index="1" path="1/c161.tif" mask="1/m161.tif"/>
        <level index="2" path="2/c161.tif" mask="2/m161.tif"/>
        <level index="3" path="3/c161.tif" mask="3/m161.tif"/>
        <level index="4" path="4/c161.tif" mask="4/m161.tif"/>
        <level index="5" path="5/c161.tif" mask="5/m161.tif"/>
        <level index="6" path="6/c161.tif" mask="6/m161.tif"/>
        <level index="7" path="7/c161.tif" mask="7/m161.tif"/>
        <level index="8" path="8/c161.tif" mask="8/m161.tif"/>
        <level index="9" path="9/c161.tif" mask="9/m161.tif"/>
      </pyramid>
    </image>
    <image id="149">
      <extent>
        <left>2507639.7203984996</left>
        <top>1139230.7076666753</top>
        <right>2507679.029572085</right>
        <bottom>1139190.2318982608</bottom>
      </extent>
      <center>
        <x>2507659.2411253881</x>
        <y>1139211.7082407828</y>
      </center>
      <pyramid>
        <level index="0" path="0/c149.tif" mask="0/m149.tif"/>
        <level index="1" path="1/c149.tif" mask="1/m149.tif"/>
        <level index="2" path="2/c149.tif" mask="2/m149.tif"/>
        <level index="3" path="3/c149.tif" mask="3/m149.tif"/>
        <level index="4" path="4/c149.tif" mask="4/m149.tif"/>
        <level index="5" path="5/c149.tif" mask="5/m149.tif"/>
        <level index="6" path="6/c149.tif" mask="6/m149.tif"/>
        <level index="7" path="7/c149.tif" mask="7/m149.tif"/>
        <level index="8" path="8/c149.tif" mask="8/m149.tif"/>
        <level index="9" path="9/c149.tif" mask="9/m149.tif"/>
      </pyramid>
    </image>
    <image id="159">
      <extent>
        <left>2507643.4230690436</left>
        <top>1139216.5056426702</top>
        <right>2507682.6815211149</right>
        <bottom>1139175.6748236555</bottom>
      </extent>
      <center>
        <x>2507663.525379857</x>
        <y>1139197.406267999</y>
      </center>
      <pyramid>
        <level index="0" path="0/c159.tif" mask="0/m159.tif"/>
        <level index="1" path="1/c159.tif" mask="1/m159.tif"/>
        <level index="2" path="2/c159.tif" mask="2/m159.tif"/>
        <level index="3" path="3/c159.tif" mask="3/m159.tif"/>
        <level index="4" path="4/c159.tif" mask="4/m159.tif"/>
        <level index="5" path="5/c159.tif" mask="5/m159.tif"/>
        <level index="6" path="6/c159.tif" mask="6/m159.tif"/>
        <level index="7" path="7/c159.tif" mask="7/m159.tif"/>
        <level index="8" path="8/c159.tif" mask="8/m159.tif"/>
        <level index="9" path="9/c159.tif" mask="9/m159.tif"/>
      </pyramid>
    </image>
    <image id="145">
      <extent>
        <left>2507658.2844727347</left>
        <top>1139217.3679084135</top>
        <right>2507697.8979754061</right>
        <bottom>1139176.4356463703</bottom>
      </extent>
      <center>
        <x>2507678.5364952479</x>
        <y>1139197.7773959415</y>
      </center>
      <pyramid>
        <level index="0" path="0/c145.tif" mask="0/m145.tif"/>
        <level index="1" path="1/c145.tif" mask="1/m145.tif"/>
        <level index="2" path="2/c145.tif" mask="2/m145.tif"/>
        <level index="3" path="3/c145.tif" mask="3/m145.tif"/>
        <level index="4" path="4/c145.tif" mask="4/m145.tif"/>
        <level index="5" path="5/c145.tif" mask="5/m145.tif"/>
        <level index="6" path="6/c145.tif" mask="6/m145.tif"/>
        <level index="7" path="7/c145.tif" mask="7/m145.tif"/>
        <level index="8" path="8/c145.tif" mask="8/m145.tif"/>
        <level index="9" path="9/c145.tif" mask="9/m145.tif"/>
      </pyramid>
    </image>
    <image id="142">
      <extent>
        <left>2507672.6893827971</left>
        <top>1139207.1728840384</top>
        <right>2507712.2521639541</right>
        <bottom>1139166.3420650237</bottom>
      </extent>
      <center>
        <x>2507693.0492566936</x>
        <y>1139187.5432212972</y>
      </center>
      <pyramid>
        <level index="0" path="0/c142.tif" mask="0/m142.tif"/>
        <level index="1" path="1/c142.tif" mask="1/m142.tif"/>
        <level index="2" path="2/c142.tif" mask="2/m142.tif"/>
        <level index="3" path="3/c142.tif" mask="3/m142.tif"/>
        <level index="4" path="4/c142.tif" mask="4/m142.tif"/>
        <level index="5" path="5/c142.tif" mask="5/m142.tif"/>
        <level index="6" path="6/c142.tif" mask="6/m142.tif"/>
        <level index="7" path="7/c142.tif" mask="7/m142.tif"/>
        <level index="8" path="8/c142.tif" mask="8/m142.tif"/>
        <level index="9" path="9/c142.tif" mask="9/m142.tif"/>
      </pyramid>
    </image>
    <image id="143">
      <extent>
        <left>2507667.9215604523</left>
        <top>1139210.4190609539</top>
        <right>2507707.2814555522</right>
        <bottom>1139169.5882419392</bottom>
      </extent>
      <center>
        <x>2507688.2390142828</x>
        <y>1139190.9507070025</y>
      </center>
      <pyramid>
        <level index="0" path="0/c143.tif" mask="0/m143.tif"/>
        <level index="1" path="1/c143.tif" mask="1/m143.tif"/>
        <level index="2" path="2/c143.tif" mask="2/m143.tif"/>
        <level index="3" path="3/c143.tif" mask="3/m143.tif"/>
        <level index="4" path="4/c143.tif" mask="4/m143.tif"/>
        <level index="5" path="5/c143.tif" mask="5/m143.tif"/>
        <level index="6" path="6/c143.tif" mask="6/m143.tif"/>
        <level index="7" path="7/c143.tif" mask="7/m143.tif"/>
        <level index="8" path="8/c143.tif" mask="8/m143.tif"/>
        <level index="9" path="9/c143.tif" mask="9/m143.tif"/>
      </pyramid>
    </image>
    <image id="157">
      <extent>
        <left>2507634.0395888975</left>
        <top>1139222.9979965012</top>
        <right>2507672.9429903687</right>
        <bottom>1139182.6236711154</bottom>
      </extent>
      <center>
        <x>2507653.7910846341</x>
        <y>1139204.1284621924</y>
      </center>
      <pyramid>
        <level index="0" path="0/c157.tif" mask="0/m157.tif"/>
        <level index="1" path="1/c157.tif" mask="1/m157.tif"/>
        <level index="2" path="2/c157.tif" mask="2/m157.tif"/>
        <level index="3" path="3/c157.tif" mask="3/m157.tif"/>
        <level index="4" path="4/c157.tif" mask="4/m157.tif"/>
        <level index="5" path="5/c157.tif" mask="5/m157.tif"/>
        <level index="6" path="6/c157.tif" mask="6/m157.tif"/>
        <level index="7" path="7/c157.tif" mask="7/m157.tif"/>
        <level index="8" path="8/c157.tif" mask="8/m157.tif"/>
        <level index="9" path="9/c157.tif" mask="9/m157.tif"/>
      </pyramid>
    </image>
    <image id="144">
      <extent>
        <left>2507663.001573565</left>
        <top>1139213.7159593836</top>
        <right>2507702.4629116934</right>
        <bottom>1139172.9865833977</bottom>
      </extent>
      <center>
        <x>2507683.3401213456</x>
        <y>1139194.3723113385</y>
      </center>
      <pyramid>
        <level index="0" path="0/c144.tif" mask="0/m144.tif"/>
        <level index="1" path="1/c144.tif" mask="1/m144.tif"/>
        <level index="2" path="2/c144.tif" mask="2/m144.tif"/>
        <level index="3" path="3/c144.tif" mask="3/m144.tif"/>
        <level index="4" path="4/c144.tif" mask="4/m144.tif"/>
        <level index="5" path="5/c144.tif" mask="5/m144.tif"/>
        <level index="6" path="6/c144.tif" mask="6/m144.tif"/>
        <level index="7" path="7/c144.tif" mask="7/m144.tif"/>
        <level index="8" path="8/c144.tif" mask="8/m144.tif"/>
        <level index="9" path="9/c144.tif" mask="9/m144.tif"/>
      </pyramid>
    </image>
    <image id="160">
      <extent>
        <left>2507648.3937774454</left>
        <top>1139213.0058581834</top>
        <right>2507687.5000649737</right>
        <bottom>1139172.3272037117</bottom>
      </extent>
      <center>
        <x>2507668.4558202587</x>
        <y>1139193.9815180006</y>
      </center>
      <pyramid>
        <level index="0" path="0/c160.tif" mask="0/m160.tif"/>
        <level index="1" path="1/c160.tif" mask="1/m160.tif"/>
        <level index="2" path="2/c160.tif" mask="2/m160.tif"/>
        <level index="3" path="3/c160.tif" mask="3/m160.tif"/>
        <level index="4" path="4/c160.tif" mask="4/m160.tif"/>
        <level index="5" path="5/c160.tif" mask="5/m160.tif"/>
        <level index="6" path="6/c160.tif" mask="6/m160.tif"/>
        <level index="7" path="7/c160.tif" mask="7/m160.tif"/>
        <level index="8" path="8/c160.tif" mask="8/m160.tif"/>
        <level index="9" path="9/c160.tif" mask="9/m160.tif"/>
      </pyramid>
    </image>
  </images>
</orthomosaic>
