<?xml version="1.0" encoding="UTF-8"?>
<orthomosaic version="1.2.0">
  <images level_count="10">
    <image id="171">
      <extent>
        <left>2507595.8792789895</left>
        <top>1139189.4965264469</top>
        <right>2507634.1438479894</right>
        <bottom>1139149.323885947</bottom>
      </extent>
      <center>
        <x>2507617.4000301342</x>
        <y>1139168.4569492287</y>
      </center>
      <pyramid>
        <level index="0" path="0/c171.tif" mask="0/m171.tif"/>
        <level index="1" path="1/c171.tif" mask="1/m171.tif"/>
        <level index="2" path="2/c171.tif" mask="2/m171.tif"/>
        <level index="3" path="3/c171.tif" mask="3/m171.tif"/>
        <level index="4" path="4/c171.tif" mask="4/m171.tif"/>
        <level index="5" path="5/c171.tif" mask="5/m171.tif"/>
        <level index="6" path="6/c171.tif" mask="6/m171.tif"/>
        <level index="7" path="7/c171.tif" mask="7/m171.tif"/>
        <level index="8" path="8/c171.tif" mask="8/m171.tif"/>
        <level index="9" path="9/c171.tif" mask="9/m171.tif"/>
      </pyramid>
    </image>
    <image id="168">
      <extent>
        <left>2507598.3546149894</left>
        <top>1139195.8395749468</top>
        <right>2507637.3927264893</right>
        <bottom>1139155.5637954469</bottom>
      </extent>
      <center>
        <x>2507619.330358712</x>
        <y>1139175.5659547683</y>
      </center>
      <pyramid>
        <level index="0" path="0/c168.tif" mask="0/m168.tif"/>
        <level index="1" path="1/c168.tif" mask="1/m168.tif"/>
        <level index="2" path="2/c168.tif" mask="2/m168.tif"/>
        <level index="3" path="3/c168.tif" mask="3/m168.tif"/>
        <level index="4" path="4/c168.tif" mask="4/m168.tif"/>
        <level index="5" path="5/c168.tif" mask="5/m168.tif"/>
        <level index="6" path="6/c168.tif" mask="6/m168.tif"/>
        <level index="7" path="7/c168.tif" mask="7/m168.tif"/>
        <level index="8" path="8/c168.tif" mask="8/m168.tif"/>
        <level index="9" path="9/c168.tif" mask="9/m168.tif"/>
      </pyramid>
    </image>
    <image id="176">
      <extent>
        <left>2507621.1999034896</left>
        <top>1139172.375452447</top>
        <right>2507660.4442929896</right>
        <bottom>1139131.9965339471</bottom>
      </extent>
      <center>
        <x>2507641.0686163511</x>
        <y>1139153.2269368414</y>
      </center>
      <pyramid>
        <level index="0" path="0/c176.tif" mask="0/m176.tif"/>
        <level index="1" path="1/c176.tif" mask="1/m176.tif"/>
        <level index="2" path="2/c176.tif" mask="2/m176.tif"/>
        <level index="3" path="3/c176.tif" mask="3/m176.tif"/>
        <level index="4" path="4/c176.tif" mask="4/m176.tif"/>
        <level index="5" path="5/c176.tif" mask="5/m176.tif"/>
        <level index="6" path="6/c176.tif" mask="6/m176.tif"/>
        <level index="7" path="7/c176.tif" mask="7/m176.tif"/>
        <level index="8" path="8/c176.tif" mask="8/m176.tif"/>
        <level index="9" path="9/c176.tif" mask="9/m176.tif"/>
      </pyramid>
    </image>
    <image id="177">
      <extent>
        <left>2507626.2537144893</left>
        <top>1139169.4875604468</top>
        <right>2507665.6528124893</right>
        <bottom>1139128.6445164469</bottom>
      </extent>
      <center>
        <x>2507646.3435920998</x>
        <y>1139149.6111388598</y>
      </center>
      <pyramid>
        <level index="0" path="0/c177.tif" mask="0/m177.tif"/>
        <level index="1" path="1/c177.tif" mask="1/m177.tif"/>
        <level index="2" path="2/c177.tif" mask="2/m177.tif"/>
        <level index="3" path="3/c177.tif" mask="3/m177.tif"/>
        <level index="4" path="4/c177.tif" mask="4/m177.tif"/>
        <level index="5" path="5/c177.tif" mask="5/m177.tif"/>
        <level index="6" path="6/c177.tif" mask="6/m177.tif"/>
        <level index="7" path="7/c177.tif" mask="7/m177.tif"/>
        <level index="8" path="8/c177.tif" mask="8/m177.tif"/>
        <level index="9" path="9/c177.tif" mask="9/m177.tif"/>
      </pyramid>
    </image>
    <image id="165">
      <extent>
        <left>2507612.1236714893</left>
        <top>1139188.361997447</top>
        <right>2507651.2133524893</right>
        <bottom>1139147.622092447</bottom>
      </extent>
      <center>
        <x>2507631.4470019098</x>
        <y>1139167.5855644548</y>
      </center>
      <pyramid>
        <level index="0" path="0/c165.tif" mask="0/m165.tif"/>
        <level index="1" path="1/c165.tif" mask="1/m165.tif"/>
        <level index="2" path="2/c165.tif" mask="2/m165.tif"/>
        <level index="3" path="3/c165.tif" mask="3/m165.tif"/>
        <level index="4" path="4/c165.tif" mask="4/m165.tif"/>
        <level index="5" path="5/c165.tif" mask="5/m165.tif"/>
        <level index="6" path="6/c165.tif" mask="6/m165.tif"/>
        <level index="7" path="7/c165.tif" mask="7/m165.tif"/>
        <level index="8" path="8/c165.tif" mask="8/m165.tif"/>
        <level index="9" path="9/c165.tif" mask="9/m165.tif"/>
      </pyramid>
    </image>
    <image id="167">
      <extent>
        <left>2507601.7582019893</left>
        <top>1139194.3440594468</top>
        <right>2507640.7963134893</right>
        <bottom>1139153.6041544469</bottom>
      </extent>
      <center>
        <x>2507622.0759114288</x>
        <y>1139173.8373485373</y>
      </center>
      <pyramid>
        <level index="0" path="0/c167.tif" mask="0/m167.tif"/>
        <level index="1" path="1/c167.tif" mask="1/m167.tif"/>
        <level index="2" path="2/c167.tif" mask="2/m167.tif"/>
        <level index="3" path="3/c167.tif" mask="3/m167.tif"/>
        <level index="4" path="4/c167.tif" mask="4/m167.tif"/>
        <level index="5" path="5/c167.tif" mask="5/m167.tif"/>
        <level index="6" path="6/c167.tif" mask="6/m167.tif"/>
        <level index="7" path="7/c167.tif" mask="7/m167.tif"/>
        <level index="8" path="8/c167.tif" mask="8/m167.tif"/>
        <level index="9" path="9/c167.tif" mask="9/m167.tif"/>
      </pyramid>
    </image>
    <image id="178">
      <extent>
        <left>2507631.2559559895</left>
        <top>1139166.3418209469</top>
        <right>2507670.7581929895</right>
        <bottom>1139125.4472074469</bottom>
      </extent>
      <center>
        <x>2507651.4213591684</x>
        <y>1139145.9281596439</y>
      </center>
      <pyramid>
        <level index="0" path="0/c178.tif" mask="0/m178.tif"/>
        <level index="1" path="1/c178.tif" mask="1/m178.tif"/>
        <level index="2" path="2/c178.tif" mask="2/m178.tif"/>
        <level index="3" path="3/c178.tif" mask="3/m178.tif"/>
        <level index="4" path="4/c178.tif" mask="4/m178.tif"/>
        <level index="5" path="5/c178.tif" mask="5/m178.tif"/>
        <level index="6" path="6/c178.tif" mask="6/m178.tif"/>
        <level index="7" path="7/c178.tif" mask="7/m178.tif"/>
        <level index="8" path="8/c178.tif" mask="8/m178.tif"/>
        <level index="9" path="9/c178.tif" mask="9/m178.tif"/>
      </pyramid>
    </image>
    <image id="169">
      <extent>
        <left>2507597.7873504893</left>
        <top>1139194.0862119468</top>
        <right>2507636.7223229893</right>
        <bottom>1139153.7072934469</bottom>
      </extent>
      <center>
        <x>2507618.3473134413</x>
        <y>1139173.3008056225</y>
      </center>
      <pyramid>
        <level index="0" path="0/c169.tif" mask="0/m169.tif"/>
        <level index="1" path="1/c169.tif" mask="1/m169.tif"/>
        <level index="2" path="2/c169.tif" mask="2/m169.tif"/>
        <level index="3" path="3/c169.tif" mask="3/m169.tif"/>
        <level index="4" path="4/c169.tif" mask="4/m169.tif"/>
        <level index="5" path="5/c169.tif" mask="5/m169.tif"/>
        <level index="6" path="6/c169.tif" mask="6/m169.tif"/>
        <level index="7" path="7/c169.tif" mask="7/m169.tif"/>
        <level index="8" path="8/c169.tif" mask="8/m169.tif"/>
        <level index="9" path="9/c169.tif" mask="9/m169.tif"/>
      </pyramid>
    </image>
    <image id="173">
      <extent>
        <left>2507606.8120129895</left>
        <top>1139182.3283659469</top>
        <right>2507645.6438464895</right>
        <bottom>1139142.362003447</bottom>
      </extent>
      <center>
        <x>2507626.4816514291</x>
        <y>1139161.198461758</y>
      </center>
      <pyramid>
        <level index="0" path="0/c173.tif" mask="0/m173.tif"/>
        <level index="1" path="1/c173.tif" mask="1/m173.tif"/>
        <level index="2" path="2/c173.tif" mask="2/m173.tif"/>
        <level index="3" path="3/c173.tif" mask="3/m173.tif"/>
        <level index="4" path="4/c173.tif" mask="4/m173.tif"/>
        <level index="5" path="5/c173.tif" mask="5/m173.tif"/>
        <level index="6" path="6/c173.tif" mask="6/m173.tif"/>
        <level index="7" path="7/c173.tif" mask="7/m173.tif"/>
        <level index="8" path="8/c173.tif" mask="8/m173.tif"/>
        <level index="9" path="9/c173.tif" mask="9/m173.tif"/>
      </pyramid>
    </image>
    <image id="170">
      <extent>
        <left>2507594.6416109893</left>
        <top>1139189.1355399468</top>
        <right>2507633.4218749893</right>
        <bottom>1139148.9113299469</bottom>
      </extent>
      <center>
        <x>2507615.5075294636</x>
        <y>1139168.6350106909</y>
      </center>
      <pyramid>
        <level index="0" path="0/c170.tif" mask="0/m170.tif"/>
        <level index="1" path="1/c170.tif" mask="1/m170.tif"/>
        <level index="2" path="2/c170.tif" mask="2/m170.tif"/>
        <level index="3" path="3/c170.tif" mask="3/m170.tif"/>
        <level index="4" path="4/c170.tif" mask="4/m170.tif"/>
        <level index="5" path="5/c170.tif" mask="5/m170.tif"/>
        <level index="6" path="6/c170.tif" mask="6/m170.tif"/>
        <level index="7" path="7/c170.tif" mask="7/m170.tif"/>
        <level index="8" path="8/c170.tif" mask="8/m170.tif"/>
        <level index="9" path="9/c170.tif" mask="9/m170.tif"/>
      </pyramid>
    </image>
    <image id="179">
      <extent>
        <left>2507636.3097669892</left>
        <top>1139163.1445119469</top>
        <right>2507675.8120039892</right>
        <bottom>1139122.1467594469</bottom>
      </extent>
      <center>
        <x>2507656.6614004858</x>
        <y>1139142.6168856784</y>
      </center>
      <pyramid>
        <level index="0" path="0/c179.tif" mask="0/m179.tif"/>
        <level index="1" path="1/c179.tif" mask="1/m179.tif"/>
        <level index="2" path="2/c179.tif" mask="2/m179.tif"/>
        <level index="3" path="3/c179.tif" mask="3/m179.tif"/>
        <level index="4" path="4/c179.tif" mask="4/m179.tif"/>
        <level index="5" path="5/c179.tif" mask="5/m179.tif"/>
        <level index="6" path="6/c179.tif" mask="6/m179.tif"/>
        <level index="7" path="7/c179.tif" mask="7/m179.tif"/>
        <level index="8" path="8/c179.tif" mask="8/m179.tif"/>
        <level index="9" path="9/c179.tif" mask="9/m179.tif"/>
      </pyramid>
    </image>
    <image id="175">
      <extent>
        <left>2507615.9398144893</left>
        <top>1139175.830608947</top>
        <right>2507655.3389124894</right>
        <bottom>1139135.4516904471</bottom>
      </extent>
      <center>
        <x>2507636.0056781881</x>
        <y>1139156.2887808785</y>
      </center>
      <pyramid>
        <level index="0" path="0/c175.tif" mask="0/m175.tif"/>
        <level index="1" path="1/c175.tif" mask="1/m175.tif"/>
        <level index="2" path="2/c175.tif" mask="2/m175.tif"/>
        <level index="3" path="3/c175.tif" mask="3/m175.tif"/>
        <level index="4" path="4/c175.tif" mask="4/m175.tif"/>
        <level index="5" path="5/c175.tif" mask="5/m175.tif"/>
        <level index="6" path="6/c175.tif" mask="6/m175.tif"/>
        <level index="7" path="7/c175.tif" mask="7/m175.tif"/>
        <level index="8" path="8/c175.tif" mask="8/m175.tif"/>
        <level index="9" path="9/c175.tif" mask="9/m175.tif"/>
      </pyramid>
    </image>
    <image id="172">
      <extent>
        <left>2507601.8613409894</left>
        <top>1139185.6288139469</top>
        <right>2507640.3837574893</right>
        <bottom>1139145.507742947</bottom>
      </extent>
      <center>
        <x>2507622.5181992799</x>
        <y>1139164.1459634397</y>
      </center>
      <pyramid>
        <level index="0" path="0/c172.tif" mask="0/m172.tif"/>
        <level index="1" path="1/c172.tif" mask="1/m172.tif"/>
        <level index="2" path="2/c172.tif" mask="2/m172.tif"/>
        <level index="3" path="3/c172.tif" mask="3/m172.tif"/>
        <level index="4" path="4/c172.tif" mask="4/m172.tif"/>
        <level index="5" path="5/c172.tif" mask="5/m172.tif"/>
        <level index="6" path="6/c172.tif" mask="6/m172.tif"/>
        <level index="7" path="7/c172.tif" mask="7/m172.tif"/>
        <level index="8" path="8/c172.tif" mask="8/m172.tif"/>
        <level index="9" path="9/c172.tif" mask="9/m172.tif"/>
      </pyramid>
    </image>
    <image id="174">
      <extent>
        <left>2507611.8142544893</left>
        <top>1139179.0794874469</top>
        <right>2507650.9039354892</right>
        <bottom>1139138.752138447</bottom>
      </extent>
      <center>
        <x>2507630.5611221585</x>
        <y>1139158.2134666957</y>
      </center>
      <pyramid>
        <level index="0" path="0/c174.tif" mask="0/m174.tif"/>
        <level index="1" path="1/c174.tif" mask="1/m174.tif"/>
        <level index="2" path="2/c174.tif" mask="2/m174.tif"/>
        <level index="3" path="3/c174.tif" mask="3/m174.tif"/>
        <level index="4" path="4/c174.tif" mask="4/m174.tif"/>
        <level index="5" path="5/c174.tif" mask="5/m174.tif"/>
        <level index="6" path="6/c174.tif" mask="6/m174.tif"/>
        <level index="7" path="7/c174.tif" mask="7/m174.tif"/>
        <level index="8" path="8/c174.tif" mask="8/m174.tif"/>
        <level index="9" path="9/c174.tif" mask="9/m174.tif"/>
      </pyramid>
    </image>
    <image id="166">
      <extent>
        <left>2507606.6057349895</left>
        <top>1139191.3530284469</top>
        <right>2507645.5407074895</right>
        <bottom>1139150.6646929469</bottom>
      </extent>
      <center>
        <x>2507628.4331863262</x>
        <y>1139170.2795895177</y>
      </center>
      <pyramid>
        <level index="0" path="0/c166.tif" mask="0/m166.tif"/>
        <level index="1" path="1/c166.tif" mask="1/m166.tif"/>
        <level index="2" path="2/c166.tif" mask="2/m166.tif"/>
        <level index="3" path="3/c166.tif" mask="3/m166.tif"/>
        <level index="4" path="4/c166.tif" mask="4/m166.tif"/>
        <level index="5" path="5/c166.tif" mask="5/m166.tif"/>
        <level index="6" path="6/c166.tif" mask="6/m166.tif"/>
        <level index="7" path="7/c166.tif" mask="7/m166.tif"/>
        <level index="8" path="8/c166.tif" mask="8/m166.tif"/>
        <level index="9" path="9/c166.tif" mask="9/m166.tif"/>
      </pyramid>
    </image>
    <image id="180">
      <extent>
        <left>2507641.2604389894</left>
        <top>1139159.792494447</top>
        <right>2507680.8142454894</right>
        <bottom>1139118.794741947</bottom>
      </extent>
      <center>
        <x>2507661.3342697024</x>
        <y>1139139.5451943208</y>
      </center>
      <pyramid>
        <level index="0" path="0/c180.tif" mask="0/m180.tif"/>
        <level index="1" path="1/c180.tif" mask="1/m180.tif"/>
        <level index="2" path="2/c180.tif" mask="2/m180.tif"/>
        <level index="3" path="3/c180.tif" mask="3/m180.tif"/>
        <level index="4" path="4/c180.tif" mask="4/m180.tif"/>
        <level index="5" path="5/c180.tif" mask="5/m180.tif"/>
        <level index="6" path="6/c180.tif" mask="6/m180.tif"/>
        <level index="7" path="7/c180.tif" mask="7/m180.tif"/>
        <level index="8" path="8/c180.tif" mask="8/m180.tif"/>
        <level index="9" path="9/c180.tif" mask="9/m180.tif"/>
      </pyramid>
    </image>
    <image id="163">
      <extent>
        <left>2507621.7671679892</left>
        <top>1139182.0705184469</top>
        <right>2507660.9084184892</right>
        <bottom>1139141.2790439469</bottom>
      </extent>
      <center>
        <x>2507641.4176510703</x>
        <y>1139161.3952596255</y>
      </center>
      <pyramid>
        <level index="0" path="0/c163.tif" mask="0/m163.tif"/>
        <level index="1" path="1/c163.tif" mask="1/m163.tif"/>
        <level index="2" path="2/c163.tif" mask="2/m163.tif"/>
        <level index="3" path="3/c163.tif" mask="3/m163.tif"/>
        <level index="4" path="4/c163.tif" mask="4/m163.tif"/>
        <level index="5" path="5/c163.tif" mask="5/m163.tif"/>
        <level index="6" path="6/c163.tif" mask="6/m163.tif"/>
        <level index="7" path="7/c163.tif" mask="7/m163.tif"/>
        <level index="8" path="8/c163.tif" mask="8/m163.tif"/>
        <level index="9" path="9/c163.tif" mask="9/m163.tif"/>
      </pyramid>
    </image>
    <image id="164">
      <extent>
        <left>2507616.9712044895</left>
        <top>1139185.009979947</top>
        <right>2507655.9577464894</right>
        <bottom>1139144.4247834471</bottom>
      </extent>
      <center>
        <x>2507636.4593331143</x>
        <y>1139164.6170391501</y>
      </center>
      <pyramid>
        <level index="0" path="0/c164.tif" mask="0/m164.tif"/>
        <level index="1" path="1/c164.tif" mask="1/m164.tif"/>
        <level index="2" path="2/c164.tif" mask="2/m164.tif"/>
        <level index="3" path="3/c164.tif" mask="3/m164.tif"/>
        <level index="4" path="4/c164.tif" mask="4/m164.tif"/>
        <level index="5" path="5/c164.tif" mask="5/m164.tif"/>
        <level index="6" path="6/c164.tif" mask="6/m164.tif"/>
        <level index="7" path="7/c164.tif" mask="7/m164.tif"/>
        <level index="8" path="8/c164.tif" mask="8/m164.tif"/>
        <level index="9" path="9/c164.tif" mask="9/m164.tif"/>
      </pyramid>
    </image>
    <image id="181">
      <extent>
        <left>2507646.3142499891</left>
        <top>1139156.543615947</top>
        <right>2507685.8164869891</right>
        <bottom>1139115.597432947</bottom>
      </extent>
      <center>
        <x>2507666.4324987903</x>
        <y>1139136.3027373627</y>
      </center>
      <pyramid>
        <level index="0" path="0/c181.tif" mask="0/m181.tif"/>
        <level index="1" path="1/c181.tif" mask="1/m181.tif"/>
        <level index="2" path="2/c181.tif" mask="2/m181.tif"/>
        <level index="3" path="3/c181.tif" mask="3/m181.tif"/>
        <level index="4" path="4/c181.tif" mask="4/m181.tif"/>
        <level index="5" path="5/c181.tif" mask="5/m181.tif"/>
        <level index="6" path="6/c181.tif" mask="6/m181.tif"/>
        <level index="7" path="7/c181.tif" mask="7/m181.tif"/>
        <level index="8" path="8/c181.tif" mask="8/m181.tif"/>
        <level index="9" path="9/c181.tif" mask="9/m181.tif"/>
      </pyramid>
    </image>
  </images>
</orthomosaic>
