<?xml version="1.0" encoding="UTF-8"?>
<orthomosaic version="1.2.0">
  <images level_count="10">
    <image id="36">
      <extent>
        <left>2507702.5132363788</left>
        <top>1139140.2189649576</top>
        <right>2507741.9744207067</right>
        <bottom>1139099.1346984978</bottom>
      </extent>
      <center>
        <x>2507723.4676422197</x>
        <y>1139119.65902608</y>
      </center>
      <pyramid>
        <level index="0" path="0/c36.tif" mask="0/m36.tif"/>
        <level index="1" path="1/c36.tif" mask="1/m36.tif"/>
        <level index="2" path="2/c36.tif" mask="2/m36.tif"/>
        <level index="3" path="3/c36.tif" mask="3/m36.tif"/>
        <level index="4" path="4/c36.tif" mask="4/m36.tif"/>
        <level index="5" path="5/c36.tif" mask="5/m36.tif"/>
        <level index="6" path="6/c36.tif" mask="6/m36.tif"/>
        <level index="7" path="7/c36.tif" mask="7/m36.tif"/>
        <level index="8" path="8/c36.tif" mask="8/m36.tif"/>
        <level index="9" path="9/c36.tif" mask="9/m36.tif"/>
      </pyramid>
    </image>
    <image id="39">
      <extent>
        <left>2507697.4918260337</left>
        <top>1139134.3352922299</top>
        <right>2507736.8008464118</right>
        <bottom>1139092.7438126039</bottom>
      </extent>
      <center>
        <x>2507718.0614979528</x>
        <y>1139113.7493994725</y>
      </center>
      <pyramid>
        <level index="0" path="0/c39.tif" mask="0/m39.tif"/>
        <level index="1" path="1/c39.tif" mask="1/m39.tif"/>
        <level index="2" path="2/c39.tif" mask="2/m39.tif"/>
        <level index="3" path="3/c39.tif" mask="3/m39.tif"/>
        <level index="4" path="4/c39.tif" mask="4/m39.tif"/>
        <level index="5" path="5/c39.tif" mask="5/m39.tif"/>
        <level index="6" path="6/c39.tif" mask="6/m39.tif"/>
        <level index="7" path="7/c39.tif" mask="7/m39.tif"/>
        <level index="8" path="8/c39.tif" mask="8/m39.tif"/>
        <level index="9" path="9/c39.tif" mask="9/m39.tif"/>
      </pyramid>
    </image>
    <image id="38">
      <extent>
        <left>2507697.0353341843</left>
        <top>1139133.3715872143</top>
        <right>2507736.6486824621</right>
        <bottom>1139091.9829928549</bottom>
      </extent>
      <center>
        <x>2507718.2611253317</x>
        <y>1139112.9656179699</y>
      </center>
      <pyramid>
        <level index="0" path="0/c38.tif" mask="0/m38.tif"/>
        <level index="1" path="1/c38.tif" mask="1/m38.tif"/>
        <level index="2" path="2/c38.tif" mask="2/m38.tif"/>
        <level index="3" path="3/c38.tif" mask="3/m38.tif"/>
        <level index="4" path="4/c38.tif" mask="4/m38.tif"/>
        <level index="5" path="5/c38.tif" mask="5/m38.tif"/>
        <level index="6" path="6/c38.tif" mask="6/m38.tif"/>
        <level index="7" path="7/c38.tif" mask="7/m38.tif"/>
        <level index="8" path="8/c38.tif" mask="8/m38.tif"/>
        <level index="9" path="9/c38.tif" mask="9/m38.tif"/>
      </pyramid>
    </image>
    <image id="31">
      <extent>
        <left>2507679.3843160016</left>
        <top>1139153.2543433281</top>
        <right>2507718.6426150631</right>
        <bottom>1139112.1193555517</bottom>
      </extent>
      <center>
        <x>2507700.1104668006</x>
        <y>1139133.0516189921</y>
      </center>
      <pyramid>
        <level index="0" path="0/c31.tif" mask="0/m31.tif"/>
        <level index="1" path="1/c31.tif" mask="1/m31.tif"/>
        <level index="2" path="2/c31.tif" mask="2/m31.tif"/>
        <level index="3" path="3/c31.tif" mask="3/m31.tif"/>
        <level index="4" path="4/c31.tif" mask="4/m31.tif"/>
        <level index="5" path="5/c31.tif" mask="5/m31.tif"/>
        <level index="6" path="6/c31.tif" mask="6/m31.tif"/>
        <level index="7" path="7/c31.tif" mask="7/m31.tif"/>
        <level index="8" path="8/c31.tif" mask="8/m31.tif"/>
        <level index="9" path="9/c31.tif" mask="9/m31.tif"/>
      </pyramid>
    </image>
    <image id="34">
      <extent>
        <left>2507694.54998967</left>
        <top>1139144.7331621365</top>
        <right>2507733.7068460984</right>
        <bottom>1139103.5981743601</bottom>
      </extent>
      <center>
        <x>2507715.4166489411</x>
        <y>1139124.320829645</y>
      </center>
      <pyramid>
        <level index="0" path="0/c34.tif" mask="0/m34.tif"/>
        <level index="1" path="1/c34.tif" mask="1/m34.tif"/>
        <level index="2" path="2/c34.tif" mask="2/m34.tif"/>
        <level index="3" path="3/c34.tif" mask="3/m34.tif"/>
        <level index="4" path="4/c34.tif" mask="4/m34.tif"/>
        <level index="5" path="5/c34.tif" mask="5/m34.tif"/>
        <level index="6" path="6/c34.tif" mask="6/m34.tif"/>
        <level index="7" path="7/c34.tif" mask="7/m34.tif"/>
        <level index="8" path="8/c34.tif" mask="8/m34.tif"/>
        <level index="9" path="9/c34.tif" mask="9/m34.tif"/>
      </pyramid>
    </image>
    <image id="37">
      <extent>
        <left>2507700.3322197641</left>
        <top>1139138.3422762428</top>
        <right>2507739.7934040921</right>
        <bottom>1139097.1565671498</bottom>
      </extent>
      <center>
        <x>2507721.4808770046</x>
        <y>1139117.7015713151</y>
      </center>
      <pyramid>
        <level index="0" path="0/c37.tif" mask="0/m37.tif"/>
        <level index="1" path="1/c37.tif" mask="1/m37.tif"/>
        <level index="2" path="2/c37.tif" mask="2/m37.tif"/>
        <level index="3" path="3/c37.tif" mask="3/m37.tif"/>
        <level index="4" path="4/c37.tif" mask="4/m37.tif"/>
        <level index="5" path="5/c37.tif" mask="5/m37.tif"/>
        <level index="6" path="6/c37.tif" mask="6/m37.tif"/>
        <level index="7" path="7/c37.tif" mask="7/m37.tif"/>
        <level index="8" path="8/c37.tif" mask="8/m37.tif"/>
        <level index="9" path="9/c37.tif" mask="9/m37.tif"/>
      </pyramid>
    </image>
    <image id="35">
      <extent>
        <left>2507699.5206786986</left>
        <top>1139141.8927684058</top>
        <right>2507738.8296990767</right>
        <bottom>1139100.7070593128</bottom>
      </extent>
      <center>
        <x>2507720.3613227643</x>
        <y>1139121.4345580207</y>
      </center>
      <pyramid>
        <level index="0" path="0/c35.tif" mask="0/m35.tif"/>
        <level index="1" path="1/c35.tif" mask="1/m35.tif"/>
        <level index="2" path="2/c35.tif" mask="2/m35.tif"/>
        <level index="3" path="3/c35.tif" mask="3/m35.tif"/>
        <level index="4" path="4/c35.tif" mask="4/m35.tif"/>
        <level index="5" path="5/c35.tif" mask="5/m35.tif"/>
        <level index="6" path="6/c35.tif" mask="6/m35.tif"/>
        <level index="7" path="7/c35.tif" mask="7/m35.tif"/>
        <level index="8" path="8/c35.tif" mask="8/m35.tif"/>
        <level index="9" path="9/c35.tif" mask="9/m35.tif"/>
      </pyramid>
    </image>
    <image id="29">
      <extent>
        <left>2507668.8342821449</left>
        <top>1139159.1380160556</top>
        <right>2507707.9911385733</right>
        <bottom>1139118.307356179</bottom>
      </extent>
      <center>
        <x>2507689.3911044747</x>
        <y>1139139.1752797219</y>
      </center>
      <pyramid>
        <level index="0" path="0/c29.tif" mask="0/m29.tif"/>
        <level index="1" path="1/c29.tif" mask="1/m29.tif"/>
        <level index="2" path="2/c29.tif" mask="2/m29.tif"/>
        <level index="3" path="3/c29.tif" mask="3/m29.tif"/>
        <level index="4" path="4/c29.tif" mask="4/m29.tif"/>
        <level index="5" path="5/c29.tif" mask="5/m29.tif"/>
        <level index="6" path="6/c29.tif" mask="6/m29.tif"/>
        <level index="7" path="7/c29.tif" mask="7/m29.tif"/>
        <level index="8" path="8/c29.tif" mask="8/m29.tif"/>
        <level index="9" path="9/c29.tif" mask="9/m29.tif"/>
      </pyramid>
    </image>
    <image id="33">
      <extent>
        <left>2507689.8329072245</left>
        <top>1139147.3706706006</top>
        <right>2507728.9897636529</right>
        <bottom>1139106.3371254574</bottom>
      </extent>
      <center>
        <x>2507710.4579093847</x>
        <y>1139127.1374670072</y>
      </center>
      <pyramid>
        <level index="0" path="0/c33.tif" mask="0/m33.tif"/>
        <level index="1" path="1/c33.tif" mask="1/m33.tif"/>
        <level index="2" path="2/c33.tif" mask="2/m33.tif"/>
        <level index="3" path="3/c33.tif" mask="3/m33.tif"/>
        <level index="4" path="4/c33.tif" mask="4/m33.tif"/>
        <level index="5" path="5/c33.tif" mask="5/m33.tif"/>
        <level index="6" path="6/c33.tif" mask="6/m33.tif"/>
        <level index="7" path="7/c33.tif" mask="7/m33.tif"/>
        <level index="8" path="8/c33.tif" mask="8/m33.tif"/>
        <level index="9" path="9/c33.tif" mask="9/m33.tif"/>
      </pyramid>
    </image>
    <image id="20">
      <extent>
        <left>2507623.2358185062</left>
        <top>1139186.3753630789</top>
        <right>2507662.2405109848</right>
        <bottom>1139145.8997524185</bottom>
      </extent>
      <center>
        <x>2507643.0076399986</x>
        <y>1139167.1457016445</y>
      </center>
      <pyramid>
        <level index="0" path="0/c20.tif" mask="0/m20.tif"/>
        <level index="1" path="1/c20.tif" mask="1/m20.tif"/>
        <level index="2" path="2/c20.tif" mask="2/m20.tif"/>
        <level index="3" path="3/c20.tif" mask="3/m20.tif"/>
        <level index="4" path="4/c20.tif" mask="4/m20.tif"/>
        <level index="5" path="5/c20.tif" mask="5/m20.tif"/>
        <level index="6" path="6/c20.tif" mask="6/m20.tif"/>
        <level index="7" path="7/c20.tif" mask="7/m20.tif"/>
        <level index="8" path="8/c20.tif" mask="8/m20.tif"/>
        <level index="9" path="9/c20.tif" mask="9/m20.tif"/>
      </pyramid>
    </image>
    <image id="21">
      <extent>
        <left>2507628.3079501679</left>
        <top>1139183.5856906651</top>
        <right>2507667.3126426465</right>
        <bottom>1139142.8564734217</bottom>
      </extent>
      <center>
        <x>2507648.1131288894</x>
        <y>1139163.9289566237</y>
      </center>
      <pyramid>
        <level index="0" path="0/c21.tif" mask="0/m21.tif"/>
        <level index="1" path="1/c21.tif" mask="1/m21.tif"/>
        <level index="2" path="2/c21.tif" mask="2/m21.tif"/>
        <level index="3" path="3/c21.tif" mask="3/m21.tif"/>
        <level index="4" path="4/c21.tif" mask="4/m21.tif"/>
        <level index="5" path="5/c21.tif" mask="5/m21.tif"/>
        <level index="6" path="6/c21.tif" mask="6/m21.tif"/>
        <level index="7" path="7/c21.tif" mask="7/m21.tif"/>
        <level index="8" path="8/c21.tif" mask="8/m21.tif"/>
        <level index="9" path="9/c21.tif" mask="9/m21.tif"/>
      </pyramid>
    </image>
    <image id="28">
      <extent>
        <left>2507663.8128717998</left>
        <top>1139162.1812950526</top>
        <right>2507702.868285595</right>
        <bottom>1139121.3506351761</bottom>
      </extent>
      <center>
        <x>2507684.2870108206</x>
        <y>1139142.2636270989</y>
      </center>
      <pyramid>
        <level index="0" path="0/c28.tif" mask="0/m28.tif"/>
        <level index="1" path="1/c28.tif" mask="1/m28.tif"/>
        <level index="2" path="2/c28.tif" mask="2/m28.tif"/>
        <level index="3" path="3/c28.tif" mask="3/m28.tif"/>
        <level index="4" path="4/c28.tif" mask="4/m28.tif"/>
        <level index="5" path="5/c28.tif" mask="5/m28.tif"/>
        <level index="6" path="6/c28.tif" mask="6/m28.tif"/>
        <level index="7" path="7/c28.tif" mask="7/m28.tif"/>
        <level index="8" path="8/c28.tif" mask="8/m28.tif"/>
        <level index="9" path="9/c28.tif" mask="9/m28.tif"/>
      </pyramid>
    </image>
    <image id="30">
      <extent>
        <left>2507674.0078564398</left>
        <top>1139156.2976223251</top>
        <right>2507713.1139915516</right>
        <bottom>1139115.4669624486</bottom>
      </extent>
      <center>
        <x>2507694.6257437989</x>
        <y>1139136.1643547711</y>
      </center>
      <pyramid>
        <level index="0" path="0/c30.tif" mask="0/m30.tif"/>
        <level index="1" path="1/c30.tif" mask="1/m30.tif"/>
        <level index="2" path="2/c30.tif" mask="2/m30.tif"/>
        <level index="3" path="3/c30.tif" mask="3/m30.tif"/>
        <level index="4" path="4/c30.tif" mask="4/m30.tif"/>
        <level index="5" path="5/c30.tif" mask="5/m30.tif"/>
        <level index="6" path="6/c30.tif" mask="6/m30.tif"/>
        <level index="7" path="7/c30.tif" mask="7/m30.tif"/>
        <level index="8" path="8/c30.tif" mask="8/m30.tif"/>
        <level index="9" path="9/c30.tif" mask="9/m30.tif"/>
      </pyramid>
    </image>
    <image id="23">
      <extent>
        <left>2507638.6043774411</left>
        <top>1139177.1948047713</top>
        <right>2507677.9133978193</right>
        <bottom>1139136.4148662114</bottom>
      </extent>
      <center>
        <x>2507658.8211176731</x>
        <y>1139157.610464236</y>
      </center>
      <pyramid>
        <level index="0" path="0/c23.tif" mask="0/m23.tif"/>
        <level index="1" path="1/c23.tif" mask="1/m23.tif"/>
        <level index="2" path="2/c23.tif" mask="2/m23.tif"/>
        <level index="3" path="3/c23.tif" mask="3/m23.tif"/>
        <level index="4" path="4/c23.tif" mask="4/m23.tif"/>
        <level index="5" path="5/c23.tif" mask="5/m23.tif"/>
        <level index="6" path="6/c23.tif" mask="6/m23.tif"/>
        <level index="7" path="7/c23.tif" mask="7/m23.tif"/>
        <level index="8" path="8/c23.tif" mask="8/m23.tif"/>
        <level index="9" path="9/c23.tif" mask="9/m23.tif"/>
      </pyramid>
    </image>
    <image id="25">
      <extent>
        <left>2507648.6471981313</left>
        <top>1139171.1589680938</top>
        <right>2507687.8040545597</right>
        <bottom>1139130.4297508504</bottom>
      </extent>
      <center>
        <x>2507668.8347143456</x>
        <y>1139151.4557492826</y>
      </center>
      <pyramid>
        <level index="0" path="0/c25.tif" mask="0/m25.tif"/>
        <level index="1" path="1/c25.tif" mask="1/m25.tif"/>
        <level index="2" path="2/c25.tif" mask="2/m25.tif"/>
        <level index="3" path="3/c25.tif" mask="3/m25.tif"/>
        <level index="4" path="4/c25.tif" mask="4/m25.tif"/>
        <level index="5" path="5/c25.tif" mask="5/m25.tif"/>
        <level index="6" path="6/c25.tif" mask="6/m25.tif"/>
        <level index="7" path="7/c25.tif" mask="7/m25.tif"/>
        <level index="8" path="8/c25.tif" mask="8/m25.tif"/>
        <level index="9" path="9/c25.tif" mask="9/m25.tif"/>
      </pyramid>
    </image>
    <image id="26">
      <extent>
        <left>2507653.5164445266</left>
        <top>1139168.3185743634</top>
        <right>2507692.673300955</right>
        <bottom>1139127.43719317</bottom>
      </extent>
      <center>
        <x>2507674.0710382294</x>
        <y>1139148.3078178659</y>
      </center>
      <pyramid>
        <level index="0" path="0/c26.tif" mask="0/m26.tif"/>
        <level index="1" path="1/c26.tif" mask="1/m26.tif"/>
        <level index="2" path="2/c26.tif" mask="2/m26.tif"/>
        <level index="3" path="3/c26.tif" mask="3/m26.tif"/>
        <level index="4" path="4/c26.tif" mask="4/m26.tif"/>
        <level index="5" path="5/c26.tif" mask="5/m26.tif"/>
        <level index="6" path="6/c26.tif" mask="6/m26.tif"/>
        <level index="7" path="7/c26.tif" mask="7/m26.tif"/>
        <level index="8" path="8/c26.tif" mask="8/m26.tif"/>
        <level index="9" path="9/c26.tif" mask="9/m26.tif"/>
      </pyramid>
    </image>
    <image id="22">
      <extent>
        <left>2507634.394508162</left>
        <top>1139179.7815919188</top>
        <right>2507673.2977580074</right>
        <bottom>1139139.1538173086</bottom>
      </extent>
      <center>
        <x>2507654.2320070211</x>
        <y>1139160.2973134578</y>
      </center>
      <pyramid>
        <level index="0" path="0/c22.tif" mask="0/m22.tif"/>
        <level index="1" path="1/c22.tif" mask="1/m22.tif"/>
        <level index="2" path="2/c22.tif" mask="2/m22.tif"/>
        <level index="3" path="3/c22.tif" mask="3/m22.tif"/>
        <level index="4" path="4/c22.tif" mask="4/m22.tif"/>
        <level index="5" path="5/c22.tif" mask="5/m22.tif"/>
        <level index="6" path="6/c22.tif" mask="6/m22.tif"/>
        <level index="7" path="7/c22.tif" mask="7/m22.tif"/>
        <level index="8" path="8/c22.tif" mask="8/m22.tif"/>
        <level index="9" path="9/c22.tif" mask="9/m22.tif"/>
      </pyramid>
    </image>
    <image id="24">
      <extent>
        <left>2507643.3721812032</left>
        <top>1139174.2529684075</top>
        <right>2507682.6812015814</right>
        <bottom>1139133.4730298475</bottom>
      </extent>
      <center>
        <x>2507663.575983258</x>
        <y>1139154.7209422605</y>
      </center>
      <pyramid>
        <level index="0" path="0/c24.tif" mask="0/m24.tif"/>
        <level index="1" path="1/c24.tif" mask="1/m24.tif"/>
        <level index="2" path="2/c24.tif" mask="2/m24.tif"/>
        <level index="3" path="3/c24.tif" mask="3/m24.tif"/>
        <level index="4" path="4/c24.tif" mask="4/m24.tif"/>
        <level index="5" path="5/c24.tif" mask="5/m24.tif"/>
        <level index="6" path="6/c24.tif" mask="6/m24.tif"/>
        <level index="7" path="7/c24.tif" mask="7/m24.tif"/>
        <level index="8" path="8/c24.tif" mask="8/m24.tif"/>
        <level index="9" path="9/c24.tif" mask="9/m24.tif"/>
      </pyramid>
    </image>
    <image id="27">
      <extent>
        <left>2507658.5885761883</left>
        <top>1139165.3260166829</top>
        <right>2507697.6439899835</right>
        <bottom>1139124.4953568063</bottom>
      </extent>
      <center>
        <x>2507679.2086634506</x>
        <y>1139145.3031442757</y>
      </center>
      <pyramid>
        <level index="0" path="0/c27.tif" mask="0/m27.tif"/>
        <level index="1" path="1/c27.tif" mask="1/m27.tif"/>
        <level index="2" path="2/c27.tif" mask="2/m27.tif"/>
        <level index="3" path="3/c27.tif" mask="3/m27.tif"/>
        <level index="4" path="4/c27.tif" mask="4/m27.tif"/>
        <level index="5" path="5/c27.tif" mask="5/m27.tif"/>
        <level index="6" path="6/c27.tif" mask="6/m27.tif"/>
        <level index="7" path="7/c27.tif" mask="7/m27.tif"/>
        <level index="8" path="8/c27.tif" mask="8/m27.tif"/>
        <level index="9" path="9/c27.tif" mask="9/m27.tif"/>
      </pyramid>
    </image>
    <image id="32">
      <extent>
        <left>2507684.7100542462</left>
        <top>1139150.211064331</top>
        <right>2507723.816189358</right>
        <bottom>1139109.3296831376</bottom>
      </extent>
      <center>
        <x>2507705.2637278214</x>
        <y>1139130.0547701886</y>
      </center>
      <pyramid>
        <level index="0" path="0/c32.tif" mask="0/m32.tif"/>
        <level index="1" path="1/c32.tif" mask="1/m32.tif"/>
        <level index="2" path="2/c32.tif" mask="2/m32.tif"/>
        <level index="3" path="3/c32.tif" mask="3/m32.tif"/>
        <level index="4" path="4/c32.tif" mask="4/m32.tif"/>
        <level index="5" path="5/c32.tif" mask="5/m32.tif"/>
        <level index="6" path="6/c32.tif" mask="6/m32.tif"/>
        <level index="7" path="7/c32.tif" mask="7/m32.tif"/>
        <level index="8" path="8/c32.tif" mask="8/m32.tif"/>
        <level index="9" path="9/c32.tif" mask="9/m32.tif"/>
      </pyramid>
    </image>
  </images>
</orthomosaic>
