<?xml version="1.0" encoding="UTF-8"?>
<orthomosaic version="1.2.0">
  <images level_count="10">
    <image id="218">
      <extent>
        <left>2507690.4922843403</left>
        <top>1139165.4781806327</top>
        <right>2507729.5476981355</right>
        <bottom>1139124.4953568061</bottom>
      </extent>
      <center>
        <x>2507711.1640786175</x>
        <y>1139145.6469173101</y>
      </center>
      <pyramid>
        <level index="0" path="0/c218.tif" mask="0/m218.tif"/>
        <level index="1" path="1/c218.tif" mask="1/m218.tif"/>
        <level index="2" path="2/c218.tif" mask="2/m218.tif"/>
        <level index="3" path="3/c218.tif" mask="3/m218.tif"/>
        <level index="4" path="4/c218.tif" mask="4/m218.tif"/>
        <level index="5" path="5/c218.tif" mask="5/m218.tif"/>
        <level index="6" path="6/c218.tif" mask="6/m218.tif"/>
        <level index="7" path="7/c218.tif" mask="7/m218.tif"/>
        <level index="8" path="8/c218.tif" mask="8/m218.tif"/>
        <level index="9" path="9/c218.tif" mask="9/m218.tif"/>
      </pyramid>
    </image>
    <image id="222">
      <extent>
        <left>2507710.5272044041</left>
        <top>1139153.4065072779</top>
        <right>2507749.7347821491</right>
        <bottom>1139112.4744047679</bottom>
      </extent>
      <center>
        <x>2507731.6465171687</x>
        <y>1139133.253488905</y>
      </center>
      <pyramid>
        <level index="0" path="0/c222.tif" mask="0/m222.tif"/>
        <level index="1" path="1/c222.tif" mask="1/m222.tif"/>
        <level index="2" path="2/c222.tif" mask="2/m222.tif"/>
        <level index="3" path="3/c222.tif" mask="3/m222.tif"/>
        <level index="4" path="4/c222.tif" mask="4/m222.tif"/>
        <level index="5" path="5/c222.tif" mask="5/m222.tif"/>
        <level index="6" path="6/c222.tif" mask="6/m222.tif"/>
        <level index="7" path="7/c222.tif" mask="7/m222.tif"/>
        <level index="8" path="8/c222.tif" mask="8/m222.tif"/>
        <level index="9" path="9/c222.tif" mask="9/m222.tif"/>
      </pyramid>
    </image>
    <image id="204">
      <extent>
        <left>2507620.8011953086</left>
        <top>1139208.9463489735</top>
        <right>2507659.4001172544</right>
        <bottom>1139168.9272301628</bottom>
      </extent>
      <center>
        <x>2507640.2451457679</x>
        <y>1139190.0915782463</y>
      </center>
      <pyramid>
        <level index="0" path="0/c204.tif" mask="0/m204.tif"/>
        <level index="1" path="1/c204.tif" mask="1/m204.tif"/>
        <level index="2" path="2/c204.tif" mask="2/m204.tif"/>
        <level index="3" path="3/c204.tif" mask="3/m204.tif"/>
        <level index="4" path="4/c204.tif" mask="4/m204.tif"/>
        <level index="5" path="5/c204.tif" mask="5/m204.tif"/>
        <level index="6" path="6/c204.tif" mask="6/m204.tif"/>
        <level index="7" path="7/c204.tif" mask="7/m204.tif"/>
        <level index="8" path="8/c204.tif" mask="8/m204.tif"/>
        <level index="9" path="9/c204.tif" mask="9/m204.tif"/>
      </pyramid>
    </image>
    <image id="217">
      <extent>
        <left>2507685.4708739957</left>
        <top>1139168.5721809464</top>
        <right>2507724.4755664743</right>
        <bottom>1139127.7415210698</bottom>
      </extent>
      <center>
        <x>2507706.0796386842</x>
        <y>1139148.7337162637</y>
      </center>
      <pyramid>
        <level index="0" path="0/c217.tif" mask="0/m217.tif"/>
        <level index="1" path="1/c217.tif" mask="1/m217.tif"/>
        <level index="2" path="2/c217.tif" mask="2/m217.tif"/>
        <level index="3" path="3/c217.tif" mask="3/m217.tif"/>
        <level index="4" path="4/c217.tif" mask="4/m217.tif"/>
        <level index="5" path="5/c217.tif" mask="5/m217.tif"/>
        <level index="6" path="6/c217.tif" mask="6/m217.tif"/>
        <level index="7" path="7/c217.tif" mask="7/m217.tif"/>
        <level index="8" path="8/c217.tif" mask="8/m217.tif"/>
        <level index="9" path="9/c217.tif" mask="9/m217.tif"/>
      </pyramid>
    </image>
    <image id="221">
      <extent>
        <left>2507705.6072366922</left>
        <top>1139156.2976223251</top>
        <right>2507744.5612078542</right>
        <bottom>1139115.4669624486</bottom>
      </extent>
      <center>
        <x>2507726.4398967922</x>
        <y>1139136.4586891287</y>
      </center>
      <pyramid>
        <level index="0" path="0/c221.tif" mask="0/m221.tif"/>
        <level index="1" path="1/c221.tif" mask="1/m221.tif"/>
        <level index="2" path="2/c221.tif" mask="2/m221.tif"/>
        <level index="3" path="3/c221.tif" mask="3/m221.tif"/>
        <level index="4" path="4/c221.tif" mask="4/m221.tif"/>
        <level index="5" path="5/c221.tif" mask="5/m221.tif"/>
        <level index="6" path="6/c221.tif" mask="6/m221.tif"/>
        <level index="7" path="7/c221.tif" mask="7/m221.tif"/>
        <level index="8" path="8/c221.tif" mask="8/m221.tif"/>
        <level index="9" path="9/c221.tif" mask="9/m221.tif"/>
      </pyramid>
    </image>
    <image id="220">
      <extent>
        <left>2507700.5858263471</left>
        <top>1139159.4423439554</top>
        <right>2507739.4890761925</right>
        <bottom>1139118.4087988122</bottom>
      </extent>
      <center>
        <x>2507721.3980939407</x>
        <y>1139139.4922804015</y>
      </center>
      <pyramid>
        <level index="0" path="0/c220.tif" mask="0/m220.tif"/>
        <level index="1" path="1/c220.tif" mask="1/m220.tif"/>
        <level index="2" path="2/c220.tif" mask="2/m220.tif"/>
        <level index="3" path="3/c220.tif" mask="3/m220.tif"/>
        <level index="4" path="4/c220.tif" mask="4/m220.tif"/>
        <level index="5" path="5/c220.tif" mask="5/m220.tif"/>
        <level index="6" path="6/c220.tif" mask="6/m220.tif"/>
        <level index="7" path="7/c220.tif" mask="7/m220.tif"/>
        <level index="8" path="8/c220.tif" mask="8/m220.tif"/>
        <level index="9" path="9/c220.tif" mask="9/m220.tif"/>
      </pyramid>
    </image>
    <image id="216">
      <extent>
        <left>2507680.5001849672</left>
        <top>1139171.412574677</top>
        <right>2507719.6570413955</right>
        <bottom>1139130.6326361171</bottom>
      </extent>
      <center>
        <x>2507700.9922261182</x>
        <y>1139151.7073096978</y>
      </center>
      <pyramid>
        <level index="0" path="0/c216.tif" mask="0/m216.tif"/>
        <level index="1" path="1/c216.tif" mask="1/m216.tif"/>
        <level index="2" path="2/c216.tif" mask="2/m216.tif"/>
        <level index="3" path="3/c216.tif" mask="3/m216.tif"/>
        <level index="4" path="4/c216.tif" mask="4/m216.tif"/>
        <level index="5" path="5/c216.tif" mask="5/m216.tif"/>
        <level index="6" path="6/c216.tif" mask="6/m216.tif"/>
        <level index="7" path="7/c216.tif" mask="7/m216.tif"/>
        <level index="8" path="8/c216.tif" mask="8/m216.tif"/>
        <level index="9" path="9/c216.tif" mask="9/m216.tif"/>
      </pyramid>
    </image>
    <image id="203">
      <extent>
        <left>2507615.9319489133</left>
        <top>1139212.0403492872</top>
        <right>2507654.4801495424</right>
        <bottom>1139172.1733944262</bottom>
      </extent>
      <center>
        <x>2507635.3174358867</x>
        <y>1139193.3584476681</y>
      </center>
      <pyramid>
        <level index="0" path="0/c203.tif" mask="0/m203.tif"/>
        <level index="1" path="1/c203.tif" mask="1/m203.tif"/>
        <level index="2" path="2/c203.tif" mask="2/m203.tif"/>
        <level index="3" path="3/c203.tif" mask="3/m203.tif"/>
        <level index="4" path="4/c203.tif" mask="4/m203.tif"/>
        <level index="5" path="5/c203.tif" mask="5/m203.tif"/>
        <level index="6" path="6/c203.tif" mask="6/m203.tif"/>
        <level index="7" path="7/c203.tif" mask="7/m203.tif"/>
        <level index="8" path="8/c203.tif" mask="8/m203.tif"/>
        <level index="9" path="9/c203.tif" mask="9/m203.tif"/>
      </pyramid>
    </image>
    <image id="213">
      <extent>
        <left>2507665.3345112987</left>
        <top>1139180.7452969346</top>
        <right>2507704.5420890437</right>
        <bottom>1139139.9653583746</bottom>
      </extent>
      <center>
        <x>2507685.6773341112</x>
        <y>1139161.0936537855</y>
      </center>
      <pyramid>
        <level index="0" path="0/c213.tif" mask="0/m213.tif"/>
        <level index="1" path="1/c213.tif" mask="1/m213.tif"/>
        <level index="2" path="2/c213.tif" mask="2/m213.tif"/>
        <level index="3" path="3/c213.tif" mask="3/m213.tif"/>
        <level index="4" path="4/c213.tif" mask="4/m213.tif"/>
        <level index="5" path="5/c213.tif" mask="5/m213.tif"/>
        <level index="6" path="6/c213.tif" mask="6/m213.tif"/>
        <level index="7" path="7/c213.tif" mask="7/m213.tif"/>
        <level index="8" path="8/c213.tif" mask="8/m213.tif"/>
        <level index="9" path="9/c213.tif" mask="9/m213.tif"/>
      </pyramid>
    </image>
    <image id="219">
      <extent>
        <left>2507695.4629733688</left>
        <top>1139162.5363442691</top>
        <right>2507734.4676658474</right>
        <bottom>1139121.5027991259</bottom>
      </extent>
      <center>
        <x>2507716.2378957812</x>
        <y>1139142.515990858</y>
      </center>
      <pyramid>
        <level index="0" path="0/c219.tif" mask="0/m219.tif"/>
        <level index="1" path="1/c219.tif" mask="1/m219.tif"/>
        <level index="2" path="2/c219.tif" mask="2/m219.tif"/>
        <level index="3" path="3/c219.tif" mask="3/m219.tif"/>
        <level index="4" path="4/c219.tif" mask="4/m219.tif"/>
        <level index="5" path="5/c219.tif" mask="5/m219.tif"/>
        <level index="6" path="6/c219.tif" mask="6/m219.tif"/>
        <level index="7" path="7/c219.tif" mask="7/m219.tif"/>
        <level index="8" path="8/c219.tif" mask="8/m219.tif"/>
        <level index="9" path="9/c219.tif" mask="9/m219.tif"/>
      </pyramid>
    </image>
    <image id="208">
      <extent>
        <left>2507640.4810661562</left>
        <top>1139196.2152985027</top>
        <right>2507679.4350373182</right>
        <bottom>1139155.7904091589</bottom>
      </extent>
      <center>
        <x>2507660.2543120682</x>
        <y>1139177.0527937573</y>
      </center>
      <pyramid>
        <level index="0" path="0/c208.tif" mask="0/m208.tif"/>
        <level index="1" path="1/c208.tif" mask="1/m208.tif"/>
        <level index="2" path="2/c208.tif" mask="2/m208.tif"/>
        <level index="3" path="3/c208.tif" mask="3/m208.tif"/>
        <level index="4" path="4/c208.tif" mask="4/m208.tif"/>
        <level index="5" path="5/c208.tif" mask="5/m208.tif"/>
        <level index="6" path="6/c208.tif" mask="6/m208.tif"/>
        <level index="7" path="7/c208.tif" mask="7/m208.tif"/>
        <level index="8" path="8/c208.tif" mask="8/m208.tif"/>
        <level index="9" path="9/c208.tif" mask="9/m208.tif"/>
      </pyramid>
    </image>
    <image id="209">
      <extent>
        <left>2507645.4010338681</left>
        <top>1139193.2734621388</top>
        <right>2507684.4564476633</right>
        <bottom>1139152.6456875287</bottom>
      </extent>
      <center>
        <x>2507665.3476333879</x>
        <y>1139173.8136086932</y>
      </center>
      <pyramid>
        <level index="0" path="0/c209.tif" mask="0/m209.tif"/>
        <level index="1" path="1/c209.tif" mask="1/m209.tif"/>
        <level index="2" path="2/c209.tif" mask="2/m209.tif"/>
        <level index="3" path="3/c209.tif" mask="3/m209.tif"/>
        <level index="4" path="4/c209.tif" mask="4/m209.tif"/>
        <level index="5" path="5/c209.tif" mask="5/m209.tif"/>
        <level index="6" path="6/c209.tif" mask="6/m209.tif"/>
        <level index="7" path="7/c209.tif" mask="7/m209.tif"/>
        <level index="8" path="8/c209.tif" mask="8/m209.tif"/>
        <level index="9" path="9/c209.tif" mask="9/m209.tif"/>
      </pyramid>
    </image>
    <image id="205">
      <extent>
        <left>2507625.6197203873</left>
        <top>1139205.8523486599</top>
        <right>2507664.3708062829</right>
        <bottom>1139165.6810658993</bottom>
      </extent>
      <center>
        <x>2507645.2394434437</x>
        <y>1139186.8401075203</y>
      </center>
      <pyramid>
        <level index="0" path="0/c205.tif" mask="0/m205.tif"/>
        <level index="1" path="1/c205.tif" mask="1/m205.tif"/>
        <level index="2" path="2/c205.tif" mask="2/m205.tif"/>
        <level index="3" path="3/c205.tif" mask="3/m205.tif"/>
        <level index="4" path="4/c205.tif" mask="4/m205.tif"/>
        <level index="5" path="5/c205.tif" mask="5/m205.tif"/>
        <level index="6" path="6/c205.tif" mask="6/m205.tif"/>
        <level index="7" path="7/c205.tif" mask="7/m205.tif"/>
        <level index="8" path="8/c205.tif" mask="8/m205.tif"/>
        <level index="9" path="9/c205.tif" mask="9/m205.tif"/>
      </pyramid>
    </image>
    <image id="210">
      <extent>
        <left>2507650.1688376302</left>
        <top>1139190.1287405086</top>
        <right>2507689.4778580084</right>
        <bottom>1139149.4502445818</bottom>
      </extent>
      <center>
        <x>2507670.5102011841</x>
        <y>1139170.5804597104</y>
      </center>
      <pyramid>
        <level index="0" path="0/c210.tif" mask="0/m210.tif"/>
        <level index="1" path="1/c210.tif" mask="1/m210.tif"/>
        <level index="2" path="2/c210.tif" mask="2/m210.tif"/>
        <level index="3" path="3/c210.tif" mask="3/m210.tif"/>
        <level index="4" path="4/c210.tif" mask="4/m210.tif"/>
        <level index="5" path="5/c210.tif" mask="5/m210.tif"/>
        <level index="6" path="6/c210.tif" mask="6/m210.tif"/>
        <level index="7" path="7/c210.tif" mask="7/m210.tif"/>
        <level index="8" path="8/c210.tif" mask="8/m210.tif"/>
        <level index="9" path="9/c210.tif" mask="9/m210.tif"/>
      </pyramid>
    </image>
    <image id="215">
      <extent>
        <left>2507675.4280533055</left>
        <top>1139174.6587389405</top>
        <right>2507714.5849097339</right>
        <bottom>1139133.8280790639</bottom>
      </extent>
      <center>
        <x>2507696.0018403735</x>
        <y>1139154.8061551705</y>
      </center>
      <pyramid>
        <level index="0" path="0/c215.tif" mask="0/m215.tif"/>
        <level index="1" path="1/c215.tif" mask="1/m215.tif"/>
        <level index="2" path="2/c215.tif" mask="2/m215.tif"/>
        <level index="3" path="3/c215.tif" mask="3/m215.tif"/>
        <level index="4" path="4/c215.tif" mask="4/m215.tif"/>
        <level index="5" path="5/c215.tif" mask="5/m215.tif"/>
        <level index="6" path="6/c215.tif" mask="6/m215.tif"/>
        <level index="7" path="7/c215.tif" mask="7/m215.tif"/>
        <level index="8" path="8/c215.tif" mask="8/m215.tif"/>
        <level index="9" path="9/c215.tif" mask="9/m215.tif"/>
      </pyramid>
    </image>
    <image id="211">
      <extent>
        <left>2507655.1902479753</left>
        <top>1139187.0854615117</top>
        <right>2507694.3978257203</right>
        <bottom>1139146.3055229518</bottom>
      </extent>
      <center>
        <x>2507675.7083752435</x>
        <y>1139167.3961492581</y>
      </center>
      <pyramid>
        <level index="0" path="0/c211.tif" mask="0/m211.tif"/>
        <level index="1" path="1/c211.tif" mask="1/m211.tif"/>
        <level index="2" path="2/c211.tif" mask="2/m211.tif"/>
        <level index="3" path="3/c211.tif" mask="3/m211.tif"/>
        <level index="4" path="4/c211.tif" mask="4/m211.tif"/>
        <level index="5" path="5/c211.tif" mask="5/m211.tif"/>
        <level index="6" path="6/c211.tif" mask="6/m211.tif"/>
        <level index="7" path="7/c211.tif" mask="7/m211.tif"/>
        <level index="8" path="8/c211.tif" mask="8/m211.tif"/>
        <level index="9" path="9/c211.tif" mask="9/m211.tif"/>
      </pyramid>
    </image>
    <image id="214">
      <extent>
        <left>2507670.5080855936</left>
        <top>1139177.651296621</top>
        <right>2507709.5127780722</right>
        <bottom>1139136.9728006942</bottom>
      </extent>
      <center>
        <x>2507690.9295991026</x>
        <y>1139157.8927765102</y>
      </center>
      <pyramid>
        <level index="0" path="0/c214.tif" mask="0/m214.tif"/>
        <level index="1" path="1/c214.tif" mask="1/m214.tif"/>
        <level index="2" path="2/c214.tif" mask="2/m214.tif"/>
        <level index="3" path="3/c214.tif" mask="3/m214.tif"/>
        <level index="4" path="4/c214.tif" mask="4/m214.tif"/>
        <level index="5" path="5/c214.tif" mask="5/m214.tif"/>
        <level index="6" path="6/c214.tif" mask="6/m214.tif"/>
        <level index="7" path="7/c214.tif" mask="7/m214.tif"/>
        <level index="8" path="8/c214.tif" mask="8/m214.tif"/>
        <level index="9" path="9/c214.tif" mask="9/m214.tif"/>
      </pyramid>
    </image>
    <image id="207">
      <extent>
        <left>2507635.4596558111</left>
        <top>1139199.5121840828</top>
        <right>2507674.3121843399</right>
        <bottom>1139159.0365734224</bottom>
      </extent>
      <center>
        <x>2507655.3105833009</x>
        <y>1139180.356643453</y>
      </center>
      <pyramid>
        <level index="0" path="0/c207.tif" mask="0/m207.tif"/>
        <level index="1" path="1/c207.tif" mask="1/m207.tif"/>
        <level index="2" path="2/c207.tif" mask="2/m207.tif"/>
        <level index="3" path="3/c207.tif" mask="3/m207.tif"/>
        <level index="4" path="4/c207.tif" mask="4/m207.tif"/>
        <level index="5" path="5/c207.tif" mask="5/m207.tif"/>
        <level index="6" path="6/c207.tif" mask="6/m207.tif"/>
        <level index="7" path="7/c207.tif" mask="7/m207.tif"/>
        <level index="8" path="8/c207.tif" mask="8/m207.tif"/>
        <level index="9" path="9/c207.tif" mask="9/m207.tif"/>
      </pyramid>
    </image>
    <image id="206">
      <extent>
        <left>2507630.4889667826</left>
        <top>1139202.5554630798</top>
        <right>2507669.2907739948</right>
        <bottom>1139162.3334590024</bottom>
      </extent>
      <center>
        <x>2507650.2417173516</x>
        <y>1139183.5238489555</y>
      </center>
      <pyramid>
        <level index="0" path="0/c206.tif" mask="0/m206.tif"/>
        <level index="1" path="1/c206.tif" mask="1/m206.tif"/>
        <level index="2" path="2/c206.tif" mask="2/m206.tif"/>
        <level index="3" path="3/c206.tif" mask="3/m206.tif"/>
        <level index="4" path="4/c206.tif" mask="4/m206.tif"/>
        <level index="5" path="5/c206.tif" mask="5/m206.tif"/>
        <level index="6" path="6/c206.tif" mask="6/m206.tif"/>
        <level index="7" path="7/c206.tif" mask="7/m206.tif"/>
        <level index="8" path="8/c206.tif" mask="8/m206.tif"/>
        <level index="9" path="9/c206.tif" mask="9/m206.tif"/>
      </pyramid>
    </image>
    <image id="212">
      <extent>
        <left>2507660.3131009536</left>
        <top>1139183.7885759315</top>
        <right>2507699.5206786986</right>
        <bottom>1139143.0086373715</bottom>
      </extent>
      <center>
        <x>2507680.6898015682</x>
        <y>1139164.2940317995</y>
      </center>
      <pyramid>
        <level index="0" path="0/c212.tif" mask="0/m212.tif"/>
        <level index="1" path="1/c212.tif" mask="1/m212.tif"/>
        <level index="2" path="2/c212.tif" mask="2/m212.tif"/>
        <level index="3" path="3/c212.tif" mask="3/m212.tif"/>
        <level index="4" path="4/c212.tif" mask="4/m212.tif"/>
        <level index="5" path="5/c212.tif" mask="5/m212.tif"/>
        <level index="6" path="6/c212.tif" mask="6/m212.tif"/>
        <level index="7" path="7/c212.tif" mask="7/m212.tif"/>
        <level index="8" path="8/c212.tif" mask="8/m212.tif"/>
        <level index="9" path="9/c212.tif" mask="9/m212.tif"/>
      </pyramid>
    </image>
  </images>
</orthomosaic>
