<?xml version="1.0" encoding="UTF-8"?>
<orthomosaic version="1.2.0">
  <images level_count="10">
    <image id="137">
      <extent>
        <left>2507696.9846128677</left>
        <top>1139190.5345110416</top>
        <right>2507736.3950758791</right>
        <bottom>1139149.7545724816</bottom>
      </extent>
      <center>
        <x>2507717.6213535983</x>
        <y>1139170.4681689206</y>
      </center>
      <pyramid>
        <level index="0" path="0/c137.tif" mask="0/m137.tif"/>
        <level index="1" path="1/c137.tif" mask="1/m137.tif"/>
        <level index="2" path="2/c137.tif" mask="2/m137.tif"/>
        <level index="3" path="3/c137.tif" mask="3/m137.tif"/>
        <level index="4" path="4/c137.tif" mask="4/m137.tif"/>
        <level index="5" path="5/c137.tif" mask="5/m137.tif"/>
        <level index="6" path="6/c137.tif" mask="6/m137.tif"/>
        <level index="7" path="7/c137.tif" mask="7/m137.tif"/>
        <level index="8" path="8/c137.tif" mask="8/m137.tif"/>
        <level index="9" path="9/c137.tif" mask="9/m137.tif"/>
      </pyramid>
    </image>
    <image id="141">
      <extent>
        <left>2507677.3554633367</left>
        <top>1139203.6713320455</top>
        <right>2507717.1209755642</right>
        <bottom>1139162.9928361187</bottom>
      </extent>
      <center>
        <x>2507697.8677585088</x>
        <y>1139184.191610828</y>
      </center>
      <pyramid>
        <level index="0" path="0/c141.tif" mask="0/m141.tif"/>
        <level index="1" path="1/c141.tif" mask="1/m141.tif"/>
        <level index="2" path="2/c141.tif" mask="2/m141.tif"/>
        <level index="3" path="3/c141.tif" mask="3/m141.tif"/>
        <level index="4" path="4/c141.tif" mask="4/m141.tif"/>
        <level index="5" path="5/c141.tif" mask="5/m141.tif"/>
        <level index="6" path="6/c141.tif" mask="6/m141.tif"/>
        <level index="7" path="7/c141.tif" mask="7/m141.tif"/>
        <level index="8" path="8/c141.tif" mask="8/m141.tif"/>
        <level index="9" path="9/c141.tif" mask="9/m141.tif"/>
      </pyramid>
    </image>
    <image id="134">
      <extent>
        <left>2507711.3894667868</left>
        <top>1139180.8974608844</top>
        <right>2507750.7999297981</right>
        <bottom>1139139.9653583744</bottom>
      </extent>
      <center>
        <x>2507732.0943395775</x>
        <y>1139160.6925782077</y>
      </center>
      <pyramid>
        <level index="0" path="0/c134.tif" mask="0/m134.tif"/>
        <level index="1" path="1/c134.tif" mask="1/m134.tif"/>
        <level index="2" path="2/c134.tif" mask="2/m134.tif"/>
        <level index="3" path="3/c134.tif" mask="3/m134.tif"/>
        <level index="4" path="4/c134.tif" mask="4/m134.tif"/>
        <level index="5" path="5/c134.tif" mask="5/m134.tif"/>
        <level index="6" path="6/c134.tif" mask="6/m134.tif"/>
        <level index="7" path="7/c134.tif" mask="7/m134.tif"/>
        <level index="8" path="8/c134.tif" mask="8/m134.tif"/>
        <level index="9" path="9/c134.tif" mask="9/m134.tif"/>
      </pyramid>
    </image>
    <image id="135">
      <extent>
        <left>2507706.4694990749</left>
        <top>1139184.1943464645</top>
        <right>2507745.7277981364</right>
        <bottom>1139143.2622439545</bottom>
      </extent>
      <center>
        <x>2507727.2752568126</x>
        <y>1139163.9242864116</y>
      </center>
      <pyramid>
        <level index="0" path="0/c135.tif" mask="0/m135.tif"/>
        <level index="1" path="1/c135.tif" mask="1/m135.tif"/>
        <level index="2" path="2/c135.tif" mask="2/m135.tif"/>
        <level index="3" path="3/c135.tif" mask="3/m135.tif"/>
        <level index="4" path="4/c135.tif" mask="4/m135.tif"/>
        <level index="5" path="5/c135.tif" mask="5/m135.tif"/>
        <level index="6" path="6/c135.tif" mask="6/m135.tif"/>
        <level index="7" path="7/c135.tif" mask="7/m135.tif"/>
        <level index="8" path="8/c135.tif" mask="8/m135.tif"/>
        <level index="9" path="9/c135.tif" mask="9/m135.tif"/>
      </pyramid>
    </image>
    <image id="132">
      <extent>
        <left>2507720.7729103607</left>
        <top>1139175.0137881569</top>
        <right>2507760.6398652219</right>
        <bottom>1139133.7773577473</bottom>
      </extent>
      <center>
        <x>2507741.8896132559</x>
        <y>1139154.1408607627</y>
      </center>
      <pyramid>
        <level index="0" path="0/c132.tif" mask="0/m132.tif"/>
        <level index="1" path="1/c132.tif" mask="1/m132.tif"/>
        <level index="2" path="2/c132.tif" mask="2/m132.tif"/>
        <level index="3" path="3/c132.tif" mask="3/m132.tif"/>
        <level index="4" path="4/c132.tif" mask="4/m132.tif"/>
        <level index="5" path="5/c132.tif" mask="5/m132.tif"/>
        <level index="6" path="6/c132.tif" mask="6/m132.tif"/>
        <level index="7" path="7/c132.tif" mask="7/m132.tif"/>
        <level index="8" path="8/c132.tif" mask="8/m132.tif"/>
        <level index="9" path="9/c132.tif" mask="9/m132.tif"/>
      </pyramid>
    </image>
    <image id="138">
      <extent>
        <left>2507692.2168091056</left>
        <top>1139193.9328392548</top>
        <right>2507731.627272117</right>
        <bottom>1139152.8992941116</bottom>
      </extent>
      <center>
        <x>2507712.8227739446</x>
        <y>1139173.8225113759</y>
      </center>
      <pyramid>
        <level index="0" path="0/c138.tif" mask="0/m138.tif"/>
        <level index="1" path="1/c138.tif" mask="1/m138.tif"/>
        <level index="2" path="2/c138.tif" mask="2/m138.tif"/>
        <level index="3" path="3/c138.tif" mask="3/m138.tif"/>
        <level index="4" path="4/c138.tif" mask="4/m138.tif"/>
        <level index="5" path="5/c138.tif" mask="5/m138.tif"/>
        <level index="6" path="6/c138.tif" mask="6/m138.tif"/>
        <level index="7" path="7/c138.tif" mask="7/m138.tif"/>
        <level index="8" path="8/c138.tif" mask="8/m138.tif"/>
        <level index="9" path="9/c138.tif" mask="9/m138.tif"/>
      </pyramid>
    </image>
    <image id="136">
      <extent>
        <left>2507701.7016953127</left>
        <top>1139187.2883467781</top>
        <right>2507741.0107156909</right>
        <bottom>1139146.3055229515</bottom>
      </extent>
      <center>
        <x>2507722.5014146622</x>
        <y>1139167.205463666</y>
      </center>
      <pyramid>
        <level index="0" path="0/c136.tif" mask="0/m136.tif"/>
        <level index="1" path="1/c136.tif" mask="1/m136.tif"/>
        <level index="2" path="2/c136.tif" mask="2/m136.tif"/>
        <level index="3" path="3/c136.tif" mask="3/m136.tif"/>
        <level index="4" path="4/c136.tif" mask="4/m136.tif"/>
        <level index="5" path="5/c136.tif" mask="5/m136.tif"/>
        <level index="6" path="6/c136.tif" mask="6/m136.tif"/>
        <level index="7" path="7/c136.tif" mask="7/m136.tif"/>
        <level index="8" path="8/c136.tif" mask="8/m136.tif"/>
        <level index="9" path="9/c136.tif" mask="9/m136.tif"/>
      </pyramid>
    </image>
    <image id="128">
      <extent>
        <left>2507678.8263815185</left>
        <top>1139114.2496508497</top>
        <right>2507717.9325166303</right>
        <bottom>1139074.0276467723</bottom>
      </extent>
      <center>
        <x>2507699.4267425835</x>
        <y>1139093.630606707</y>
      </center>
      <pyramid>
        <level index="0" path="0/c128.tif" mask="0/m128.tif"/>
        <level index="1" path="1/c128.tif" mask="1/m128.tif"/>
        <level index="2" path="2/c128.tif" mask="2/m128.tif"/>
        <level index="3" path="3/c128.tif" mask="3/m128.tif"/>
        <level index="4" path="4/c128.tif" mask="4/m128.tif"/>
        <level index="5" path="5/c128.tif" mask="5/m128.tif"/>
        <level index="6" path="6/c128.tif" mask="6/m128.tif"/>
        <level index="7" path="7/c128.tif" mask="7/m128.tif"/>
        <level index="8" path="8/c128.tif" mask="8/m128.tif"/>
        <level index="9" path="9/c128.tif" mask="9/m128.tif"/>
      </pyramid>
    </image>
    <image id="139">
      <extent>
        <left>2507687.1953987605</left>
        <top>1139197.1282822017</top>
        <right>2507726.707304405</right>
        <bottom>1139156.0947370585</bottom>
      </extent>
      <center>
        <x>2507707.9610560741</x>
        <y>1139177.1303644981</y>
      </center>
      <pyramid>
        <level index="0" path="0/c139.tif" mask="0/m139.tif"/>
        <level index="1" path="1/c139.tif" mask="1/m139.tif"/>
        <level index="2" path="2/c139.tif" mask="2/m139.tif"/>
        <level index="3" path="3/c139.tif" mask="3/m139.tif"/>
        <level index="4" path="4/c139.tif" mask="4/m139.tif"/>
        <level index="5" path="5/c139.tif" mask="5/m139.tif"/>
        <level index="6" path="6/c139.tif" mask="6/m139.tif"/>
        <level index="7" path="7/c139.tif" mask="7/m139.tif"/>
        <level index="8" path="8/c139.tif" mask="8/m139.tif"/>
        <level index="9" path="9/c139.tif" mask="9/m139.tif"/>
      </pyramid>
    </image>
    <image id="126">
      <extent>
        <left>2507668.6821181951</left>
        <top>1139120.5898154269</top>
        <right>2507707.8389746235</right>
        <bottom>1139079.7591555503</bottom>
      </extent>
      <center>
        <x>2507689.2539157383</x>
        <y>1139100.1180245306</y>
      </center>
      <pyramid>
        <level index="0" path="0/c126.tif" mask="0/m126.tif"/>
        <level index="1" path="1/c126.tif" mask="1/m126.tif"/>
        <level index="2" path="2/c126.tif" mask="2/m126.tif"/>
        <level index="3" path="3/c126.tif" mask="3/m126.tif"/>
        <level index="4" path="4/c126.tif" mask="4/m126.tif"/>
        <level index="5" path="5/c126.tif" mask="5/m126.tif"/>
        <level index="6" path="6/c126.tif" mask="6/m126.tif"/>
        <level index="7" path="7/c126.tif" mask="7/m126.tif"/>
        <level index="8" path="8/c126.tif" mask="8/m126.tif"/>
        <level index="9" path="9/c126.tif" mask="9/m126.tif"/>
      </pyramid>
    </image>
    <image id="129">
      <extent>
        <left>2507681.8696605158</left>
        <top>1139112.5758474013</top>
        <right>2507721.1279595774</right>
        <bottom>1139074.0276467723</bottom>
      </extent>
      <center>
        <x>2507702.3388205022</x>
        <y>1139091.7251399299</y>
      </center>
      <pyramid>
        <level index="0" path="0/c129.tif" mask="0/m129.tif"/>
        <level index="1" path="1/c129.tif" mask="1/m129.tif"/>
        <level index="2" path="2/c129.tif" mask="2/m129.tif"/>
        <level index="3" path="3/c129.tif" mask="3/m129.tif"/>
        <level index="4" path="4/c129.tif" mask="4/m129.tif"/>
        <level index="5" path="5/c129.tif" mask="5/m129.tif"/>
        <level index="6" path="6/c129.tif" mask="6/m129.tif"/>
        <level index="7" path="7/c129.tif" mask="7/m129.tif"/>
        <level index="8" path="8/c129.tif" mask="8/m129.tif"/>
        <level index="9" path="9/c129.tif" mask="9/m129.tif"/>
      </pyramid>
    </image>
    <image id="124">
      <extent>
        <left>2507658.0813630223</left>
        <top>1139127.2343079036</top>
        <right>2507697.7454326167</right>
        <bottom>1139086.2007627604</bottom>
      </extent>
      <center>
        <x>2507679.2154310942</x>
        <y>1139106.5296803261</y>
      </center>
      <pyramid>
        <level index="0" path="0/c124.tif" mask="0/m124.tif"/>
        <level index="1" path="1/c124.tif" mask="1/m124.tif"/>
        <level index="2" path="2/c124.tif" mask="2/m124.tif"/>
        <level index="3" path="3/c124.tif" mask="3/m124.tif"/>
        <level index="4" path="4/c124.tif" mask="4/m124.tif"/>
        <level index="5" path="5/c124.tif" mask="5/m124.tif"/>
        <level index="6" path="6/c124.tif" mask="6/m124.tif"/>
        <level index="7" path="7/c124.tif" mask="7/m124.tif"/>
        <level index="8" path="8/c124.tif" mask="8/m124.tif"/>
        <level index="9" path="9/c124.tif" mask="9/m124.tif"/>
      </pyramid>
    </image>
    <image id="127">
      <extent>
        <left>2507673.8049711734</left>
        <top>1139117.4958151132</top>
        <right>2507712.9618276018</right>
        <bottom>1139077.0202044528</bottom>
      </extent>
      <center>
        <x>2507694.3487741984</x>
        <y>1139096.8793538236</y>
      </center>
      <pyramid>
        <level index="0" path="0/c127.tif" mask="0/m127.tif"/>
        <level index="1" path="1/c127.tif" mask="1/m127.tif"/>
        <level index="2" path="2/c127.tif" mask="2/m127.tif"/>
        <level index="3" path="3/c127.tif" mask="3/m127.tif"/>
        <level index="4" path="4/c127.tif" mask="4/m127.tif"/>
        <level index="5" path="5/c127.tif" mask="5/m127.tif"/>
        <level index="6" path="6/c127.tif" mask="6/m127.tif"/>
        <level index="7" path="7/c127.tif" mask="7/m127.tif"/>
        <level index="8" path="8/c127.tif" mask="8/m127.tif"/>
        <level index="9" path="9/c127.tif" mask="9/m127.tif"/>
      </pyramid>
    </image>
    <image id="131">
      <extent>
        <left>2507724.1205172576</left>
        <top>1139172.2748370594</top>
        <right>2507760.6398652219</right>
        <bottom>1139131.3427345494</bottom>
      </extent>
      <center>
        <x>2507745.200238077</x>
        <y>1139151.8189771937</y>
      </center>
      <pyramid>
        <level index="0" path="0/c131.tif" mask="0/m131.tif"/>
        <level index="1" path="1/c131.tif" mask="1/m131.tif"/>
        <level index="2" path="2/c131.tif" mask="2/m131.tif"/>
        <level index="3" path="3/c131.tif" mask="3/m131.tif"/>
        <level index="4" path="4/c131.tif" mask="4/m131.tif"/>
        <level index="5" path="5/c131.tif" mask="5/m131.tif"/>
        <level index="6" path="6/c131.tif" mask="6/m131.tif"/>
        <level index="7" path="7/c131.tif" mask="7/m131.tif"/>
        <level index="8" path="8/c131.tif" mask="8/m131.tif"/>
        <level index="9" path="9/c131.tif" mask="9/m131.tif"/>
      </pyramid>
    </image>
    <image id="125">
      <extent>
        <left>2507663.66070785</left>
        <top>1139123.8359796903</top>
        <right>2507702.868285595</right>
        <bottom>1139083.0053198137</bottom>
      </extent>
      <center>
        <x>2507684.3718119804</x>
        <y>1139103.3886098568</y>
      </center>
      <pyramid>
        <level index="0" path="0/c125.tif" mask="0/m125.tif"/>
        <level index="1" path="1/c125.tif" mask="1/m125.tif"/>
        <level index="2" path="2/c125.tif" mask="2/m125.tif"/>
        <level index="3" path="3/c125.tif" mask="3/m125.tif"/>
        <level index="4" path="4/c125.tif" mask="4/m125.tif"/>
        <level index="5" path="5/c125.tif" mask="5/m125.tif"/>
        <level index="6" path="6/c125.tif" mask="6/m125.tif"/>
        <level index="7" path="7/c125.tif" mask="7/m125.tif"/>
        <level index="8" path="8/c125.tif" mask="8/m125.tif"/>
        <level index="9" path="9/c125.tif" mask="9/m125.tif"/>
      </pyramid>
    </image>
    <image id="122">
      <extent>
        <left>2507648.7486407645</left>
        <top>1139133.5744724807</top>
        <right>2507687.6518906099</right>
        <bottom>1139092.8452552373</bottom>
      </extent>
      <center>
        <x>2507669.0597923622</x>
        <y>1139113.055950036</y>
      </center>
      <pyramid>
        <level index="0" path="0/c122.tif" mask="0/m122.tif"/>
        <level index="1" path="1/c122.tif" mask="1/m122.tif"/>
        <level index="2" path="2/c122.tif" mask="2/m122.tif"/>
        <level index="3" path="3/c122.tif" mask="3/m122.tif"/>
        <level index="4" path="4/c122.tif" mask="4/m122.tif"/>
        <level index="5" path="5/c122.tif" mask="5/m122.tif"/>
        <level index="6" path="6/c122.tif" mask="6/m122.tif"/>
        <level index="7" path="7/c122.tif" mask="7/m122.tif"/>
        <level index="8" path="8/c122.tif" mask="8/m122.tif"/>
        <level index="9" path="9/c122.tif" mask="9/m122.tif"/>
      </pyramid>
    </image>
    <image id="133">
      <extent>
        <left>2507716.0558279157</left>
        <top>1139177.7527392542</top>
        <right>2507755.5170122436</right>
        <bottom>1139136.7191941109</bottom>
      </extent>
      <center>
        <x>2507736.9451608583</x>
        <y>1139157.462763323</y>
      </center>
      <pyramid>
        <level index="0" path="0/c133.tif" mask="0/m133.tif"/>
        <level index="1" path="1/c133.tif" mask="1/m133.tif"/>
        <level index="2" path="2/c133.tif" mask="2/m133.tif"/>
        <level index="3" path="3/c133.tif" mask="3/m133.tif"/>
        <level index="4" path="4/c133.tif" mask="4/m133.tif"/>
        <level index="5" path="5/c133.tif" mask="5/m133.tif"/>
        <level index="6" path="6/c133.tif" mask="6/m133.tif"/>
        <level index="7" path="7/c133.tif" mask="7/m133.tif"/>
        <level index="8" path="8/c133.tif" mask="8/m133.tif"/>
        <level index="9" path="9/c133.tif" mask="9/m133.tif"/>
      </pyramid>
    </image>
    <image id="123">
      <extent>
        <left>2507653.9729363765</left>
        <top>1139130.3790295338</top>
        <right>2507692.724022272</right>
        <bottom>1139089.700533607</bottom>
      </extent>
      <center>
        <x>2507674.0892890748</x>
        <y>1139109.8043122611</y>
      </center>
      <pyramid>
        <level index="0" path="0/c123.tif" mask="0/m123.tif"/>
        <level index="1" path="1/c123.tif" mask="1/m123.tif"/>
        <level index="2" path="2/c123.tif" mask="2/m123.tif"/>
        <level index="3" path="3/c123.tif" mask="3/m123.tif"/>
        <level index="4" path="4/c123.tif" mask="4/m123.tif"/>
        <level index="5" path="5/c123.tif" mask="5/m123.tif"/>
        <level index="6" path="6/c123.tif" mask="6/m123.tif"/>
        <level index="7" path="7/c123.tif" mask="7/m123.tif"/>
        <level index="8" path="8/c123.tif" mask="8/m123.tif"/>
        <level index="9" path="9/c123.tif" mask="9/m123.tif"/>
      </pyramid>
    </image>
    <image id="121">
      <extent>
        <left>2507644.0822796361</left>
        <top>1139136.7699154275</top>
        <right>2507682.6812015818</right>
        <bottom>1139095.5842063345</bottom>
      </extent>
      <center>
        <x>2507663.9830650724</x>
        <y>1139116.4231615667</y>
      </center>
      <pyramid>
        <level index="0" path="0/c121.tif" mask="0/m121.tif"/>
        <level index="1" path="1/c121.tif" mask="1/m121.tif"/>
        <level index="2" path="2/c121.tif" mask="2/m121.tif"/>
        <level index="3" path="3/c121.tif" mask="3/m121.tif"/>
        <level index="4" path="4/c121.tif" mask="4/m121.tif"/>
        <level index="5" path="5/c121.tif" mask="5/m121.tif"/>
        <level index="6" path="6/c121.tif" mask="6/m121.tif"/>
        <level index="7" path="7/c121.tif" mask="7/m121.tif"/>
        <level index="8" path="8/c121.tif" mask="8/m121.tif"/>
        <level index="9" path="9/c121.tif" mask="9/m121.tif"/>
      </pyramid>
    </image>
    <image id="140">
      <extent>
        <left>2507682.4275949984</left>
        <top>1139200.273003832</top>
        <right>2507722.0916645927</right>
        <bottom>1139159.493065272</bottom>
      </extent>
      <center>
        <x>2507703.0213503838</x>
        <y>1139180.5287975846</y>
      </center>
      <pyramid>
        <level index="0" path="0/c140.tif" mask="0/m140.tif"/>
        <level index="1" path="1/c140.tif" mask="1/m140.tif"/>
        <level index="2" path="2/c140.tif" mask="2/m140.tif"/>
        <level index="3" path="3/c140.tif" mask="3/m140.tif"/>
        <level index="4" path="4/c140.tif" mask="4/m140.tif"/>
        <level index="5" path="5/c140.tif" mask="5/m140.tif"/>
        <level index="6" path="6/c140.tif" mask="6/m140.tif"/>
        <level index="7" path="7/c140.tif" mask="7/m140.tif"/>
        <level index="8" path="8/c140.tif" mask="8/m140.tif"/>
        <level index="9" path="9/c140.tif" mask="9/m140.tif"/>
      </pyramid>
    </image>
  </images>
</orthomosaic>
