<?xml version="1.0" encoding="UTF-8"?>
<orthomosaic version="1.2.0">
  <images level_count="10">
    <image id="95">
      <extent>
        <left>2507639.2637545574</left>
        <top>1139151.2254906634</top>
        <right>2507678.9278241517</right>
        <bottom>1139109.8876176206</bottom>
      </extent>
      <center>
        <x>2507659.4616388716</x>
        <y>1139130.2912846117</y>
      </center>
      <pyramid>
        <level index="0" path="0/c95.tif" mask="0/m95.tif"/>
        <level index="1" path="1/c95.tif" mask="1/m95.tif"/>
        <level index="2" path="2/c95.tif" mask="2/m95.tif"/>
        <level index="3" path="3/c95.tif" mask="3/m95.tif"/>
        <level index="4" path="4/c95.tif" mask="4/m95.tif"/>
        <level index="5" path="5/c95.tif" mask="5/m95.tif"/>
        <level index="6" path="6/c95.tif" mask="6/m95.tif"/>
        <level index="7" path="7/c95.tif" mask="7/m95.tif"/>
        <level index="8" path="8/c95.tif" mask="8/m95.tif"/>
        <level index="9" path="9/c95.tif" mask="9/m95.tif"/>
      </pyramid>
    </image>
    <image id="90">
      <extent>
        <left>2507664.0664783833</left>
        <top>1139134.4874561797</top>
        <right>2507703.6291053444</right>
        <bottom>1139093.2003044535</bottom>
      </extent>
      <center>
        <x>2507684.5777287707</x>
        <y>1139113.3853641564</y>
      </center>
      <pyramid>
        <level index="0" path="0/c90.tif" mask="0/m90.tif"/>
        <level index="1" path="1/c90.tif" mask="1/m90.tif"/>
        <level index="2" path="2/c90.tif" mask="2/m90.tif"/>
        <level index="3" path="3/c90.tif" mask="3/m90.tif"/>
        <level index="4" path="4/c90.tif" mask="4/m90.tif"/>
        <level index="5" path="5/c90.tif" mask="5/m90.tif"/>
        <level index="6" path="6/c90.tif" mask="6/m90.tif"/>
        <level index="7" path="7/c90.tif" mask="7/m90.tif"/>
        <level index="8" path="8/c90.tif" mask="8/m90.tif"/>
        <level index="9" path="9/c90.tif" mask="9/m90.tif"/>
      </pyramid>
    </image>
    <image id="97">
      <extent>
        <left>2507629.3730978169</left>
        <top>1139157.9714257736</top>
        <right>2507668.9357247781</right>
        <bottom>1139116.4306674642</bottom>
      </extent>
      <center>
        <x>2507649.4747880772</x>
        <y>1139137.3053245533</y>
      </center>
      <pyramid>
        <level index="0" path="0/c97.tif" mask="0/m97.tif"/>
        <level index="1" path="1/c97.tif" mask="1/m97.tif"/>
        <level index="2" path="2/c97.tif" mask="2/m97.tif"/>
        <level index="3" path="3/c97.tif" mask="3/m97.tif"/>
        <level index="4" path="4/c97.tif" mask="4/m97.tif"/>
        <level index="5" path="5/c97.tif" mask="5/m97.tif"/>
        <level index="6" path="6/c97.tif" mask="6/m97.tif"/>
        <level index="7" path="7/c97.tif" mask="7/m97.tif"/>
        <level index="8" path="8/c97.tif" mask="8/m97.tif"/>
        <level index="9" path="9/c97.tif" mask="9/m97.tif"/>
      </pyramid>
    </image>
    <image id="92">
      <extent>
        <left>2507654.2265429595</left>
        <top>1139141.1826699732</top>
        <right>2507693.5862846542</right>
        <bottom>1139099.895518247</bottom>
      </extent>
      <center>
        <x>2507674.4265472721</x>
        <y>1139120.2246961344</y>
      </center>
      <pyramid>
        <level index="0" path="0/c92.tif" mask="0/m92.tif"/>
        <level index="1" path="1/c92.tif" mask="1/m92.tif"/>
        <level index="2" path="2/c92.tif" mask="2/m92.tif"/>
        <level index="3" path="3/c92.tif" mask="3/m92.tif"/>
        <level index="4" path="4/c92.tif" mask="4/m92.tif"/>
        <level index="5" path="5/c92.tif" mask="5/m92.tif"/>
        <level index="6" path="6/c92.tif" mask="6/m92.tif"/>
        <level index="7" path="7/c92.tif" mask="7/m92.tif"/>
        <level index="8" path="8/c92.tif" mask="8/m92.tif"/>
        <level index="9" path="9/c92.tif" mask="9/m92.tif"/>
      </pyramid>
    </image>
    <image id="87">
      <extent>
        <left>2507679.0292667849</left>
        <top>1139124.6982420727</top>
        <right>2507718.4397297963</right>
        <bottom>1139083.9183035127</bottom>
      </extent>
      <center>
        <x>2507699.7176575195</x>
        <y>1139103.6282058952</y>
      </center>
      <pyramid>
        <level index="0" path="0/c87.tif" mask="0/m87.tif"/>
        <level index="1" path="1/c87.tif" mask="1/m87.tif"/>
        <level index="2" path="2/c87.tif" mask="2/m87.tif"/>
        <level index="3" path="3/c87.tif" mask="3/m87.tif"/>
        <level index="4" path="4/c87.tif" mask="4/m87.tif"/>
        <level index="5" path="5/c87.tif" mask="5/m87.tif"/>
        <level index="6" path="6/c87.tif" mask="6/m87.tif"/>
        <level index="7" path="7/c87.tif" mask="7/m87.tif"/>
        <level index="8" path="8/c87.tif" mask="8/m87.tif"/>
        <level index="9" path="9/c87.tif" mask="9/m87.tif"/>
      </pyramid>
    </image>
    <image id="94">
      <extent>
        <left>2507644.0822796361</left>
        <top>1139147.8271624502</top>
        <right>2507683.7463492304</right>
        <bottom>1139106.3878467742</bottom>
      </extent>
      <center>
        <x>2507664.5132186823</x>
        <y>1139127.0109223593</y>
      </center>
      <pyramid>
        <level index="0" path="0/c94.tif" mask="0/m94.tif"/>
        <level index="1" path="1/c94.tif" mask="1/m94.tif"/>
        <level index="2" path="2/c94.tif" mask="2/m94.tif"/>
        <level index="3" path="3/c94.tif" mask="3/m94.tif"/>
        <level index="4" path="4/c94.tif" mask="4/m94.tif"/>
        <level index="5" path="5/c94.tif" mask="5/m94.tif"/>
        <level index="6" path="6/c94.tif" mask="6/m94.tif"/>
        <level index="7" path="7/c94.tif" mask="7/m94.tif"/>
        <level index="8" path="8/c94.tif" mask="8/m94.tif"/>
        <level index="9" path="9/c94.tif" mask="9/m94.tif"/>
      </pyramid>
    </image>
    <image id="83">
      <extent>
        <left>2507691.9632025226</left>
        <top>1139125.9662749881</top>
        <right>2507731.2722229008</right>
        <bottom>1139084.6791232619</bottom>
      </extent>
      <center>
        <x>2507713.0604855362</x>
        <y>1139104.9156666761</y>
      </center>
      <pyramid>
        <level index="0" path="0/c83.tif" mask="0/m83.tif"/>
        <level index="1" path="1/c83.tif" mask="1/m83.tif"/>
        <level index="2" path="2/c83.tif" mask="2/m83.tif"/>
        <level index="3" path="3/c83.tif" mask="3/m83.tif"/>
        <level index="4" path="4/c83.tif" mask="4/m83.tif"/>
        <level index="5" path="5/c83.tif" mask="5/m83.tif"/>
        <level index="6" path="6/c83.tif" mask="6/m83.tif"/>
        <level index="7" path="7/c83.tif" mask="7/m83.tif"/>
        <level index="8" path="8/c83.tif" mask="8/m83.tif"/>
        <level index="9" path="9/c83.tif" mask="9/m83.tif"/>
      </pyramid>
    </image>
    <image id="100">
      <extent>
        <left>2507614.4103094148</left>
        <top>1139168.0142464635</top>
        <right>2507654.0743790092</right>
        <bottom>1139126.5749307876</bottom>
      </extent>
      <center>
        <x>2507634.172229968</x>
        <y>1139147.7537165233</y>
      </center>
      <pyramid>
        <level index="0" path="0/c100.tif" mask="0/m100.tif"/>
        <level index="1" path="1/c100.tif" mask="1/m100.tif"/>
        <level index="2" path="2/c100.tif" mask="2/m100.tif"/>
        <level index="3" path="3/c100.tif" mask="3/m100.tif"/>
        <level index="4" path="4/c100.tif" mask="4/m100.tif"/>
        <level index="5" path="5/c100.tif" mask="5/m100.tif"/>
        <level index="6" path="6/c100.tif" mask="6/m100.tif"/>
        <level index="7" path="7/c100.tif" mask="7/m100.tif"/>
        <level index="8" path="8/c100.tif" mask="8/m100.tif"/>
        <level index="9" path="9/c100.tif" mask="9/m100.tif"/>
      </pyramid>
    </image>
    <image id="82">
      <extent>
        <left>2507692.5718583218</left>
        <top>1139125.5097831385</top>
        <right>2507732.0837639663</right>
        <bottom>1139084.5269593119</bottom>
      </extent>
      <center>
        <x>2507713.5809317958</x>
        <y>1139104.7840568677</y>
      </center>
      <pyramid>
        <level index="0" path="0/c82.tif" mask="0/m82.tif"/>
        <level index="1" path="1/c82.tif" mask="1/m82.tif"/>
        <level index="2" path="2/c82.tif" mask="2/m82.tif"/>
        <level index="3" path="3/c82.tif" mask="3/m82.tif"/>
        <level index="4" path="4/c82.tif" mask="4/m82.tif"/>
        <level index="5" path="5/c82.tif" mask="5/m82.tif"/>
        <level index="6" path="6/c82.tif" mask="6/m82.tif"/>
        <level index="7" path="7/c82.tif" mask="7/m82.tif"/>
        <level index="8" path="8/c82.tif" mask="8/m82.tif"/>
        <level index="9" path="9/c82.tif" mask="9/m82.tif"/>
      </pyramid>
    </image>
    <image id="84">
      <extent>
        <left>2507688.1591037763</left>
        <top>1139120.53909411</top>
        <right>2507727.4174028379</right>
        <bottom>1139079.353385017</bottom>
      </extent>
      <center>
        <x>2507709.3827414438</x>
        <y>1139099.5934768843</y>
      </center>
      <pyramid>
        <level index="0" path="0/c84.tif" mask="0/m84.tif"/>
        <level index="1" path="1/c84.tif" mask="1/m84.tif"/>
        <level index="2" path="2/c84.tif" mask="2/m84.tif"/>
        <level index="3" path="3/c84.tif" mask="3/m84.tif"/>
        <level index="4" path="4/c84.tif" mask="4/m84.tif"/>
        <level index="5" path="5/c84.tif" mask="5/m84.tif"/>
        <level index="6" path="6/c84.tif" mask="6/m84.tif"/>
        <level index="7" path="7/c84.tif" mask="7/m84.tif"/>
        <level index="8" path="8/c84.tif" mask="8/m84.tif"/>
        <level index="9" path="9/c84.tif" mask="9/m84.tif"/>
      </pyramid>
    </image>
    <image id="89">
      <extent>
        <left>2507669.1893313616</left>
        <top>1139131.139849283</top>
        <right>2507708.5997943729</right>
        <bottom>1139090.1570254564</bottom>
      </extent>
      <center>
        <x>2507689.5584197622</x>
        <y>1139110.2272436772</y>
      </center>
      <pyramid>
        <level index="0" path="0/c89.tif" mask="0/m89.tif"/>
        <level index="1" path="1/c89.tif" mask="1/m89.tif"/>
        <level index="2" path="2/c89.tif" mask="2/m89.tif"/>
        <level index="3" path="3/c89.tif" mask="3/m89.tif"/>
        <level index="4" path="4/c89.tif" mask="4/m89.tif"/>
        <level index="5" path="5/c89.tif" mask="5/m89.tif"/>
        <level index="6" path="6/c89.tif" mask="6/m89.tif"/>
        <level index="7" path="7/c89.tif" mask="7/m89.tif"/>
        <level index="8" path="8/c89.tif" mask="8/m89.tif"/>
        <level index="9" path="9/c89.tif" mask="9/m89.tif"/>
      </pyramid>
    </image>
    <image id="96">
      <extent>
        <left>2507634.394508162</left>
        <top>1139154.5223762435</top>
        <right>2507673.9571351232</right>
        <bottom>1139113.2352245173</bottom>
      </extent>
      <center>
        <x>2507654.5285884868</x>
        <y>1139133.7664301838</y>
      </center>
      <pyramid>
        <level index="0" path="0/c96.tif" mask="0/m96.tif"/>
        <level index="1" path="1/c96.tif" mask="1/m96.tif"/>
        <level index="2" path="2/c96.tif" mask="2/m96.tif"/>
        <level index="3" path="3/c96.tif" mask="3/m96.tif"/>
        <level index="4" path="4/c96.tif" mask="4/m96.tif"/>
        <level index="5" path="5/c96.tif" mask="5/m96.tif"/>
        <level index="6" path="6/c96.tif" mask="6/m96.tif"/>
        <level index="7" path="7/c96.tif" mask="7/m96.tif"/>
        <level index="8" path="8/c96.tif" mask="8/m96.tif"/>
        <level index="9" path="9/c96.tif" mask="9/m96.tif"/>
      </pyramid>
    </image>
    <image id="91">
      <extent>
        <left>2507659.0450680382</left>
        <top>1139137.8857843932</top>
        <right>2507698.5062523661</right>
        <bottom>1139096.3450260838</bottom>
      </extent>
      <center>
        <x>2507679.527366763</x>
        <y>1139116.7567477773</y>
      </center>
      <pyramid>
        <level index="0" path="0/c91.tif" mask="0/m91.tif"/>
        <level index="1" path="1/c91.tif" mask="1/m91.tif"/>
        <level index="2" path="2/c91.tif" mask="2/m91.tif"/>
        <level index="3" path="3/c91.tif" mask="3/m91.tif"/>
        <level index="4" path="4/c91.tif" mask="4/m91.tif"/>
        <level index="5" path="5/c91.tif" mask="5/m91.tif"/>
        <level index="6" path="6/c91.tif" mask="6/m91.tif"/>
        <level index="7" path="7/c91.tif" mask="7/m91.tif"/>
        <level index="8" path="8/c91.tif" mask="8/m91.tif"/>
        <level index="9" path="9/c91.tif" mask="9/m91.tif"/>
      </pyramid>
    </image>
    <image id="93">
      <extent>
        <left>2507649.0529686646</left>
        <top>1139144.4795555533</top>
        <right>2507688.6663169423</right>
        <bottom>1139103.1924038271</bottom>
      </extent>
      <center>
        <x>2507669.5115041286</x>
        <y>1139123.5590033452</y>
      </center>
      <pyramid>
        <level index="0" path="0/c93.tif" mask="0/m93.tif"/>
        <level index="1" path="1/c93.tif" mask="1/m93.tif"/>
        <level index="2" path="2/c93.tif" mask="2/m93.tif"/>
        <level index="3" path="3/c93.tif" mask="3/m93.tif"/>
        <level index="4" path="4/c93.tif" mask="4/m93.tif"/>
        <level index="5" path="5/c93.tif" mask="5/m93.tif"/>
        <level index="6" path="6/c93.tif" mask="6/m93.tif"/>
        <level index="7" path="7/c93.tif" mask="7/m93.tif"/>
        <level index="8" path="8/c93.tif" mask="8/m93.tif"/>
        <level index="9" path="9/c93.tif" mask="9/m93.tif"/>
      </pyramid>
    </image>
    <image id="85">
      <extent>
        <left>2507687.2968413937</left>
        <top>1139119.1188972448</top>
        <right>2507727.0116323046</right>
        <bottom>1139078.440401318</bottom>
      </extent>
      <center>
        <x>2507708.4023459852</x>
        <y>1139098.1800207174</y>
      </center>
      <pyramid>
        <level index="0" path="0/c85.tif" mask="0/m85.tif"/>
        <level index="1" path="1/c85.tif" mask="1/m85.tif"/>
        <level index="2" path="2/c85.tif" mask="2/m85.tif"/>
        <level index="3" path="3/c85.tif" mask="3/m85.tif"/>
        <level index="4" path="4/c85.tif" mask="4/m85.tif"/>
        <level index="5" path="5/c85.tif" mask="5/m85.tif"/>
        <level index="6" path="6/c85.tif" mask="6/m85.tif"/>
        <level index="7" path="7/c85.tif" mask="7/m85.tif"/>
        <level index="8" path="8/c85.tif" mask="8/m85.tif"/>
        <level index="9" path="9/c85.tif" mask="9/m85.tif"/>
      </pyramid>
    </image>
    <image id="86">
      <extent>
        <left>2507684.1013984466</left>
        <top>1139121.5027991259</top>
        <right>2507723.511861458</right>
        <bottom>1139080.4692539827</bottom>
      </extent>
      <center>
        <x>2507705.0452053938</x>
        <y>1139100.3474713296</y>
      </center>
      <pyramid>
        <level index="0" path="0/c86.tif" mask="0/m86.tif"/>
        <level index="1" path="1/c86.tif" mask="1/m86.tif"/>
        <level index="2" path="2/c86.tif" mask="2/m86.tif"/>
        <level index="3" path="3/c86.tif" mask="3/m86.tif"/>
        <level index="4" path="4/c86.tif" mask="4/m86.tif"/>
        <level index="5" path="5/c86.tif" mask="5/m86.tif"/>
        <level index="6" path="6/c86.tif" mask="6/m86.tif"/>
        <level index="7" path="7/c86.tif" mask="7/m86.tif"/>
        <level index="8" path="8/c86.tif" mask="8/m86.tif"/>
        <level index="9" path="9/c86.tif" mask="9/m86.tif"/>
      </pyramid>
    </image>
    <image id="88">
      <extent>
        <left>2507674.0585777564</left>
        <top>1139127.842963703</top>
        <right>2507713.5197620844</right>
        <bottom>1139086.8601398764</bottom>
      </extent>
      <center>
        <x>2507694.7101728134</x>
        <y>1139106.9345494455</y>
      </center>
      <pyramid>
        <level index="0" path="0/c88.tif" mask="0/m88.tif"/>
        <level index="1" path="1/c88.tif" mask="1/m88.tif"/>
        <level index="2" path="2/c88.tif" mask="2/m88.tif"/>
        <level index="3" path="3/c88.tif" mask="3/m88.tif"/>
        <level index="4" path="4/c88.tif" mask="4/m88.tif"/>
        <level index="5" path="5/c88.tif" mask="5/m88.tif"/>
        <level index="6" path="6/c88.tif" mask="6/m88.tif"/>
        <level index="7" path="7/c88.tif" mask="7/m88.tif"/>
        <level index="8" path="8/c88.tif" mask="8/m88.tif"/>
        <level index="9" path="9/c88.tif" mask="9/m88.tif"/>
      </pyramid>
    </image>
    <image id="81">
      <extent>
        <left>2507687.5504479767</left>
        <top>1139128.2994555526</top>
        <right>2507727.1130749378</right>
        <bottom>1139087.8238448922</bottom>
      </extent>
      <center>
        <x>2507708.8443304077</x>
        <y>1139107.8518031579</y>
      </center>
      <pyramid>
        <level index="0" path="0/c81.tif" mask="0/m81.tif"/>
        <level index="1" path="1/c81.tif" mask="1/m81.tif"/>
        <level index="2" path="2/c81.tif" mask="2/m81.tif"/>
        <level index="3" path="3/c81.tif" mask="3/m81.tif"/>
        <level index="4" path="4/c81.tif" mask="4/m81.tif"/>
        <level index="5" path="5/c81.tif" mask="5/m81.tif"/>
        <level index="6" path="6/c81.tif" mask="6/m81.tif"/>
        <level index="7" path="7/c81.tif" mask="7/m81.tif"/>
        <level index="8" path="8/c81.tif" mask="8/m81.tif"/>
        <level index="9" path="9/c81.tif" mask="9/m81.tif"/>
      </pyramid>
    </image>
    <image id="98">
      <extent>
        <left>2507624.1488022055</left>
        <top>1139161.3697539868</top>
        <right>2507664.0157570667</right>
        <bottom>1139119.9304383108</bottom>
      </extent>
      <center>
        <x>2507644.4252740499</x>
        <y>1139140.6539649176</y>
      </center>
      <pyramid>
        <level index="0" path="0/c98.tif" mask="0/m98.tif"/>
        <level index="1" path="1/c98.tif" mask="1/m98.tif"/>
        <level index="2" path="2/c98.tif" mask="2/m98.tif"/>
        <level index="3" path="3/c98.tif" mask="3/m98.tif"/>
        <level index="4" path="4/c98.tif" mask="4/m98.tif"/>
        <level index="5" path="5/c98.tif" mask="5/m98.tif"/>
        <level index="6" path="6/c98.tif" mask="6/m98.tif"/>
        <level index="7" path="7/c98.tif" mask="7/m98.tif"/>
        <level index="8" path="8/c98.tif" mask="8/m98.tif"/>
        <level index="9" path="9/c98.tif" mask="9/m98.tif"/>
      </pyramid>
    </image>
    <image id="99">
      <extent>
        <left>2507619.3302771267</left>
        <top>1139164.7680822001</top>
        <right>2507659.0450680377</right>
        <bottom>1139123.2780452073</bottom>
      </extent>
      <center>
        <x>2507639.3043562435</x>
        <y>1139144.2833302843</y>
      </center>
      <pyramid>
        <level index="0" path="0/c99.tif" mask="0/m99.tif"/>
        <level index="1" path="1/c99.tif" mask="1/m99.tif"/>
        <level index="2" path="2/c99.tif" mask="2/m99.tif"/>
        <level index="3" path="3/c99.tif" mask="3/m99.tif"/>
        <level index="4" path="4/c99.tif" mask="4/m99.tif"/>
        <level index="5" path="5/c99.tif" mask="5/m99.tif"/>
        <level index="6" path="6/c99.tif" mask="6/m99.tif"/>
        <level index="7" path="7/c99.tif" mask="7/m99.tif"/>
        <level index="8" path="8/c99.tif" mask="8/m99.tif"/>
        <level index="9" path="9/c99.tif" mask="9/m99.tif"/>
      </pyramid>
    </image>
  </images>
</orthomosaic>
