<?xml version="1.0" encoding="UTF-8"?>
<orthomosaic version="1.2.0">
  <images level_count="10">
    <image id="90">
      <extent>
        <left>2507679.3702994892</left>
        <top>1139174.335093447</top>
        <right>2507719.8007874894</right>
        <bottom>1139132.6153679471</bottom>
      </extent>
      <center>
        <x>2507700.5999650341</x>
        <y>1139153.7645365025</y>
      </center>
      <pyramid>
        <level index="0" path="0/c90.tif" mask="0/m90.tif"/>
        <level index="1" path="1/c90.tif" mask="1/m90.tif"/>
        <level index="2" path="2/c90.tif" mask="2/m90.tif"/>
        <level index="3" path="3/c90.tif" mask="3/m90.tif"/>
        <level index="4" path="4/c90.tif" mask="4/m90.tif"/>
        <level index="5" path="5/c90.tif" mask="5/m90.tif"/>
        <level index="6" path="6/c90.tif" mask="6/m90.tif"/>
        <level index="7" path="7/c90.tif" mask="7/m90.tif"/>
        <level index="8" path="8/c90.tif" mask="8/m90.tif"/>
        <level index="9" path="9/c90.tif" mask="9/m90.tif"/>
      </pyramid>
    </image>
    <image id="100">
      <extent>
        <left>2507710.4151384896</left>
        <top>1139146.2812854468</top>
        <right>2507750.5362094897</right>
        <bottom>1139103.8395869469</bottom>
      </extent>
      <center>
        <x>2507730.9923946541</x>
        <y>1139125.8064247589</y>
      </center>
      <pyramid>
        <level index="0" path="0/c100.tif" mask="0/m100.tif"/>
        <level index="1" path="1/c100.tif" mask="1/m100.tif"/>
        <level index="2" path="2/c100.tif" mask="2/m100.tif"/>
        <level index="3" path="3/c100.tif" mask="3/m100.tif"/>
        <level index="4" path="4/c100.tif" mask="4/m100.tif"/>
        <level index="5" path="5/c100.tif" mask="5/m100.tif"/>
        <level index="6" path="6/c100.tif" mask="6/m100.tif"/>
        <level index="7" path="7/c100.tif" mask="7/m100.tif"/>
        <level index="8" path="8/c100.tif" mask="8/m100.tif"/>
        <level index="9" path="9/c100.tif" mask="9/m100.tif"/>
      </pyramid>
    </image>
    <image id="99">
      <extent>
        <left>2507710.8792639892</left>
        <top>1139147.157966947</top>
        <right>2507751.0003349893</right>
        <bottom>1139104.458420947</bottom>
      </extent>
      <center>
        <x>2507731.7192928847</x>
        <y>1139126.7581731773</y>
      </center>
      <pyramid>
        <level index="0" path="0/c99.tif" mask="0/m99.tif"/>
        <level index="1" path="1/c99.tif" mask="1/m99.tif"/>
        <level index="2" path="2/c99.tif" mask="2/m99.tif"/>
        <level index="3" path="3/c99.tif" mask="3/m99.tif"/>
        <level index="4" path="4/c99.tif" mask="4/m99.tif"/>
        <level index="5" path="5/c99.tif" mask="5/m99.tif"/>
        <level index="6" path="6/c99.tif" mask="6/m99.tif"/>
        <level index="7" path="7/c99.tif" mask="7/m99.tif"/>
        <level index="8" path="8/c99.tif" mask="8/m99.tif"/>
        <level index="9" path="9/c99.tif" mask="9/m99.tif"/>
      </pyramid>
    </image>
    <image id="87">
      <extent>
        <left>2507664.3635749891</left>
        <top>1139183.7723119468</top>
        <right>2507704.6393544893</right>
        <bottom>1139142.052586447</bottom>
      </extent>
      <center>
        <x>2507684.3221151717</x>
        <y>1139163.4522108107</y>
      </center>
      <pyramid>
        <level index="0" path="0/c87.tif" mask="0/m87.tif"/>
        <level index="1" path="1/c87.tif" mask="1/m87.tif"/>
        <level index="2" path="2/c87.tif" mask="2/m87.tif"/>
        <level index="3" path="3/c87.tif" mask="3/m87.tif"/>
        <level index="4" path="4/c87.tif" mask="4/m87.tif"/>
        <level index="5" path="5/c87.tif" mask="5/m87.tif"/>
        <level index="6" path="6/c87.tif" mask="6/m87.tif"/>
        <level index="7" path="7/c87.tif" mask="7/m87.tif"/>
        <level index="8" path="8/c87.tif" mask="8/m87.tif"/>
        <level index="9" path="9/c87.tif" mask="9/m87.tif"/>
      </pyramid>
    </image>
    <image id="97">
      <extent>
        <left>2507715.3658104893</left>
        <top>1139152.2633474469</top>
        <right>2507755.8994374895</right>
        <bottom>1139110.5951914468</bottom>
      </extent>
      <center>
        <x>2507736.2212643642</x>
        <y>1139132.1716786604</y>
      </center>
      <pyramid>
        <level index="0" path="0/c97.tif" mask="0/m97.tif"/>
        <level index="1" path="1/c97.tif" mask="1/m97.tif"/>
        <level index="2" path="2/c97.tif" mask="2/m97.tif"/>
        <level index="3" path="3/c97.tif" mask="3/m97.tif"/>
        <level index="4" path="4/c97.tif" mask="4/m97.tif"/>
        <level index="5" path="5/c97.tif" mask="5/m97.tif"/>
        <level index="6" path="6/c97.tif" mask="6/m97.tif"/>
        <level index="7" path="7/c97.tif" mask="7/m97.tif"/>
        <level index="8" path="8/c97.tif" mask="8/m97.tif"/>
        <level index="9" path="9/c97.tif" mask="9/m97.tif"/>
      </pyramid>
    </image>
    <image id="103">
      <extent>
        <left>2507696.2850954896</left>
        <top>1139155.0996699468</top>
        <right>2507736.4061664897</right>
        <bottom>1139113.2768054469</bottom>
      </extent>
      <center>
        <x>2507716.4856843967</x>
        <y>1139134.458168631</y>
      </center>
      <pyramid>
        <level index="0" path="0/c103.tif" mask="0/m103.tif"/>
        <level index="1" path="1/c103.tif" mask="1/m103.tif"/>
        <level index="2" path="2/c103.tif" mask="2/m103.tif"/>
        <level index="3" path="3/c103.tif" mask="3/m103.tif"/>
        <level index="4" path="4/c103.tif" mask="4/m103.tif"/>
        <level index="5" path="5/c103.tif" mask="5/m103.tif"/>
        <level index="6" path="6/c103.tif" mask="6/m103.tif"/>
        <level index="7" path="7/c103.tif" mask="7/m103.tif"/>
        <level index="8" path="8/c103.tif" mask="8/m103.tif"/>
        <level index="9" path="9/c103.tif" mask="9/m103.tif"/>
      </pyramid>
    </image>
    <image id="101">
      <extent>
        <left>2507706.3411479895</left>
        <top>1139148.8081909469</top>
        <right>2507746.4622189896</right>
        <bottom>1139106.9853264471</bottom>
      </extent>
      <center>
        <x>2507727.0490733702</x>
        <y>1139128.3077031479</y>
      </center>
      <pyramid>
        <level index="0" path="0/c101.tif" mask="0/m101.tif"/>
        <level index="1" path="1/c101.tif" mask="1/m101.tif"/>
        <level index="2" path="2/c101.tif" mask="2/m101.tif"/>
        <level index="3" path="3/c101.tif" mask="3/m101.tif"/>
        <level index="4" path="4/c101.tif" mask="4/m101.tif"/>
        <level index="5" path="5/c101.tif" mask="5/m101.tif"/>
        <level index="6" path="6/c101.tif" mask="6/m101.tif"/>
        <level index="7" path="7/c101.tif" mask="7/m101.tif"/>
        <level index="8" path="8/c101.tif" mask="8/m101.tif"/>
        <level index="9" path="9/c101.tif" mask="9/m101.tif"/>
      </pyramid>
    </image>
    <image id="85">
      <extent>
        <left>2507653.7402579891</left>
        <top>1139190.4763469468</top>
        <right>2507694.0160374893</right>
        <bottom>1139148.7050519469</bottom>
      </extent>
      <center>
        <x>2507674.1587311234</x>
        <y>1139169.9481583459</y>
      </center>
      <pyramid>
        <level index="0" path="0/c85.tif" mask="0/m85.tif"/>
        <level index="1" path="1/c85.tif" mask="1/m85.tif"/>
        <level index="2" path="2/c85.tif" mask="2/m85.tif"/>
        <level index="3" path="3/c85.tif" mask="3/m85.tif"/>
        <level index="4" path="4/c85.tif" mask="4/m85.tif"/>
        <level index="5" path="5/c85.tif" mask="5/m85.tif"/>
        <level index="6" path="6/c85.tif" mask="6/m85.tif"/>
        <level index="7" path="7/c85.tif" mask="7/m85.tif"/>
        <level index="8" path="8/c85.tif" mask="8/m85.tif"/>
        <level index="9" path="9/c85.tif" mask="9/m85.tif"/>
      </pyramid>
    </image>
    <image id="92">
      <extent>
        <left>2507689.7873384892</left>
        <top>1139167.7857669469</top>
        <right>2507729.9599789893</right>
        <bottom>1139126.1176109468</bottom>
      </extent>
      <center>
        <x>2507710.4201469477</x>
        <y>1139147.7412410558</y>
      </center>
      <pyramid>
        <level index="0" path="0/c92.tif" mask="0/m92.tif"/>
        <level index="1" path="1/c92.tif" mask="1/m92.tif"/>
        <level index="2" path="2/c92.tif" mask="2/m92.tif"/>
        <level index="3" path="3/c92.tif" mask="3/m92.tif"/>
        <level index="4" path="4/c92.tif" mask="4/m92.tif"/>
        <level index="5" path="5/c92.tif" mask="5/m92.tif"/>
        <level index="6" path="6/c92.tif" mask="6/m92.tif"/>
        <level index="7" path="7/c92.tif" mask="7/m92.tif"/>
        <level index="8" path="8/c92.tif" mask="8/m92.tif"/>
        <level index="9" path="9/c92.tif" mask="9/m92.tif"/>
      </pyramid>
    </image>
    <image id="93">
      <extent>
        <left>2507694.9442884894</left>
        <top>1139164.6400274469</top>
        <right>2507735.0137899895</right>
        <bottom>1139122.920301947</bottom>
      </extent>
      <center>
        <x>2507715.2808970977</x>
        <y>1139144.7078498795</y>
      </center>
      <pyramid>
        <level index="0" path="0/c93.tif" mask="0/m93.tif"/>
        <level index="1" path="1/c93.tif" mask="1/m93.tif"/>
        <level index="2" path="2/c93.tif" mask="2/m93.tif"/>
        <level index="3" path="3/c93.tif" mask="3/m93.tif"/>
        <level index="4" path="4/c93.tif" mask="4/m93.tif"/>
        <level index="5" path="5/c93.tif" mask="5/m93.tif"/>
        <level index="6" path="6/c93.tif" mask="6/m93.tif"/>
        <level index="7" path="7/c93.tif" mask="7/m93.tif"/>
        <level index="8" path="8/c93.tif" mask="8/m93.tif"/>
        <level index="9" path="9/c93.tif" mask="9/m93.tif"/>
      </pyramid>
    </image>
    <image id="88">
      <extent>
        <left>2507669.0563994893</left>
        <top>1139180.8328504469</top>
        <right>2507709.4868874894</right>
        <bottom>1139139.0099859471</bottom>
      </extent>
      <center>
        <x>2507689.0942189805</x>
        <y>1139160.8085772828</y>
      </center>
      <pyramid>
        <level index="0" path="0/c88.tif" mask="0/m88.tif"/>
        <level index="1" path="1/c88.tif" mask="1/m88.tif"/>
        <level index="2" path="2/c88.tif" mask="2/m88.tif"/>
        <level index="3" path="3/c88.tif" mask="3/m88.tif"/>
        <level index="4" path="4/c88.tif" mask="4/m88.tif"/>
        <level index="5" path="5/c88.tif" mask="5/m88.tif"/>
        <level index="6" path="6/c88.tif" mask="6/m88.tif"/>
        <level index="7" path="7/c88.tif" mask="7/m88.tif"/>
        <level index="8" path="8/c88.tif" mask="8/m88.tif"/>
        <level index="9" path="9/c88.tif" mask="9/m88.tif"/>
      </pyramid>
    </image>
    <image id="86">
      <extent>
        <left>2507658.9487774894</left>
        <top>1139187.4853159469</top>
        <right>2507698.9151399895</right>
        <bottom>1139145.662451447</bottom>
      </extent>
      <center>
        <x>2507679.4342213329</x>
        <y>1139166.3436367854</y>
      </center>
      <pyramid>
        <level index="0" path="0/c86.tif" mask="0/m86.tif"/>
        <level index="1" path="1/c86.tif" mask="1/m86.tif"/>
        <level index="2" path="2/c86.tif" mask="2/m86.tif"/>
        <level index="3" path="3/c86.tif" mask="3/m86.tif"/>
        <level index="4" path="4/c86.tif" mask="4/m86.tif"/>
        <level index="5" path="5/c86.tif" mask="5/m86.tif"/>
        <level index="6" path="6/c86.tif" mask="6/m86.tif"/>
        <level index="7" path="7/c86.tif" mask="7/m86.tif"/>
        <level index="8" path="8/c86.tif" mask="8/m86.tif"/>
        <level index="9" path="9/c86.tif" mask="9/m86.tif"/>
      </pyramid>
    </image>
    <image id="104">
      <extent>
        <left>2507691.1797149894</left>
        <top>1139158.142270447</top>
        <right>2507731.2492164895</right>
        <bottom>1139116.2678364471</bottom>
      </extent>
      <center>
        <x>2507711.1849691998</x>
        <y>1139137.799725801</y>
      </center>
      <pyramid>
        <level index="0" path="0/c104.tif" mask="0/m104.tif"/>
        <level index="1" path="1/c104.tif" mask="1/m104.tif"/>
        <level index="2" path="2/c104.tif" mask="2/m104.tif"/>
        <level index="3" path="3/c104.tif" mask="3/m104.tif"/>
        <level index="4" path="4/c104.tif" mask="4/m104.tif"/>
        <level index="5" path="5/c104.tif" mask="5/m104.tif"/>
        <level index="6" path="6/c104.tif" mask="6/m104.tif"/>
        <level index="7" path="7/c104.tif" mask="7/m104.tif"/>
        <level index="8" path="8/c104.tif" mask="8/m104.tif"/>
        <level index="9" path="9/c104.tif" mask="9/m104.tif"/>
      </pyramid>
    </image>
    <image id="91">
      <extent>
        <left>2507684.5272494894</left>
        <top>1139171.1893539468</top>
        <right>2507724.6998899896</right>
        <bottom>1139129.3149199469</bottom>
      </extent>
      <center>
        <x>2507705.408220876</x>
        <y>1139150.6443445545</y>
      </center>
      <pyramid>
        <level index="0" path="0/c91.tif" mask="0/m91.tif"/>
        <level index="1" path="1/c91.tif" mask="1/m91.tif"/>
        <level index="2" path="2/c91.tif" mask="2/m91.tif"/>
        <level index="3" path="3/c91.tif" mask="3/m91.tif"/>
        <level index="4" path="4/c91.tif" mask="4/m91.tif"/>
        <level index="5" path="5/c91.tif" mask="5/m91.tif"/>
        <level index="6" path="6/c91.tif" mask="6/m91.tif"/>
        <level index="7" path="7/c91.tif" mask="7/m91.tif"/>
        <level index="8" path="8/c91.tif" mask="8/m91.tif"/>
        <level index="9" path="9/c91.tif" mask="9/m91.tif"/>
      </pyramid>
    </image>
    <image id="95">
      <extent>
        <left>2507705.1550494893</left>
        <top>1139158.5548264468</top>
        <right>2507745.2761204895</right>
        <bottom>1139116.5772534469</bottom>
      </extent>
      <center>
        <x>2507725.949240854</x>
        <y>1139138.2494573044</y>
      </center>
      <pyramid>
        <level index="0" path="0/c95.tif" mask="0/m95.tif"/>
        <level index="1" path="1/c95.tif" mask="1/m95.tif"/>
        <level index="2" path="2/c95.tif" mask="2/m95.tif"/>
        <level index="3" path="3/c95.tif" mask="3/m95.tif"/>
        <level index="4" path="4/c95.tif" mask="4/m95.tif"/>
        <level index="5" path="5/c95.tif" mask="5/m95.tif"/>
        <level index="6" path="6/c95.tif" mask="6/m95.tif"/>
        <level index="7" path="7/c95.tif" mask="7/m95.tif"/>
        <level index="8" path="8/c95.tif" mask="8/m95.tif"/>
        <level index="9" path="9/c95.tif" mask="9/m95.tif"/>
      </pyramid>
    </image>
    <image id="89">
      <extent>
        <left>2507674.2133494895</left>
        <top>1139177.480832947</top>
        <right>2507714.7469764897</right>
        <bottom>1139135.6579684471</bottom>
      </extent>
      <center>
        <x>2507694.9255521856</x>
        <y>1139157.3984899078</y>
      </center>
      <pyramid>
        <level index="0" path="0/c89.tif" mask="0/m89.tif"/>
        <level index="1" path="1/c89.tif" mask="1/m89.tif"/>
        <level index="2" path="2/c89.tif" mask="2/m89.tif"/>
        <level index="3" path="3/c89.tif" mask="3/m89.tif"/>
        <level index="4" path="4/c89.tif" mask="4/m89.tif"/>
        <level index="5" path="5/c89.tif" mask="5/m89.tif"/>
        <level index="6" path="6/c89.tif" mask="6/m89.tif"/>
        <level index="7" path="7/c89.tif" mask="7/m89.tif"/>
        <level index="8" path="8/c89.tif" mask="8/m89.tif"/>
        <level index="9" path="9/c89.tif" mask="9/m89.tif"/>
      </pyramid>
    </image>
    <image id="96">
      <extent>
        <left>2507710.3635689896</left>
        <top>1139155.1512394468</top>
        <right>2507750.3815009897</right>
        <bottom>1139113.379944447</bottom>
      </extent>
      <center>
        <x>2507731.1743492372</x>
        <y>1139135.3233451857</y>
      </center>
      <pyramid>
        <level index="0" path="0/c96.tif" mask="0/m96.tif"/>
        <level index="1" path="1/c96.tif" mask="1/m96.tif"/>
        <level index="2" path="2/c96.tif" mask="2/m96.tif"/>
        <level index="3" path="3/c96.tif" mask="3/m96.tif"/>
        <level index="4" path="4/c96.tif" mask="4/m96.tif"/>
        <level index="5" path="5/c96.tif" mask="5/m96.tif"/>
        <level index="6" path="6/c96.tif" mask="6/m96.tif"/>
        <level index="7" path="7/c96.tif" mask="7/m96.tif"/>
        <level index="8" path="8/c96.tif" mask="8/m96.tif"/>
        <level index="9" path="9/c96.tif" mask="9/m96.tif"/>
      </pyramid>
    </image>
    <image id="94">
      <extent>
        <left>2507700.0496689891</left>
        <top>1139161.545857447</top>
        <right>2507740.1707399893</right>
        <bottom>1139119.6714234471</bottom>
      </extent>
      <center>
        <x>2507720.4830260333</x>
        <y>1139141.5067988688</y>
      </center>
      <pyramid>
        <level index="0" path="0/c94.tif" mask="0/m94.tif"/>
        <level index="1" path="1/c94.tif" mask="1/m94.tif"/>
        <level index="2" path="2/c94.tif" mask="2/m94.tif"/>
        <level index="3" path="3/c94.tif" mask="3/m94.tif"/>
        <level index="4" path="4/c94.tif" mask="4/m94.tif"/>
        <level index="5" path="5/c94.tif" mask="5/m94.tif"/>
        <level index="6" path="6/c94.tif" mask="6/m94.tif"/>
        <level index="7" path="7/c94.tif" mask="7/m94.tif"/>
        <level index="8" path="8/c94.tif" mask="8/m94.tif"/>
        <level index="9" path="9/c94.tif" mask="9/m94.tif"/>
      </pyramid>
    </image>
    <image id="102">
      <extent>
        <left>2507701.3389064893</left>
        <top>1139151.9023609469</top>
        <right>2507741.5631164894</right>
        <bottom>1139109.873218447</bottom>
      </extent>
      <center>
        <x>2507721.6772024632</x>
        <y>1139131.374863748</y>
      </center>
      <pyramid>
        <level index="0" path="0/c102.tif" mask="0/m102.tif"/>
        <level index="1" path="1/c102.tif" mask="1/m102.tif"/>
        <level index="2" path="2/c102.tif" mask="2/m102.tif"/>
        <level index="3" path="3/c102.tif" mask="3/m102.tif"/>
        <level index="4" path="4/c102.tif" mask="4/m102.tif"/>
        <level index="5" path="5/c102.tif" mask="5/m102.tif"/>
        <level index="6" path="6/c102.tif" mask="6/m102.tif"/>
        <level index="7" path="7/c102.tif" mask="7/m102.tif"/>
        <level index="8" path="8/c102.tif" mask="8/m102.tif"/>
        <level index="9" path="9/c102.tif" mask="9/m102.tif"/>
      </pyramid>
    </image>
  </images>
</orthomosaic>
