<?xml version="1.0" encoding="UTF-8"?>
<orthomosaic version="1.2.0">
  <images level_count="10">
    <image id="170">
      <extent>
        <left>2507696.8831702345</left>
        <top>1139180.3902477182</top>
        <right>2507736.3443545625</right>
        <bottom>1139139.0523746754</bottom>
      </extent>
      <center>
        <x>2507717.8304090183</x>
        <y>1139160.589070942</y>
      </center>
      <pyramid>
        <level index="0" path="0/c170.tif" mask="0/m170.tif"/>
        <level index="1" path="1/c170.tif" mask="1/m170.tif"/>
        <level index="2" path="2/c170.tif" mask="2/m170.tif"/>
        <level index="3" path="3/c170.tif" mask="3/m170.tif"/>
        <level index="4" path="4/c170.tif" mask="4/m170.tif"/>
        <level index="5" path="5/c170.tif" mask="5/m170.tif"/>
        <level index="6" path="6/c170.tif" mask="6/m170.tif"/>
        <level index="7" path="7/c170.tif" mask="7/m170.tif"/>
        <level index="8" path="8/c170.tif" mask="8/m170.tif"/>
        <level index="9" path="9/c170.tif" mask="9/m170.tif"/>
      </pyramid>
    </image>
    <image id="178">
      <extent>
        <left>2507714.5341884173</left>
        <top>1139158.427917623</top>
        <right>2507754.1982580116</right>
        <bottom>1139117.2929298466</bottom>
      </extent>
      <center>
        <x>2507735.6621374916</x>
        <y>1139138.0067319758</y>
      </center>
      <pyramid>
        <level index="0" path="0/c178.tif" mask="0/m178.tif"/>
        <level index="1" path="1/c178.tif" mask="1/m178.tif"/>
        <level index="2" path="2/c178.tif" mask="2/m178.tif"/>
        <level index="3" path="3/c178.tif" mask="3/m178.tif"/>
        <level index="4" path="4/c178.tif" mask="4/m178.tif"/>
        <level index="5" path="5/c178.tif" mask="5/m178.tif"/>
        <level index="6" path="6/c178.tif" mask="6/m178.tif"/>
        <level index="7" path="7/c178.tif" mask="7/m178.tif"/>
        <level index="8" path="8/c178.tif" mask="8/m178.tif"/>
        <level index="9" path="9/c178.tif" mask="9/m178.tif"/>
      </pyramid>
    </image>
    <image id="169">
      <extent>
        <left>2507692.166087789</left>
        <top>1139183.6871332983</top>
        <right>2507731.7287147501</right>
        <bottom>1139142.3999815721</bottom>
      </extent>
      <center>
        <x>2507713.0839507766</x>
        <y>1139163.8599926026</y>
      </center>
      <pyramid>
        <level index="0" path="0/c169.tif" mask="0/m169.tif"/>
        <level index="1" path="1/c169.tif" mask="1/m169.tif"/>
        <level index="2" path="2/c169.tif" mask="2/m169.tif"/>
        <level index="3" path="3/c169.tif" mask="3/m169.tif"/>
        <level index="4" path="4/c169.tif" mask="4/m169.tif"/>
        <level index="5" path="5/c169.tif" mask="5/m169.tif"/>
        <level index="6" path="6/c169.tif" mask="6/m169.tif"/>
        <level index="7" path="7/c169.tif" mask="7/m169.tif"/>
        <level index="8" path="8/c169.tif" mask="8/m169.tif"/>
        <level index="9" path="9/c169.tif" mask="9/m169.tif"/>
      </pyramid>
    </image>
    <image id="168">
      <extent>
        <left>2507687.1953987605</left>
        <top>1139186.7811336119</top>
        <right>2507726.707304405</right>
        <bottom>1139145.6461458355</bottom>
      </extent>
      <center>
        <x>2507708.0980326142</x>
        <y>1139167.1286467707</y>
      </center>
      <pyramid>
        <level index="0" path="0/c168.tif" mask="0/m168.tif"/>
        <level index="1" path="1/c168.tif" mask="1/m168.tif"/>
        <level index="2" path="2/c168.tif" mask="2/m168.tif"/>
        <level index="3" path="3/c168.tif" mask="3/m168.tif"/>
        <level index="4" path="4/c168.tif" mask="4/m168.tif"/>
        <level index="5" path="5/c168.tif" mask="5/m168.tif"/>
        <level index="6" path="6/c168.tif" mask="6/m168.tif"/>
        <level index="7" path="7/c168.tif" mask="7/m168.tif"/>
        <level index="8" path="8/c168.tif" mask="8/m168.tif"/>
        <level index="9" path="9/c168.tif" mask="9/m168.tif"/>
      </pyramid>
    </image>
    <image id="172">
      <extent>
        <left>2507706.6216630246</left>
        <top>1139174.2529684075</top>
        <right>2507746.1335686692</right>
        <bottom>1139132.7629314146</bottom>
      </extent>
      <center>
        <x>2507727.7496591024</x>
        <y>1139154.2150064197</y>
      </center>
      <pyramid>
        <level index="0" path="0/c172.tif" mask="0/m172.tif"/>
        <level index="1" path="1/c172.tif" mask="1/m172.tif"/>
        <level index="2" path="2/c172.tif" mask="2/m172.tif"/>
        <level index="3" path="3/c172.tif" mask="3/m172.tif"/>
        <level index="4" path="4/c172.tif" mask="4/m172.tif"/>
        <level index="5" path="5/c172.tif" mask="5/m172.tif"/>
        <level index="6" path="6/c172.tif" mask="6/m172.tif"/>
        <level index="7" path="7/c172.tif" mask="7/m172.tif"/>
        <level index="8" path="8/c172.tif" mask="8/m172.tif"/>
        <level index="9" path="9/c172.tif" mask="9/m172.tif"/>
      </pyramid>
    </image>
    <image id="176">
      <extent>
        <left>2507719.3019921789</left>
        <top>1139165.4274593161</top>
        <right>2507759.9297667891</right>
        <bottom>1139123.8359796901</bottom>
      </extent>
      <center>
        <x>2507740.3285267446</x>
        <y>1139144.8554803927</y>
      </center>
      <pyramid>
        <level index="0" path="0/c176.tif" mask="0/m176.tif"/>
        <level index="1" path="1/c176.tif" mask="1/m176.tif"/>
        <level index="2" path="2/c176.tif" mask="2/m176.tif"/>
        <level index="3" path="3/c176.tif" mask="3/m176.tif"/>
        <level index="4" path="4/c176.tif" mask="4/m176.tif"/>
        <level index="5" path="5/c176.tif" mask="5/m176.tif"/>
        <level index="6" path="6/c176.tif" mask="6/m176.tif"/>
        <level index="7" path="7/c176.tif" mask="7/m176.tif"/>
        <level index="8" path="8/c176.tif" mask="8/m176.tif"/>
        <level index="9" path="9/c176.tif" mask="9/m176.tif"/>
      </pyramid>
    </image>
    <image id="179">
      <extent>
        <left>2507711.237302837</left>
        <top>1139160.811819504</top>
        <right>2507750.6984871649</right>
        <bottom>1139119.4739464612</bottom>
      </extent>
      <center>
        <x>2507732.1932301372</x>
        <y>1139140.3450260411</y>
      </center>
      <pyramid>
        <level index="0" path="0/c179.tif" mask="0/m179.tif"/>
        <level index="1" path="1/c179.tif" mask="1/m179.tif"/>
        <level index="2" path="2/c179.tif" mask="2/m179.tif"/>
        <level index="3" path="3/c179.tif" mask="3/m179.tif"/>
        <level index="4" path="4/c179.tif" mask="4/m179.tif"/>
        <level index="5" path="5/c179.tif" mask="5/m179.tif"/>
        <level index="6" path="6/c179.tif" mask="6/m179.tif"/>
        <level index="7" path="7/c179.tif" mask="7/m179.tif"/>
        <level index="8" path="8/c179.tif" mask="8/m179.tif"/>
        <level index="9" path="9/c179.tif" mask="9/m179.tif"/>
      </pyramid>
    </image>
    <image id="177">
      <extent>
        <left>2507715.2442868496</left>
        <top>1139159.8481144884</top>
        <right>2507754.908356444</right>
        <bottom>1139118.2059135458</bottom>
      </extent>
      <center>
        <x>2507736.6639774907</x>
        <y>1139139.3293638045</y>
      </center>
      <pyramid>
        <level index="0" path="0/c177.tif" mask="0/m177.tif"/>
        <level index="1" path="1/c177.tif" mask="1/m177.tif"/>
        <level index="2" path="2/c177.tif" mask="2/m177.tif"/>
        <level index="3" path="3/c177.tif" mask="3/m177.tif"/>
        <level index="4" path="4/c177.tif" mask="4/m177.tif"/>
        <level index="5" path="5/c177.tif" mask="5/m177.tif"/>
        <level index="6" path="6/c177.tif" mask="6/m177.tif"/>
        <level index="7" path="7/c177.tif" mask="7/m177.tif"/>
        <level index="8" path="8/c177.tif" mask="8/m177.tif"/>
        <level index="9" path="9/c177.tif" mask="9/m177.tif"/>
      </pyramid>
    </image>
    <image id="182">
      <extent>
        <left>2507696.9846128677</left>
        <top>1139170.1952630782</top>
        <right>2507736.0907479795</right>
        <bottom>1139129.161717935</bottom>
      </extent>
      <center>
        <x>2507717.4638778251</x>
        <y>1139149.8970671745</y>
      </center>
      <pyramid>
        <level index="0" path="0/c182.tif" mask="0/m182.tif"/>
        <level index="1" path="1/c182.tif" mask="1/m182.tif"/>
        <level index="2" path="2/c182.tif" mask="2/m182.tif"/>
        <level index="3" path="3/c182.tif" mask="3/m182.tif"/>
        <level index="4" path="4/c182.tif" mask="4/m182.tif"/>
        <level index="5" path="5/c182.tif" mask="5/m182.tif"/>
        <level index="6" path="6/c182.tif" mask="6/m182.tif"/>
        <level index="7" path="7/c182.tif" mask="7/m182.tif"/>
        <level index="8" path="8/c182.tif" mask="8/m182.tif"/>
        <level index="9" path="9/c182.tif" mask="9/m182.tif"/>
      </pyramid>
    </image>
    <image id="181">
      <extent>
        <left>2507701.7524166293</left>
        <top>1139166.9998201313</top>
        <right>2507741.0107156909</right>
        <bottom>1139125.8648323549</bottom>
      </extent>
      <center>
        <x>2507722.3494106326</x>
        <y>1139146.6821894378</y>
      </center>
      <pyramid>
        <level index="0" path="0/c181.tif" mask="0/m181.tif"/>
        <level index="1" path="1/c181.tif" mask="1/m181.tif"/>
        <level index="2" path="2/c181.tif" mask="2/m181.tif"/>
        <level index="3" path="3/c181.tif" mask="3/m181.tif"/>
        <level index="4" path="4/c181.tif" mask="4/m181.tif"/>
        <level index="5" path="5/c181.tif" mask="5/m181.tif"/>
        <level index="6" path="6/c181.tif" mask="6/m181.tif"/>
        <level index="7" path="7/c181.tif" mask="7/m181.tif"/>
        <level index="8" path="8/c181.tif" mask="8/m181.tif"/>
        <level index="9" path="9/c181.tif" mask="9/m181.tif"/>
      </pyramid>
    </image>
    <image id="175">
      <extent>
        <left>2507720.4178611445</left>
        <top>1139165.3767379995</top>
        <right>2507760.2340946891</right>
        <bottom>1139124.1910289065</bottom>
      </extent>
      <center>
        <x>2507741.4420175683</x>
        <y>1139145.2549852729</y>
      </center>
      <pyramid>
        <level index="0" path="0/c175.tif" mask="0/m175.tif"/>
        <level index="1" path="1/c175.tif" mask="1/m175.tif"/>
        <level index="2" path="2/c175.tif" mask="2/m175.tif"/>
        <level index="3" path="3/c175.tif" mask="3/m175.tif"/>
        <level index="4" path="4/c175.tif" mask="4/m175.tif"/>
        <level index="5" path="5/c175.tif" mask="5/m175.tif"/>
        <level index="6" path="6/c175.tif" mask="6/m175.tif"/>
        <level index="7" path="7/c175.tif" mask="7/m175.tif"/>
        <level index="8" path="8/c175.tif" mask="8/m175.tif"/>
        <level index="9" path="9/c175.tif" mask="9/m175.tif"/>
      </pyramid>
    </image>
    <image id="171">
      <extent>
        <left>2507701.9045805796</left>
        <top>1139177.1948047713</top>
        <right>2507741.2643222744</right>
        <bottom>1139135.9076530451</bottom>
      </extent>
      <center>
        <x>2507722.6631047782</x>
        <y>1139157.4145270509</y>
      </center>
      <pyramid>
        <level index="0" path="0/c171.tif" mask="0/m171.tif"/>
        <level index="1" path="1/c171.tif" mask="1/m171.tif"/>
        <level index="2" path="2/c171.tif" mask="2/m171.tif"/>
        <level index="3" path="3/c171.tif" mask="3/m171.tif"/>
        <level index="4" path="4/c171.tif" mask="4/m171.tif"/>
        <level index="5" path="5/c171.tif" mask="5/m171.tif"/>
        <level index="6" path="6/c171.tif" mask="6/m171.tif"/>
        <level index="7" path="7/c171.tif" mask="7/m171.tif"/>
        <level index="8" path="8/c171.tif" mask="8/m171.tif"/>
        <level index="9" path="9/c171.tif" mask="9/m171.tif"/>
      </pyramid>
    </image>
    <image id="163">
      <extent>
        <left>2507663.0013307342</left>
        <top>1139202.9105122963</top>
        <right>2507702.4117937456</right>
        <bottom>1139161.876967153</bottom>
      </extent>
      <center>
        <x>2507683.370555535</x>
        <y>1139183.6131448038</y>
      </center>
      <pyramid>
        <level index="0" path="0/c163.tif" mask="0/m163.tif"/>
        <level index="1" path="1/c163.tif" mask="1/m163.tif"/>
        <level index="2" path="2/c163.tif" mask="2/m163.tif"/>
        <level index="3" path="3/c163.tif" mask="3/m163.tif"/>
        <level index="4" path="4/c163.tif" mask="4/m163.tif"/>
        <level index="5" path="5/c163.tif" mask="5/m163.tif"/>
        <level index="6" path="6/c163.tif" mask="6/m163.tif"/>
        <level index="7" path="7/c163.tif" mask="7/m163.tif"/>
        <level index="8" path="8/c163.tif" mask="8/m163.tif"/>
        <level index="9" path="9/c163.tif" mask="9/m163.tif"/>
      </pyramid>
    </image>
    <image id="165">
      <extent>
        <left>2507672.5876595746</left>
        <top>1139196.4689050857</top>
        <right>2507712.1502865357</right>
        <bottom>1139155.3339173093</bottom>
      </extent>
      <center>
        <x>2507693.1737135723</x>
        <y>1139177.0055401074</y>
      </center>
      <pyramid>
        <level index="0" path="0/c165.tif" mask="0/m165.tif"/>
        <level index="1" path="1/c165.tif" mask="1/m165.tif"/>
        <level index="2" path="2/c165.tif" mask="2/m165.tif"/>
        <level index="3" path="3/c165.tif" mask="3/m165.tif"/>
        <level index="4" path="4/c165.tif" mask="4/m165.tif"/>
        <level index="5" path="5/c165.tif" mask="5/m165.tif"/>
        <level index="6" path="6/c165.tif" mask="6/m165.tif"/>
        <level index="7" path="7/c165.tif" mask="7/m165.tif"/>
        <level index="8" path="8/c165.tif" mask="8/m165.tif"/>
        <level index="9" path="9/c165.tif" mask="9/m165.tif"/>
      </pyramid>
    </image>
    <image id="174">
      <extent>
        <left>2507716.2587131821</left>
        <top>1139167.8113611971</top>
        <right>2507756.3792746263</right>
        <bottom>1139126.524209471</bottom>
      </extent>
      <center>
        <x>2507737.4788357075</x>
        <y>1139147.8204228526</y>
      </center>
      <pyramid>
        <level index="0" path="0/c174.tif" mask="0/m174.tif"/>
        <level index="1" path="1/c174.tif" mask="1/m174.tif"/>
        <level index="2" path="2/c174.tif" mask="2/m174.tif"/>
        <level index="3" path="3/c174.tif" mask="3/m174.tif"/>
        <level index="4" path="4/c174.tif" mask="4/m174.tif"/>
        <level index="5" path="5/c174.tif" mask="5/m174.tif"/>
        <level index="6" path="6/c174.tif" mask="6/m174.tif"/>
        <level index="7" path="7/c174.tif" mask="7/m174.tif"/>
        <level index="8" path="8/c174.tif" mask="8/m174.tif"/>
        <level index="9" path="9/c174.tif" mask="9/m174.tif"/>
      </pyramid>
    </image>
    <image id="180">
      <extent>
        <left>2507706.5709417081</left>
        <top>1139163.7536558679</top>
        <right>2507745.8292407696</right>
        <bottom>1139122.5679467749</bottom>
      </extent>
      <center>
        <x>2507727.1097225323</x>
        <y>1139143.5497322425</y>
      </center>
      <pyramid>
        <level index="0" path="0/c180.tif" mask="0/m180.tif"/>
        <level index="1" path="1/c180.tif" mask="1/m180.tif"/>
        <level index="2" path="2/c180.tif" mask="2/m180.tif"/>
        <level index="3" path="3/c180.tif" mask="3/m180.tif"/>
        <level index="4" path="4/c180.tif" mask="4/m180.tif"/>
        <level index="5" path="5/c180.tif" mask="5/m180.tif"/>
        <level index="6" path="6/c180.tif" mask="6/m180.tif"/>
        <level index="7" path="7/c180.tif" mask="7/m180.tif"/>
        <level index="8" path="8/c180.tif" mask="8/m180.tif"/>
        <level index="9" path="9/c180.tif" mask="9/m180.tif"/>
      </pyramid>
    </image>
    <image id="164">
      <extent>
        <left>2507667.8198558129</left>
        <top>1139199.613626716</top>
        <right>2507707.3317614575</right>
        <bottom>1139158.6308028894</bottom>
      </extent>
      <center>
        <x>2507688.3576436732</x>
        <y>1139180.2809454766</y>
      </center>
      <pyramid>
        <level index="0" path="0/c164.tif" mask="0/m164.tif"/>
        <level index="1" path="1/c164.tif" mask="1/m164.tif"/>
        <level index="2" path="2/c164.tif" mask="2/m164.tif"/>
        <level index="3" path="3/c164.tif" mask="3/m164.tif"/>
        <level index="4" path="4/c164.tif" mask="4/m164.tif"/>
        <level index="5" path="5/c164.tif" mask="5/m164.tif"/>
        <level index="6" path="6/c164.tif" mask="6/m164.tif"/>
        <level index="7" path="7/c164.tif" mask="7/m164.tif"/>
        <level index="8" path="8/c164.tif" mask="8/m164.tif"/>
        <level index="9" path="9/c164.tif" mask="9/m164.tif"/>
      </pyramid>
    </image>
    <image id="173">
      <extent>
        <left>2507711.49090942</left>
        <top>1139170.9053615108</top>
        <right>2507750.9013724313</right>
        <bottom>1139129.567488468</bottom>
      </extent>
      <center>
        <x>2507732.6452092491</x>
        <y>1139150.9771701887</y>
      </center>
      <pyramid>
        <level index="0" path="0/c173.tif" mask="0/m173.tif"/>
        <level index="1" path="1/c173.tif" mask="1/m173.tif"/>
        <level index="2" path="2/c173.tif" mask="2/m173.tif"/>
        <level index="3" path="3/c173.tif" mask="3/m173.tif"/>
        <level index="4" path="4/c173.tif" mask="4/m173.tif"/>
        <level index="5" path="5/c173.tif" mask="5/m173.tif"/>
        <level index="6" path="6/c173.tif" mask="6/m173.tif"/>
        <level index="7" path="7/c173.tif" mask="7/m173.tif"/>
        <level index="8" path="8/c173.tif" mask="8/m173.tif"/>
        <level index="9" path="9/c173.tif" mask="9/m173.tif"/>
      </pyramid>
    </image>
    <image id="167">
      <extent>
        <left>2507682.478316315</left>
        <top>1139189.9765765588</top>
        <right>2507721.8380580097</right>
        <bottom>1139148.8415887824</bottom>
      </extent>
      <center>
        <x>2507703.1380585507</x>
        <y>1139170.3754194616</y>
      </center>
      <pyramid>
        <level index="0" path="0/c167.tif" mask="0/m167.tif"/>
        <level index="1" path="1/c167.tif" mask="1/m167.tif"/>
        <level index="2" path="2/c167.tif" mask="2/m167.tif"/>
        <level index="3" path="3/c167.tif" mask="3/m167.tif"/>
        <level index="4" path="4/c167.tif" mask="4/m167.tif"/>
        <level index="5" path="5/c167.tif" mask="5/m167.tif"/>
        <level index="6" path="6/c167.tif" mask="6/m167.tif"/>
        <level index="7" path="7/c167.tif" mask="7/m167.tif"/>
        <level index="8" path="8/c167.tif" mask="8/m167.tif"/>
        <level index="9" path="9/c167.tif" mask="9/m167.tif"/>
      </pyramid>
    </image>
    <image id="166">
      <extent>
        <left>2507677.4061846533</left>
        <top>1139193.2734621388</top>
        <right>2507717.019532931</right>
        <bottom>1139152.189195679</bottom>
      </extent>
      <center>
        <x>2507698.1748273335</x>
        <y>1139173.6782417411</y>
      </center>
      <pyramid>
        <level index="0" path="0/c166.tif" mask="0/m166.tif"/>
        <level index="1" path="1/c166.tif" mask="1/m166.tif"/>
        <level index="2" path="2/c166.tif" mask="2/m166.tif"/>
        <level index="3" path="3/c166.tif" mask="3/m166.tif"/>
        <level index="4" path="4/c166.tif" mask="4/m166.tif"/>
        <level index="5" path="5/c166.tif" mask="5/m166.tif"/>
        <level index="6" path="6/c166.tif" mask="6/m166.tif"/>
        <level index="7" path="7/c166.tif" mask="7/m166.tif"/>
        <level index="8" path="8/c166.tif" mask="8/m166.tif"/>
        <level index="9" path="9/c166.tif" mask="9/m166.tif"/>
      </pyramid>
    </image>
  </images>
</orthomosaic>
