<?xml version="1.0" encoding="UTF-8"?>
<elevation version="1.2.0">
  <params>
    <crs>PROJCS["CH1903+ / LV95",GEOGCS["CH1903+",DATUM["CH1903+",SPHEROID["Bessel 1841",6377397.155,299.1528128,AUTHORITY["EPSG","7004"]],TOWGS84[674.374,15.056,405.346,0,0,0,0],AUTHORITY["EPSG","6150"]],PRIMEM["Greenwich",0,AUTHORITY["EPSG","8901"]],UNIT["degree",0.01745329251994328,AUTHORITY["EPSG","9102"]],AUTHORITY["EPSG","4150"]],PROJECTION["Oblique_Mercator",AUTHORITY["EPSG","9815"]],PARAMETER["latitude_of_center",46.95240555555561],PARAMETER["longitude_of_center",7.439583333333329],PARAMETER["azimuth",90],PARAMETER["recitified_grid_angle",90],PARAMETER["scale_factor",1],PARAMETER["false_easting",2600000],PARAMETER["false_northing",1200000],UNIT["metre",1,AUTHORITY["EPSG","9001"]],AUTHORITY["EPSG","2056"]]</crs>
    <extent>
      <left>2507553.7985737864</left>
      <top>1139272.0076836867</top>
      <right>2507799.8366081216</right>
      <bottom>1139045.9786112718</bottom>
    </extent>
    <dimensions>
      <width>4771</width>
      <height>4383</height>
      <tileWidth>4096</tileWidth>
      <tileHeight>4096</tileHeight>
    </dimensions>
    <levelCount>10</levelCount>
    <tileLevelCount>5</tileLevelCount>
    <nodataValue>-32767</nodataValue>
    <minValue>410.028992</minValue>
    <maxValue>435.483215</maxValue>
  </params>
  <tiles>
    <tile x="0" y="0">
      <path>tile-0-0.tif</path>
    </tile>
    <tile x="0" y="0" level="5">
      <path>tile-l5-0-0.tif</path>
    </tile>
  </tiles>
  <meta>
    <property name="BuildDem/classes" value=""/>
    <property name="BuildDem/duration" value="10.124"/>
    <property name="BuildDem/flip_x" value="false"/>
    <property name="BuildDem/flip_y" value="false"/>
    <property name="BuildDem/flip_z" value="false"/>
    <property name="BuildDem/interpolation" value="1"/>
    <property name="BuildDem/max_workgroup_size" value="100"/>
    <property name="BuildDem/ram_used" value="267079680"/>
    <property name="BuildDem/resolution" value="0.0515671437562223"/>
    <property name="BuildDem/source_data" value="1"/>
    <property name="BuildDem/subdivide_task" value="true"/>
    <property name="BuildDem/workitem_size_tiles" value="10"/>
    <property name="BuildDepthMaps/cameras" value=""/>
    <property name="BuildDepthMaps/downscale" value="1"/>
    <property name="BuildDepthMaps/duration" value="55.491"/>
    <property name="BuildDepthMaps/filter_mode" value="0"/>
    <property name="BuildDepthMaps/max_neighbors" value="-1"/>
    <property name="BuildDepthMaps/max_workgroup_size" value="100"/>
    <property name="BuildDepthMaps/ram_used" value="145162240"/>
    <property name="BuildDepthMaps/reuse_depth" value="false"/>
    <property name="BuildDepthMaps/subdivide_task" value="true"/>
    <property name="BuildDepthMaps/workitem_size_cameras" value="20"/>
    <property name="Info/LastSavedDateTime" value="2022:01:12 10:53:53"/>
    <property name="Info/LastSavedSoftwareVersion" value="1.7.2.12070"/>
    <property name="Info/OriginalDateTime" value="2022:01:12 10:53:53"/>
    <property name="Info/OriginalSoftwareVersion" value="1.7.2.12070"/>
  </meta>
</elevation>
