<?xml version="1.0" encoding="UTF-8"?>
<orthomosaic version="1.2.0">
  <images level_count="10">
    <image id="202">
      <extent>
        <left>2507611.620679575</left>
        <top>1139215.4912123843</top>
        <right>2507650.016865903</right>
        <bottom>1139175.6241021415</bottom>
      </extent>
      <center>
        <x>2507630.7903355863</x>
        <y>1139196.4487977379</y>
      </center>
      <pyramid>
        <level index="0" path="0/c202.tif" mask="0/m202.tif"/>
        <level index="1" path="1/c202.tif" mask="1/m202.tif"/>
        <level index="2" path="2/c202.tif" mask="2/m202.tif"/>
        <level index="3" path="3/c202.tif" mask="3/m202.tif"/>
        <level index="4" path="4/c202.tif" mask="4/m202.tif"/>
        <level index="5" path="5/c202.tif" mask="5/m202.tif"/>
        <level index="6" path="6/c202.tif" mask="6/m202.tif"/>
        <level index="7" path="7/c202.tif" mask="7/m202.tif"/>
        <level index="8" path="8/c202.tif" mask="8/m202.tif"/>
        <level index="9" path="9/c202.tif" mask="9/m202.tif"/>
      </pyramid>
    </image>
    <image id="201">
      <extent>
        <left>2507612.1786162322</left>
        <top>1139216.0998705558</top>
        <right>2507650.5748025603</right>
        <bottom>1139176.232760313</bottom>
      </extent>
      <center>
        <x>2507631.3913501222</x>
        <y>1139197.0818564417</y>
      </center>
      <pyramid>
        <level index="0" path="0/c201.tif" mask="0/m201.tif"/>
        <level index="1" path="1/c201.tif" mask="1/m201.tif"/>
        <level index="2" path="2/c201.tif" mask="2/m201.tif"/>
        <level index="3" path="3/c201.tif" mask="3/m201.tif"/>
        <level index="4" path="4/c201.tif" mask="4/m201.tif"/>
        <level index="5" path="5/c201.tif" mask="5/m201.tif"/>
        <level index="6" path="6/c201.tif" mask="6/m201.tif"/>
        <level index="7" path="7/c201.tif" mask="7/m201.tif"/>
        <level index="8" path="8/c201.tif" mask="8/m201.tif"/>
        <level index="9" path="9/c201.tif" mask="9/m201.tif"/>
      </pyramid>
    </image>
    <image id="192">
      <extent>
        <left>2507648.5966635025</left>
        <top>1139202.7093907797</top>
        <right>2507687.3479004307</right>
        <bottom>1139162.3350653939</bottom>
      </extent>
      <center>
        <x>2507668.2096682284</x>
        <y>1139183.3765545937</y>
      </center>
      <pyramid>
        <level index="0" path="0/c192.tif" mask="0/m192.tif"/>
        <level index="1" path="1/c192.tif" mask="1/m192.tif"/>
        <level index="2" path="2/c192.tif" mask="2/m192.tif"/>
        <level index="3" path="3/c192.tif" mask="3/m192.tif"/>
        <level index="4" path="4/c192.tif" mask="4/m192.tif"/>
        <level index="5" path="5/c192.tif" mask="5/m192.tif"/>
        <level index="6" path="6/c192.tif" mask="6/m192.tif"/>
        <level index="7" path="7/c192.tif" mask="7/m192.tif"/>
        <level index="8" path="8/c192.tif" mask="8/m192.tif"/>
        <level index="9" path="9/c192.tif" mask="9/m192.tif"/>
      </pyramid>
    </image>
    <image id="200">
      <extent>
        <left>2507615.5262361765</left>
        <top>1139220.4111992717</top>
        <right>2507654.0745870476</right>
        <bottom>1139180.391924486</bottom>
      </extent>
      <center>
        <x>2507634.8935902696</x>
        <y>1139201.7297499296</y>
      </center>
      <pyramid>
        <level index="0" path="0/c200.tif" mask="0/m200.tif"/>
        <level index="1" path="1/c200.tif" mask="1/m200.tif"/>
        <level index="2" path="2/c200.tif" mask="2/m200.tif"/>
        <level index="3" path="3/c200.tif" mask="3/m200.tif"/>
        <level index="4" path="4/c200.tif" mask="4/m200.tif"/>
        <level index="5" path="5/c200.tif" mask="5/m200.tif"/>
        <level index="6" path="6/c200.tif" mask="6/m200.tif"/>
        <level index="7" path="7/c200.tif" mask="7/m200.tif"/>
        <level index="8" path="8/c200.tif" mask="8/m200.tif"/>
        <level index="9" path="9/c200.tif" mask="9/m200.tif"/>
      </pyramid>
    </image>
    <image id="194">
      <extent>
        <left>2507638.8581327563</left>
        <top>1139209.3539091535</top>
        <right>2507677.8122557416</right>
        <bottom>1139169.1317483105</bottom>
      </extent>
      <center>
        <x>2507658.4132648185</x>
        <y>1139190.2194453429</y>
      </center>
      <pyramid>
        <level index="0" path="0/c194.tif" mask="0/m194.tif"/>
        <level index="1" path="1/c194.tif" mask="1/m194.tif"/>
        <level index="2" path="2/c194.tif" mask="2/m194.tif"/>
        <level index="3" path="3/c194.tif" mask="3/m194.tif"/>
        <level index="4" path="4/c194.tif" mask="4/m194.tif"/>
        <level index="5" path="5/c194.tif" mask="5/m194.tif"/>
        <level index="6" path="6/c194.tif" mask="6/m194.tif"/>
        <level index="7" path="7/c194.tif" mask="7/m194.tif"/>
        <level index="8" path="8/c194.tif" mask="8/m194.tif"/>
        <level index="9" path="9/c194.tif" mask="9/m194.tif"/>
      </pyramid>
    </image>
    <image id="199">
      <extent>
        <left>2507618.0623118919</left>
        <top>1139223.80954073</top>
        <right>2507656.8135488201</right>
        <bottom>1139183.9424304871</bottom>
      </extent>
      <center>
        <x>2507637.2329547647</x>
        <y>1139205.2260532943</y>
      </center>
      <pyramid>
        <level index="0" path="0/c199.tif" mask="0/m199.tif"/>
        <level index="1" path="1/c199.tif" mask="1/m199.tif"/>
        <level index="2" path="2/c199.tif" mask="2/m199.tif"/>
        <level index="3" path="3/c199.tif" mask="3/m199.tif"/>
        <level index="4" path="4/c199.tif" mask="4/m199.tif"/>
        <level index="5" path="5/c199.tif" mask="5/m199.tif"/>
        <level index="6" path="6/c199.tif" mask="6/m199.tif"/>
        <level index="7" path="7/c199.tif" mask="7/m199.tif"/>
        <level index="8" path="8/c199.tif" mask="8/m199.tif"/>
        <level index="9" path="9/c199.tif" mask="9/m199.tif"/>
      </pyramid>
    </image>
    <image id="196">
      <extent>
        <left>2507629.3732095817</left>
        <top>1139215.9984275273</top>
        <right>2507668.0737249954</right>
        <bottom>1139175.9791527416</bottom>
      </extent>
      <center>
        <x>2507648.5503494591</x>
        <y>1139197.2186765929</y>
      </center>
      <pyramid>
        <level index="0" path="0/c196.tif" mask="0/m196.tif"/>
        <level index="1" path="1/c196.tif" mask="1/m196.tif"/>
        <level index="2" path="2/c196.tif" mask="2/m196.tif"/>
        <level index="3" path="3/c196.tif" mask="3/m196.tif"/>
        <level index="4" path="4/c196.tif" mask="4/m196.tif"/>
        <level index="5" path="5/c196.tif" mask="5/m196.tif"/>
        <level index="6" path="6/c196.tif" mask="6/m196.tif"/>
        <level index="7" path="7/c196.tif" mask="7/m196.tif"/>
        <level index="8" path="8/c196.tif" mask="8/m196.tif"/>
        <level index="9" path="9/c196.tif" mask="9/m196.tif"/>
      </pyramid>
    </image>
    <image id="189">
      <extent>
        <left>2507663.153738108</left>
        <top>1139192.8186954905</top>
        <right>2507702.0064180647</right>
        <bottom>1139152.3429270759</bottom>
      </extent>
      <center>
        <x>2507683.0073037669</x>
        <y>1139173.1675961034</y>
      </center>
      <pyramid>
        <level index="0" path="0/c189.tif" mask="0/m189.tif"/>
        <level index="1" path="1/c189.tif" mask="1/m189.tif"/>
        <level index="2" path="2/c189.tif" mask="2/m189.tif"/>
        <level index="3" path="3/c189.tif" mask="3/m189.tif"/>
        <level index="4" path="4/c189.tif" mask="4/m189.tif"/>
        <level index="5" path="5/c189.tif" mask="5/m189.tif"/>
        <level index="6" path="6/c189.tif" mask="6/m189.tif"/>
        <level index="7" path="7/c189.tif" mask="7/m189.tif"/>
        <level index="8" path="8/c189.tif" mask="8/m189.tif"/>
        <level index="9" path="9/c189.tif" mask="9/m189.tif"/>
      </pyramid>
    </image>
    <image id="186">
      <extent>
        <left>2507677.55864817</left>
        <top>1139183.0801647441</top>
        <right>2507716.5634926697</right>
        <bottom>1139142.4015102724</bottom>
      </extent>
      <center>
        <x>2507697.6645337511</x>
        <y>1139163.1378245852</y>
      </center>
      <pyramid>
        <level index="0" path="0/c186.tif" mask="0/m186.tif"/>
        <level index="1" path="1/c186.tif" mask="1/m186.tif"/>
        <level index="2" path="2/c186.tif" mask="2/m186.tif"/>
        <level index="3" path="3/c186.tif" mask="3/m186.tif"/>
        <level index="4" path="4/c186.tif" mask="4/m186.tif"/>
        <level index="5" path="5/c186.tif" mask="5/m186.tif"/>
        <level index="6" path="6/c186.tif" mask="6/m186.tif"/>
        <level index="7" path="7/c186.tif" mask="7/m186.tif"/>
        <level index="8" path="8/c186.tif" mask="8/m186.tif"/>
        <level index="9" path="9/c186.tif" mask="9/m186.tif"/>
      </pyramid>
    </image>
    <image id="190">
      <extent>
        <left>2507658.2844727347</left>
        <top>1139196.064872406</top>
        <right>2507697.2385957199</right>
        <bottom>1139155.6398255057</bottom>
      </extent>
      <center>
        <x>2507678.1510320939</x>
        <y>1139176.5790795158</y>
      </center>
      <pyramid>
        <level index="0" path="0/c190.tif" mask="0/m190.tif"/>
        <level index="1" path="1/c190.tif" mask="1/m190.tif"/>
        <level index="2" path="2/c190.tif" mask="2/m190.tif"/>
        <level index="3" path="3/c190.tif" mask="3/m190.tif"/>
        <level index="4" path="4/c190.tif" mask="4/m190.tif"/>
        <level index="5" path="5/c190.tif" mask="5/m190.tif"/>
        <level index="6" path="6/c190.tif" mask="6/m190.tif"/>
        <level index="7" path="7/c190.tif" mask="7/m190.tif"/>
        <level index="8" path="8/c190.tif" mask="8/m190.tif"/>
        <level index="9" path="9/c190.tif" mask="9/m190.tif"/>
      </pyramid>
    </image>
    <image id="185">
      <extent>
        <left>2507682.3771920288</left>
        <top>1139179.8847093428</top>
        <right>2507721.4327580426</right>
        <bottom>1139139.2567763855</bottom>
      </extent>
      <center>
        <x>2507702.5028448012</x>
        <y>1139159.8347870612</y>
      </center>
      <pyramid>
        <level index="0" path="0/c185.tif" mask="0/m185.tif"/>
        <level index="1" path="1/c185.tif" mask="1/m185.tif"/>
        <level index="2" path="2/c185.tif" mask="2/m185.tif"/>
        <level index="3" path="3/c185.tif" mask="3/m185.tif"/>
        <level index="4" path="4/c185.tif" mask="4/m185.tif"/>
        <level index="5" path="5/c185.tif" mask="5/m185.tif"/>
        <level index="6" path="6/c185.tif" mask="6/m185.tif"/>
        <level index="7" path="7/c185.tif" mask="7/m185.tif"/>
        <level index="8" path="8/c185.tif" mask="8/m185.tif"/>
        <level index="9" path="9/c185.tif" mask="9/m185.tif"/>
      </pyramid>
    </image>
    <image id="184">
      <extent>
        <left>2507687.0942928591</left>
        <top>1139176.7399754561</top>
        <right>2507726.2513019019</right>
        <bottom>1139136.0105994702</bottom>
      </extent>
      <center>
        <x>2507707.4050463252</x>
        <y>1139156.5765592474</y>
      </center>
      <pyramid>
        <level index="0" path="0/c184.tif" mask="0/m184.tif"/>
        <level index="1" path="1/c184.tif" mask="1/m184.tif"/>
        <level index="2" path="2/c184.tif" mask="2/m184.tif"/>
        <level index="3" path="3/c184.tif" mask="3/m184.tif"/>
        <level index="4" path="4/c184.tif" mask="4/m184.tif"/>
        <level index="5" path="5/c184.tif" mask="5/m184.tif"/>
        <level index="6" path="6/c184.tif" mask="6/m184.tif"/>
        <level index="7" path="7/c184.tif" mask="7/m184.tif"/>
        <level index="8" path="8/c184.tif" mask="8/m184.tif"/>
        <level index="9" path="9/c184.tif" mask="9/m184.tif"/>
      </pyramid>
    </image>
    <image id="198">
      <extent>
        <left>2507619.5332358065</left>
        <top>1139222.7443889298</top>
        <right>2507658.1323081916</right>
        <bottom>1139183.0801647443</bottom>
      </extent>
      <center>
        <x>2507638.3172948062</x>
        <y>1139204.4868898976</y>
      </center>
      <pyramid>
        <level index="0" path="0/c198.tif" mask="0/m198.tif"/>
        <level index="1" path="1/c198.tif" mask="1/m198.tif"/>
        <level index="2" path="2/c198.tif" mask="2/m198.tif"/>
        <level index="3" path="3/c198.tif" mask="3/m198.tif"/>
        <level index="4" path="4/c198.tif" mask="4/m198.tif"/>
        <level index="5" path="5/c198.tif" mask="5/m198.tif"/>
        <level index="6" path="6/c198.tif" mask="6/m198.tif"/>
        <level index="7" path="7/c198.tif" mask="7/m198.tif"/>
        <level index="8" path="8/c198.tif" mask="8/m198.tif"/>
        <level index="9" path="9/c198.tif" mask="9/m198.tif"/>
      </pyramid>
    </image>
    <image id="191">
      <extent>
        <left>2507653.4659288758</left>
        <top>1139199.41249235</top>
        <right>2507692.3186088325</right>
        <bottom>1139158.9874454497</bottom>
      </extent>
      <center>
        <x>2507673.1641456224</x>
        <y>1139180.0196179415</y>
      </center>
      <pyramid>
        <level index="0" path="0/c191.tif" mask="0/m191.tif"/>
        <level index="1" path="1/c191.tif" mask="1/m191.tif"/>
        <level index="2" path="2/c191.tif" mask="2/m191.tif"/>
        <level index="3" path="3/c191.tif" mask="3/m191.tif"/>
        <level index="4" path="4/c191.tif" mask="4/m191.tif"/>
        <level index="5" path="5/c191.tif" mask="5/m191.tif"/>
        <level index="6" path="6/c191.tif" mask="6/m191.tif"/>
        <level index="7" path="7/c191.tif" mask="7/m191.tif"/>
        <level index="8" path="8/c191.tif" mask="8/m191.tif"/>
        <level index="9" path="9/c191.tif" mask="9/m191.tif"/>
      </pyramid>
    </image>
    <image id="193">
      <extent>
        <left>2507643.7273981296</left>
        <top>1139206.0062892095</top>
        <right>2507682.6307996009</right>
        <bottom>1139165.7334068522</bottom>
      </extent>
      <center>
        <x>2507663.3145477977</x>
        <y>1139186.7146297079</y>
      </center>
      <pyramid>
        <level index="0" path="0/c193.tif" mask="0/m193.tif"/>
        <level index="1" path="1/c193.tif" mask="1/m193.tif"/>
        <level index="2" path="2/c193.tif" mask="2/m193.tif"/>
        <level index="3" path="3/c193.tif" mask="3/m193.tif"/>
        <level index="4" path="4/c193.tif" mask="4/m193.tif"/>
        <level index="5" path="5/c193.tif" mask="5/m193.tif"/>
        <level index="6" path="6/c193.tif" mask="6/m193.tif"/>
        <level index="7" path="7/c193.tif" mask="7/m193.tif"/>
        <level index="8" path="8/c193.tif" mask="8/m193.tif"/>
        <level index="9" path="9/c193.tif" mask="9/m193.tif"/>
      </pyramid>
    </image>
    <image id="187">
      <extent>
        <left>2507672.5879397686</left>
        <top>1139186.3263416595</top>
        <right>2507711.6435057824</right>
        <bottom>1139145.7491302164</bottom>
      </extent>
      <center>
        <x>2507692.7043341212</x>
        <y>1139166.4840018037</y>
      </center>
      <pyramid>
        <level index="0" path="0/c187.tif" mask="0/m187.tif"/>
        <level index="1" path="1/c187.tif" mask="1/m187.tif"/>
        <level index="2" path="2/c187.tif" mask="2/m187.tif"/>
        <level index="3" path="3/c187.tif" mask="3/m187.tif"/>
        <level index="4" path="4/c187.tif" mask="4/m187.tif"/>
        <level index="5" path="5/c187.tif" mask="5/m187.tif"/>
        <level index="6" path="6/c187.tif" mask="6/m187.tif"/>
        <level index="7" path="7/c187.tif" mask="7/m187.tif"/>
        <level index="8" path="8/c187.tif" mask="8/m187.tif"/>
        <level index="9" path="9/c187.tif" mask="9/m187.tif"/>
      </pyramid>
    </image>
    <image id="197">
      <extent>
        <left>2507624.0474505797</left>
        <top>1139219.9039841287</top>
        <right>2507662.9508520509</right>
        <bottom>1139179.6311017715</bottom>
      </extent>
      <center>
        <x>2507643.1994551476</x>
        <y>1139200.9777951764</y>
      </center>
      <pyramid>
        <level index="0" path="0/c197.tif" mask="0/m197.tif"/>
        <level index="1" path="1/c197.tif" mask="1/m197.tif"/>
        <level index="2" path="2/c197.tif" mask="2/m197.tif"/>
        <level index="3" path="3/c197.tif" mask="3/m197.tif"/>
        <level index="4" path="4/c197.tif" mask="4/m197.tif"/>
        <level index="5" path="5/c197.tif" mask="5/m197.tif"/>
        <level index="6" path="6/c197.tif" mask="6/m197.tif"/>
        <level index="7" path="7/c197.tif" mask="7/m197.tif"/>
        <level index="8" path="8/c197.tif" mask="8/m197.tif"/>
        <level index="9" path="9/c197.tif" mask="9/m197.tif"/>
      </pyramid>
    </image>
    <image id="195">
      <extent>
        <left>2507634.0903104115</left>
        <top>1139212.7015290975</top>
        <right>2507672.9429903682</right>
        <bottom>1139172.5300897688</bottom>
      </extent>
      <center>
        <x>2507653.5698072501</x>
        <y>1139193.687241731</y>
      </center>
      <pyramid>
        <level index="0" path="0/c195.tif" mask="0/m195.tif"/>
        <level index="1" path="1/c195.tif" mask="1/m195.tif"/>
        <level index="2" path="2/c195.tif" mask="2/m195.tif"/>
        <level index="3" path="3/c195.tif" mask="3/m195.tif"/>
        <level index="4" path="4/c195.tif" mask="4/m195.tif"/>
        <level index="5" path="5/c195.tif" mask="5/m195.tif"/>
        <level index="6" path="6/c195.tif" mask="6/m195.tif"/>
        <level index="7" path="7/c195.tif" mask="7/m195.tif"/>
        <level index="8" path="8/c195.tif" mask="8/m195.tif"/>
        <level index="9" path="9/c195.tif" mask="9/m195.tif"/>
      </pyramid>
    </image>
    <image id="183">
      <extent>
        <left>2507691.9635582324</left>
        <top>1139173.4937985407</top>
        <right>2507731.1712887892</right>
        <bottom>1139132.4600934689</bottom>
      </extent>
      <center>
        <x>2507712.4105203319</x>
        <y>1139153.2123282074</y>
      </center>
      <pyramid>
        <level index="0" path="0/c183.tif" mask="0/m183.tif"/>
        <level index="1" path="1/c183.tif" mask="1/m183.tif"/>
        <level index="2" path="2/c183.tif" mask="2/m183.tif"/>
        <level index="3" path="3/c183.tif" mask="3/m183.tif"/>
        <level index="4" path="4/c183.tif" mask="4/m183.tif"/>
        <level index="5" path="5/c183.tif" mask="5/m183.tif"/>
        <level index="6" path="6/c183.tif" mask="6/m183.tif"/>
        <level index="7" path="7/c183.tif" mask="7/m183.tif"/>
        <level index="8" path="8/c183.tif" mask="8/m183.tif"/>
        <level index="9" path="9/c183.tif" mask="9/m183.tif"/>
      </pyramid>
    </image>
    <image id="188">
      <extent>
        <left>2507667.8708389383</left>
        <top>1139189.4710755465</top>
        <right>2507706.8249619235</right>
        <bottom>1139148.9445856176</bottom>
      </extent>
      <center>
        <x>2507687.7868259456</x>
        <y>1139169.8209890395</y>
      </center>
      <pyramid>
        <level index="0" path="0/c188.tif" mask="0/m188.tif"/>
        <level index="1" path="1/c188.tif" mask="1/m188.tif"/>
        <level index="2" path="2/c188.tif" mask="2/m188.tif"/>
        <level index="3" path="3/c188.tif" mask="3/m188.tif"/>
        <level index="4" path="4/c188.tif" mask="4/m188.tif"/>
        <level index="5" path="5/c188.tif" mask="5/m188.tif"/>
        <level index="6" path="6/c188.tif" mask="6/m188.tif"/>
        <level index="7" path="7/c188.tif" mask="7/m188.tif"/>
        <level index="8" path="8/c188.tif" mask="8/m188.tif"/>
        <level index="9" path="9/c188.tif" mask="9/m188.tif"/>
      </pyramid>
    </image>
  </images>
</orthomosaic>
