<?xml version="1.0" encoding="UTF-8"?>
<orthomosaic version="1.2.0">
  <images level_count="10">
    <image id="109">
      <extent>
        <left>2507582.5066012628</left>
        <top>1139178.4628376868</top>
        <right>2507622.1199495406</right>
        <bottom>1139137.2771285938</bottom>
      </extent>
      <center>
        <x>2507602.7470677271</x>
        <y>1139158.8244558261</y>
      </center>
      <pyramid>
        <level index="0" path="0/c109.tif" mask="0/m109.tif"/>
        <level index="1" path="1/c109.tif" mask="1/m109.tif"/>
        <level index="2" path="2/c109.tif" mask="2/m109.tif"/>
        <level index="3" path="3/c109.tif" mask="3/m109.tif"/>
        <level index="4" path="4/c109.tif" mask="4/m109.tif"/>
        <level index="5" path="5/c109.tif" mask="5/m109.tif"/>
        <level index="6" path="6/c109.tif" mask="6/m109.tif"/>
        <level index="7" path="7/c109.tif" mask="7/m109.tif"/>
        <level index="8" path="8/c109.tif" mask="8/m109.tif"/>
        <level index="9" path="9/c109.tif" mask="9/m109.tif"/>
      </pyramid>
    </image>
    <image id="117">
      <extent>
        <left>2507623.9459169391</left>
        <top>1139150.363228281</top>
        <right>2507663.0013307342</right>
        <bottom>1139109.5325684045</bottom>
      </extent>
      <center>
        <x>2507643.6332400125</x>
        <y>1139130.03878833</y>
      </center>
      <pyramid>
        <level index="0" path="0/c117.tif" mask="0/m117.tif"/>
        <level index="1" path="1/c117.tif" mask="1/m117.tif"/>
        <level index="2" path="2/c117.tif" mask="2/m117.tif"/>
        <level index="3" path="3/c117.tif" mask="3/m117.tif"/>
        <level index="4" path="4/c117.tif" mask="4/m117.tif"/>
        <level index="5" path="5/c117.tif" mask="5/m117.tif"/>
        <level index="6" path="6/c117.tif" mask="6/m117.tif"/>
        <level index="7" path="7/c117.tif" mask="7/m117.tif"/>
        <level index="8" path="8/c117.tif" mask="8/m117.tif"/>
        <level index="9" path="9/c117.tif" mask="9/m117.tif"/>
      </pyramid>
    </image>
    <image id="118">
      <extent>
        <left>2507628.9166059676</left>
        <top>1139146.660572168</top>
        <right>2507667.7184131797</right>
        <bottom>1139106.134240191</bottom>
      </extent>
      <center>
        <x>2507648.7131492868</x>
        <y>1139126.5907436972</y>
      </center>
      <pyramid>
        <level index="0" path="0/c118.tif" mask="0/m118.tif"/>
        <level index="1" path="1/c118.tif" mask="1/m118.tif"/>
        <level index="2" path="2/c118.tif" mask="2/m118.tif"/>
        <level index="3" path="3/c118.tif" mask="3/m118.tif"/>
        <level index="4" path="4/c118.tif" mask="4/m118.tif"/>
        <level index="5" path="5/c118.tif" mask="5/m118.tif"/>
        <level index="6" path="6/c118.tif" mask="6/m118.tif"/>
        <level index="7" path="7/c118.tif" mask="7/m118.tif"/>
        <level index="8" path="8/c118.tif" mask="8/m118.tif"/>
        <level index="9" path="9/c118.tif" mask="9/m118.tif"/>
      </pyramid>
    </image>
    <image id="110">
      <extent>
        <left>2507588.5424379404</left>
        <top>1139174.2022470909</top>
        <right>2507628.1050649015</right>
        <bottom>1139133.6251937973</bottom>
      </extent>
      <center>
        <x>2507608.4251439814</x>
        <y>1139154.6118950872</y>
      </center>
      <pyramid>
        <level index="0" path="0/c110.tif" mask="0/m110.tif"/>
        <level index="1" path="1/c110.tif" mask="1/m110.tif"/>
        <level index="2" path="2/c110.tif" mask="2/m110.tif"/>
        <level index="3" path="3/c110.tif" mask="3/m110.tif"/>
        <level index="4" path="4/c110.tif" mask="4/m110.tif"/>
        <level index="5" path="5/c110.tif" mask="5/m110.tif"/>
        <level index="6" path="6/c110.tif" mask="6/m110.tif"/>
        <level index="7" path="7/c110.tif" mask="7/m110.tif"/>
        <level index="8" path="8/c110.tif" mask="8/m110.tif"/>
        <level index="9" path="9/c110.tif" mask="9/m110.tif"/>
      </pyramid>
    </image>
    <image id="112">
      <extent>
        <left>2507598.534537314</left>
        <top>1139167.456311981</top>
        <right>2507637.6406724257</right>
        <bottom>1139126.8792586874</bottom>
      </extent>
      <center>
        <x>2507618.1986241471</x>
        <y>1139147.6433134861</y>
      </center>
      <pyramid>
        <level index="0" path="0/c112.tif" mask="0/m112.tif"/>
        <level index="1" path="1/c112.tif" mask="1/m112.tif"/>
        <level index="2" path="2/c112.tif" mask="2/m112.tif"/>
        <level index="3" path="3/c112.tif" mask="3/m112.tif"/>
        <level index="4" path="4/c112.tif" mask="4/m112.tif"/>
        <level index="5" path="5/c112.tif" mask="5/m112.tif"/>
        <level index="6" path="6/c112.tif" mask="6/m112.tif"/>
        <level index="7" path="7/c112.tif" mask="7/m112.tif"/>
        <level index="8" path="8/c112.tif" mask="8/m112.tif"/>
        <level index="9" path="9/c112.tif" mask="9/m112.tif"/>
      </pyramid>
    </image>
    <image id="108">
      <extent>
        <left>2507582.5066012628</left>
        <top>1139178.0063458371</top>
        <right>2507621.2069658418</right>
        <bottom>1139137.1249646437</bottom>
      </extent>
      <center>
        <x>2507601.7375661843</x>
        <y>1139158.4655684186</y>
      </center>
      <pyramid>
        <level index="0" path="0/c108.tif" mask="0/m108.tif"/>
        <level index="1" path="1/c108.tif" mask="1/m108.tif"/>
        <level index="2" path="2/c108.tif" mask="2/m108.tif"/>
        <level index="3" path="3/c108.tif" mask="3/m108.tif"/>
        <level index="4" path="4/c108.tif" mask="4/m108.tif"/>
        <level index="5" path="5/c108.tif" mask="5/m108.tif"/>
        <level index="6" path="6/c108.tif" mask="6/m108.tif"/>
        <level index="7" path="7/c108.tif" mask="7/m108.tif"/>
        <level index="8" path="8/c108.tif" mask="8/m108.tif"/>
        <level index="9" path="9/c108.tif" mask="9/m108.tif"/>
      </pyramid>
    </image>
    <image id="114">
      <extent>
        <left>2507608.8816859038</left>
        <top>1139160.4567702878</top>
        <right>2507647.8356570657</right>
        <bottom>1139119.778274361</bottom>
      </extent>
      <center>
        <x>2507628.5664759632</x>
        <y>1139140.2886818079</y>
      </center>
      <pyramid>
        <level index="0" path="0/c114.tif" mask="0/m114.tif"/>
        <level index="1" path="1/c114.tif" mask="1/m114.tif"/>
        <level index="2" path="2/c114.tif" mask="2/m114.tif"/>
        <level index="3" path="3/c114.tif" mask="3/m114.tif"/>
        <level index="4" path="4/c114.tif" mask="4/m114.tif"/>
        <level index="5" path="5/c114.tif" mask="5/m114.tif"/>
        <level index="6" path="6/c114.tif" mask="6/m114.tif"/>
        <level index="7" path="7/c114.tif" mask="7/m114.tif"/>
        <level index="8" path="8/c114.tif" mask="8/m114.tif"/>
        <level index="9" path="9/c114.tif" mask="9/m114.tif"/>
      </pyramid>
    </image>
    <image id="116">
      <extent>
        <left>2507618.8737852774</left>
        <top>1139153.4572285945</top>
        <right>2507657.8277564393</right>
        <bottom>1139112.8294539843</bottom>
      </extent>
      <center>
        <x>2507638.6685816776</x>
        <y>1139133.5068664078</y>
      </center>
      <pyramid>
        <level index="0" path="0/c116.tif" mask="0/m116.tif"/>
        <level index="1" path="1/c116.tif" mask="1/m116.tif"/>
        <level index="2" path="2/c116.tif" mask="2/m116.tif"/>
        <level index="3" path="3/c116.tif" mask="3/m116.tif"/>
        <level index="4" path="4/c116.tif" mask="4/m116.tif"/>
        <level index="5" path="5/c116.tif" mask="5/m116.tif"/>
        <level index="6" path="6/c116.tif" mask="6/m116.tif"/>
        <level index="7" path="7/c116.tif" mask="7/m116.tif"/>
        <level index="8" path="8/c116.tif" mask="8/m116.tif"/>
        <level index="9" path="9/c116.tif" mask="9/m116.tif"/>
      </pyramid>
    </image>
    <image id="107">
      <extent>
        <left>2507585.5498802597</left>
        <top>1139182.6727069661</top>
        <right>2507624.8081793212</right>
        <bottom>1139141.6391618229</bottom>
      </extent>
      <center>
        <x>2507605.3002066389</x>
        <y>1139162.8192773263</y>
      </center>
      <pyramid>
        <level index="0" path="0/c107.tif" mask="0/m107.tif"/>
        <level index="1" path="1/c107.tif" mask="1/m107.tif"/>
        <level index="2" path="2/c107.tif" mask="2/m107.tif"/>
        <level index="3" path="3/c107.tif" mask="3/m107.tif"/>
        <level index="4" path="4/c107.tif" mask="4/m107.tif"/>
        <level index="5" path="5/c107.tif" mask="5/m107.tif"/>
        <level index="6" path="6/c107.tif" mask="6/m107.tif"/>
        <level index="7" path="7/c107.tif" mask="7/m107.tif"/>
        <level index="8" path="8/c107.tif" mask="8/m107.tif"/>
        <level index="9" path="9/c107.tif" mask="9/m107.tif"/>
      </pyramid>
    </image>
    <image id="106">
      <extent>
        <left>2507588.6438805736</left>
        <top>1139185.6652646463</top>
        <right>2507627.9021796351</right>
        <bottom>1139144.8853260863</bottom>
      </extent>
      <center>
        <x>2507607.7436474059</x>
        <y>1139166.1335620694</y>
      </center>
      <pyramid>
        <level index="0" path="0/c106.tif" mask="0/m106.tif"/>
        <level index="1" path="1/c106.tif" mask="1/m106.tif"/>
        <level index="2" path="2/c106.tif" mask="2/m106.tif"/>
        <level index="3" path="3/c106.tif" mask="3/m106.tif"/>
        <level index="4" path="4/c106.tif" mask="4/m106.tif"/>
        <level index="5" path="5/c106.tif" mask="5/m106.tif"/>
        <level index="6" path="6/c106.tif" mask="6/m106.tif"/>
        <level index="7" path="7/c106.tif" mask="7/m106.tif"/>
        <level index="8" path="8/c106.tif" mask="8/m106.tif"/>
        <level index="9" path="9/c106.tif" mask="9/m106.tif"/>
      </pyramid>
    </image>
    <image id="115">
      <extent>
        <left>2507613.192997816</left>
        <top>1139157.2106060241</top>
        <right>2507652.5527395108</right>
        <bottom>1139116.3292248307</bottom>
      </extent>
      <center>
        <x>2507633.2123812009</x>
        <y>1139137.1698808311</y>
      </center>
      <pyramid>
        <level index="0" path="0/c115.tif" mask="0/m115.tif"/>
        <level index="1" path="1/c115.tif" mask="1/m115.tif"/>
        <level index="2" path="2/c115.tif" mask="2/m115.tif"/>
        <level index="3" path="3/c115.tif" mask="3/m115.tif"/>
        <level index="4" path="4/c115.tif" mask="4/m115.tif"/>
        <level index="5" path="5/c115.tif" mask="5/m115.tif"/>
        <level index="6" path="6/c115.tif" mask="6/m115.tif"/>
        <level index="7" path="7/c115.tif" mask="7/m115.tif"/>
        <level index="8" path="8/c115.tif" mask="8/m115.tif"/>
        <level index="9" path="9/c115.tif" mask="9/m115.tif"/>
      </pyramid>
    </image>
    <image id="120">
      <extent>
        <left>2507638.807262708</left>
        <top>1139139.9653583744</top>
        <right>2507677.7612338699</right>
        <bottom>1139099.1346984978</bottom>
      </extent>
      <center>
        <x>2507658.9354978278</x>
        <y>1139119.870125066</y>
      </center>
      <pyramid>
        <level index="0" path="0/c120.tif" mask="0/m120.tif"/>
        <level index="1" path="1/c120.tif" mask="1/m120.tif"/>
        <level index="2" path="2/c120.tif" mask="2/m120.tif"/>
        <level index="3" path="3/c120.tif" mask="3/m120.tif"/>
        <level index="4" path="4/c120.tif" mask="4/m120.tif"/>
        <level index="5" path="5/c120.tif" mask="5/m120.tif"/>
        <level index="6" path="6/c120.tif" mask="6/m120.tif"/>
        <level index="7" path="7/c120.tif" mask="7/m120.tif"/>
        <level index="8" path="8/c120.tif" mask="8/m120.tif"/>
        <level index="9" path="9/c120.tif" mask="9/m120.tif"/>
      </pyramid>
    </image>
    <image id="103">
      <extent>
        <left>2507599.853291546</left>
        <top>1139177.9556245205</top>
        <right>2507639.1623119242</right>
        <bottom>1139137.124964644</bottom>
      </extent>
      <center>
        <x>2507619.0269264132</x>
        <y>1139158.3105884006</y>
      </center>
      <pyramid>
        <level index="0" path="0/c103.tif" mask="0/m103.tif"/>
        <level index="1" path="1/c103.tif" mask="1/m103.tif"/>
        <level index="2" path="2/c103.tif" mask="2/m103.tif"/>
        <level index="3" path="3/c103.tif" mask="3/m103.tif"/>
        <level index="4" path="4/c103.tif" mask="4/m103.tif"/>
        <level index="5" path="5/c103.tif" mask="5/m103.tif"/>
        <level index="6" path="6/c103.tif" mask="6/m103.tif"/>
        <level index="7" path="7/c103.tif" mask="7/m103.tif"/>
        <level index="8" path="8/c103.tif" mask="8/m103.tif"/>
        <level index="9" path="9/c103.tif" mask="9/m103.tif"/>
      </pyramid>
    </image>
    <image id="113">
      <extent>
        <left>2507602.744406593</left>
        <top>1139163.9565411343</top>
        <right>2507642.763525404</right>
        <bottom>1139123.4809304739</bottom>
      </extent>
      <center>
        <x>2507623.24322607</x>
        <y>1139144.1010227764</y>
      </center>
      <pyramid>
        <level index="0" path="0/c113.tif" mask="0/m113.tif"/>
        <level index="1" path="1/c113.tif" mask="1/m113.tif"/>
        <level index="2" path="2/c113.tif" mask="2/m113.tif"/>
        <level index="3" path="3/c113.tif" mask="3/m113.tif"/>
        <level index="4" path="4/c113.tif" mask="4/m113.tif"/>
        <level index="5" path="5/c113.tif" mask="5/m113.tif"/>
        <level index="6" path="6/c113.tif" mask="6/m113.tif"/>
        <level index="7" path="7/c113.tif" mask="7/m113.tif"/>
        <level index="8" path="8/c113.tif" mask="8/m113.tif"/>
        <level index="9" path="9/c113.tif" mask="9/m113.tif"/>
      </pyramid>
    </image>
    <image id="105">
      <extent>
        <left>2507590.0133561222</left>
        <top>1139185.0058875303</top>
        <right>2507629.4238191335</right>
        <bottom>1139144.1245063369</bottom>
      </extent>
      <center>
        <x>2507609.1241309997</x>
        <y>1139165.3041734167</y>
      </center>
      <pyramid>
        <level index="0" path="0/c105.tif" mask="0/m105.tif"/>
        <level index="1" path="1/c105.tif" mask="1/m105.tif"/>
        <level index="2" path="2/c105.tif" mask="2/m105.tif"/>
        <level index="3" path="3/c105.tif" mask="3/m105.tif"/>
        <level index="4" path="4/c105.tif" mask="4/m105.tif"/>
        <level index="5" path="5/c105.tif" mask="5/m105.tif"/>
        <level index="6" path="6/c105.tif" mask="6/m105.tif"/>
        <level index="7" path="7/c105.tif" mask="7/m105.tif"/>
        <level index="8" path="8/c105.tif" mask="8/m105.tif"/>
        <level index="9" path="9/c105.tif" mask="9/m105.tif"/>
      </pyramid>
    </image>
    <image id="104">
      <extent>
        <left>2507594.7811598843</left>
        <top>1139181.607559317</top>
        <right>2507634.394508162</right>
        <bottom>1139140.7261781236</bottom>
      </extent>
      <center>
        <x>2507614.1018311381</x>
        <y>1139161.739928954</y>
      </center>
      <pyramid>
        <level index="0" path="0/c104.tif" mask="0/m104.tif"/>
        <level index="1" path="1/c104.tif" mask="1/m104.tif"/>
        <level index="2" path="2/c104.tif" mask="2/m104.tif"/>
        <level index="3" path="3/c104.tif" mask="3/m104.tif"/>
        <level index="4" path="4/c104.tif" mask="4/m104.tif"/>
        <level index="5" path="5/c104.tif" mask="5/m104.tif"/>
        <level index="6" path="6/c104.tif" mask="6/m104.tif"/>
        <level index="7" path="7/c104.tif" mask="7/m104.tif"/>
        <level index="8" path="8/c104.tif" mask="8/m104.tif"/>
        <level index="9" path="9/c104.tif" mask="9/m104.tif"/>
      </pyramid>
    </image>
    <image id="119">
      <extent>
        <left>2507633.329360513</left>
        <top>1139143.4651292211</top>
        <right>2507672.7398235244</right>
        <bottom>1139102.6344693445</bottom>
      </extent>
      <center>
        <x>2507653.7782528028</x>
        <y>1139123.2049437172</y>
      </center>
      <pyramid>
        <level index="0" path="0/c119.tif" mask="0/m119.tif"/>
        <level index="1" path="1/c119.tif" mask="1/m119.tif"/>
        <level index="2" path="2/c119.tif" mask="2/m119.tif"/>
        <level index="3" path="3/c119.tif" mask="3/m119.tif"/>
        <level index="4" path="4/c119.tif" mask="4/m119.tif"/>
        <level index="5" path="5/c119.tif" mask="5/m119.tif"/>
        <level index="6" path="6/c119.tif" mask="6/m119.tif"/>
        <level index="7" path="7/c119.tif" mask="7/m119.tif"/>
        <level index="8" path="8/c119.tif" mask="8/m119.tif"/>
        <level index="9" path="9/c119.tif" mask="9/m119.tif"/>
      </pyramid>
    </image>
    <image id="111">
      <extent>
        <left>2507592.549421953</left>
        <top>1139170.7024762444</top>
        <right>2507632.7714260304</right>
        <bottom>1139130.1254229508</bottom>
      </extent>
      <center>
        <x>2507613.1349068172</x>
        <y>1139151.1657245187</y>
      </center>
      <pyramid>
        <level index="0" path="0/c111.tif" mask="0/m111.tif"/>
        <level index="1" path="1/c111.tif" mask="1/m111.tif"/>
        <level index="2" path="2/c111.tif" mask="2/m111.tif"/>
        <level index="3" path="3/c111.tif" mask="3/m111.tif"/>
        <level index="4" path="4/c111.tif" mask="4/m111.tif"/>
        <level index="5" path="5/c111.tif" mask="5/m111.tif"/>
        <level index="6" path="6/c111.tif" mask="6/m111.tif"/>
        <level index="7" path="7/c111.tif" mask="7/m111.tif"/>
        <level index="8" path="8/c111.tif" mask="8/m111.tif"/>
        <level index="9" path="9/c111.tif" mask="9/m111.tif"/>
      </pyramid>
    </image>
    <image id="102">
      <extent>
        <left>2507604.3674887246</left>
        <top>1139174.8616242069</top>
        <right>2507644.3358862191</right>
        <bottom>1139133.5237511641</bottom>
      </extent>
      <center>
        <x>2507624.115316717</x>
        <y>1139154.6940019052</y>
      </center>
      <pyramid>
        <level index="0" path="0/c102.tif" mask="0/m102.tif"/>
        <level index="1" path="1/c102.tif" mask="1/m102.tif"/>
        <level index="2" path="2/c102.tif" mask="2/m102.tif"/>
        <level index="3" path="3/c102.tif" mask="3/m102.tif"/>
        <level index="4" path="4/c102.tif" mask="4/m102.tif"/>
        <level index="5" path="5/c102.tif" mask="5/m102.tif"/>
        <level index="6" path="6/c102.tif" mask="6/m102.tif"/>
        <level index="7" path="7/c102.tif" mask="7/m102.tif"/>
        <level index="8" path="8/c102.tif" mask="8/m102.tif"/>
        <level index="9" path="9/c102.tif" mask="9/m102.tif"/>
      </pyramid>
    </image>
    <image id="101">
      <extent>
        <left>2507609.4396203863</left>
        <top>1139171.412574677</top>
        <right>2507649.2051326139</right>
        <bottom>1139130.1254229508</bottom>
      </extent>
      <center>
        <x>2507629.1268978212</x>
        <y>1139151.2240139551</y>
      </center>
      <pyramid>
        <level index="0" path="0/c101.tif" mask="0/m101.tif"/>
        <level index="1" path="1/c101.tif" mask="1/m101.tif"/>
        <level index="2" path="2/c101.tif" mask="2/m101.tif"/>
        <level index="3" path="3/c101.tif" mask="3/m101.tif"/>
        <level index="4" path="4/c101.tif" mask="4/m101.tif"/>
        <level index="5" path="5/c101.tif" mask="5/m101.tif"/>
        <level index="6" path="6/c101.tif" mask="6/m101.tif"/>
        <level index="7" path="7/c101.tif" mask="7/m101.tif"/>
        <level index="8" path="8/c101.tif" mask="8/m101.tif"/>
        <level index="9" path="9/c101.tif" mask="9/m101.tif"/>
      </pyramid>
    </image>
  </images>
</orthomosaic>
