<?xml version="1.0" encoding="UTF-8"?>
<orthomosaic version="1.2.0">
  <images level_count="10">
    <image id="109">
      <extent>
        <left>2507665.7043819893</left>
        <top>1139174.128815447</top>
        <right>2507705.8770224894</right>
        <bottom>1139132.1512424471</bottom>
      </extent>
      <center>
        <x>2507684.9868816026</x>
        <y>1139152.7612328806</y>
      </center>
      <pyramid>
        <level index="0" path="0/c109.tif" mask="0/m109.tif"/>
        <level index="1" path="1/c109.tif" mask="1/m109.tif"/>
        <level index="2" path="2/c109.tif" mask="2/m109.tif"/>
        <level index="3" path="3/c109.tif" mask="3/m109.tif"/>
        <level index="4" path="4/c109.tif" mask="4/m109.tif"/>
        <level index="5" path="5/c109.tif" mask="5/m109.tif"/>
        <level index="6" path="6/c109.tif" mask="6/m109.tif"/>
        <level index="7" path="7/c109.tif" mask="7/m109.tif"/>
        <level index="8" path="8/c109.tif" mask="8/m109.tif"/>
        <level index="9" path="9/c109.tif" mask="9/m109.tif"/>
      </pyramid>
    </image>
    <image id="106">
      <extent>
        <left>2507680.9689539894</left>
        <top>1139164.5368884469</top>
        <right>2507720.9868859896</right>
        <bottom>1139122.817162947</bottom>
      </extent>
      <center>
        <x>2507700.9953656457</x>
        <y>1139143.6407007058</y>
      </center>
      <pyramid>
        <level index="0" path="0/c106.tif" mask="0/m106.tif"/>
        <level index="1" path="1/c106.tif" mask="1/m106.tif"/>
        <level index="2" path="2/c106.tif" mask="2/m106.tif"/>
        <level index="3" path="3/c106.tif" mask="3/m106.tif"/>
        <level index="4" path="4/c106.tif" mask="4/m106.tif"/>
        <level index="5" path="5/c106.tif" mask="5/m106.tif"/>
        <level index="6" path="6/c106.tif" mask="6/m106.tif"/>
        <level index="7" path="7/c106.tif" mask="7/m106.tif"/>
        <level index="8" path="8/c106.tif" mask="8/m106.tif"/>
        <level index="9" path="9/c106.tif" mask="9/m106.tif"/>
      </pyramid>
    </image>
    <image id="122">
      <extent>
        <left>2507605.3164974893</left>
        <top>1139207.2364344469</top>
        <right>2507644.4577479893</right>
        <bottom>1139166.4449599469</bottom>
      </extent>
      <center>
        <x>2507626.4139221665</x>
        <y>1139185.3668616854</y>
      </center>
      <pyramid>
        <level index="0" path="0/c122.tif" mask="0/m122.tif"/>
        <level index="1" path="1/c122.tif" mask="1/m122.tif"/>
        <level index="2" path="2/c122.tif" mask="2/m122.tif"/>
        <level index="3" path="3/c122.tif" mask="3/m122.tif"/>
        <level index="4" path="4/c122.tif" mask="4/m122.tif"/>
        <level index="5" path="5/c122.tif" mask="5/m122.tif"/>
        <level index="6" path="6/c122.tif" mask="6/m122.tif"/>
        <level index="7" path="7/c122.tif" mask="7/m122.tif"/>
        <level index="8" path="8/c122.tif" mask="8/m122.tif"/>
        <level index="9" path="9/c122.tif" mask="9/m122.tif"/>
      </pyramid>
    </image>
    <image id="121">
      <extent>
        <left>2507607.1214299891</left>
        <top>1139209.0413669469</top>
        <right>2507645.746985489</right>
        <bottom>1139169.126573947</bottom>
      </extent>
      <center>
        <x>2507627.873596767</x>
        <y>1139187.7818866484</y>
      </center>
      <pyramid>
        <level index="0" path="0/c121.tif" mask="0/m121.tif"/>
        <level index="1" path="1/c121.tif" mask="1/m121.tif"/>
        <level index="2" path="2/c121.tif" mask="2/m121.tif"/>
        <level index="3" path="3/c121.tif" mask="3/m121.tif"/>
        <level index="4" path="4/c121.tif" mask="4/m121.tif"/>
        <level index="5" path="5/c121.tif" mask="5/m121.tif"/>
        <level index="6" path="6/c121.tif" mask="6/m121.tif"/>
        <level index="7" path="7/c121.tif" mask="7/m121.tif"/>
        <level index="8" path="8/c121.tif" mask="8/m121.tif"/>
        <level index="9" path="9/c121.tif" mask="9/m121.tif"/>
      </pyramid>
    </image>
    <image id="107">
      <extent>
        <left>2507675.6572954892</left>
        <top>1139167.8373364469</top>
        <right>2507715.8299359893</right>
        <bottom>1139125.962902447</bottom>
      </extent>
      <center>
        <x>2507696.4425659403</x>
        <y>1139146.0146926262</y>
      </center>
      <pyramid>
        <level index="0" path="0/c107.tif" mask="0/m107.tif"/>
        <level index="1" path="1/c107.tif" mask="1/m107.tif"/>
        <level index="2" path="2/c107.tif" mask="2/m107.tif"/>
        <level index="3" path="3/c107.tif" mask="3/m107.tif"/>
        <level index="4" path="4/c107.tif" mask="4/m107.tif"/>
        <level index="5" path="5/c107.tif" mask="5/m107.tif"/>
        <level index="6" path="6/c107.tif" mask="6/m107.tif"/>
        <level index="7" path="7/c107.tif" mask="7/m107.tif"/>
        <level index="8" path="8/c107.tif" mask="8/m107.tif"/>
        <level index="9" path="9/c107.tif" mask="9/m107.tif"/>
      </pyramid>
    </image>
    <image id="123">
      <extent>
        <left>2507602.1707579894</left>
        <top>1139201.2028029468</top>
        <right>2507641.2088694894</right>
        <bottom>1139160.7723149469</bottom>
      </extent>
      <center>
        <x>2507623.0641151294</x>
        <y>1139181.3046989038</y>
      </center>
      <pyramid>
        <level index="0" path="0/c123.tif" mask="0/m123.tif"/>
        <level index="1" path="1/c123.tif" mask="1/m123.tif"/>
        <level index="2" path="2/c123.tif" mask="2/m123.tif"/>
        <level index="3" path="3/c123.tif" mask="3/m123.tif"/>
        <level index="4" path="4/c123.tif" mask="4/m123.tif"/>
        <level index="5" path="5/c123.tif" mask="5/m123.tif"/>
        <level index="6" path="6/c123.tif" mask="6/m123.tif"/>
        <level index="7" path="7/c123.tif" mask="7/m123.tif"/>
        <level index="8" path="8/c123.tif" mask="8/m123.tif"/>
        <level index="9" path="9/c123.tif" mask="9/m123.tif"/>
      </pyramid>
    </image>
    <image id="110">
      <extent>
        <left>2507660.2380149895</left>
        <top>1139177.3261244469</top>
        <right>2507700.3590859897</right>
        <bottom>1139135.6063989471</bottom>
      </extent>
      <center>
        <x>2507679.2843827158</x>
        <y>1139156.1263615659</y>
      </center>
      <pyramid>
        <level index="0" path="0/c110.tif" mask="0/m110.tif"/>
        <level index="1" path="1/c110.tif" mask="1/m110.tif"/>
        <level index="2" path="2/c110.tif" mask="2/m110.tif"/>
        <level index="3" path="3/c110.tif" mask="3/m110.tif"/>
        <level index="4" path="4/c110.tif" mask="4/m110.tif"/>
        <level index="5" path="5/c110.tif" mask="5/m110.tif"/>
        <level index="6" path="6/c110.tif" mask="6/m110.tif"/>
        <level index="7" path="7/c110.tif" mask="7/m110.tif"/>
        <level index="8" path="8/c110.tif" mask="8/m110.tif"/>
        <level index="9" path="9/c110.tif" mask="9/m110.tif"/>
      </pyramid>
    </image>
    <image id="117">
      <extent>
        <left>2507625.2223244892</left>
        <top>1139198.4696194469</top>
        <right>2507664.2088664891</right>
        <bottom>1139157.7297144469</bottom>
      </extent>
      <center>
        <x>2507644.2968362868</x>
        <y>1139178.0107849289</y>
      </center>
      <pyramid>
        <level index="0" path="0/c117.tif" mask="0/m117.tif"/>
        <level index="1" path="1/c117.tif" mask="1/m117.tif"/>
        <level index="2" path="2/c117.tif" mask="2/m117.tif"/>
        <level index="3" path="3/c117.tif" mask="3/m117.tif"/>
        <level index="4" path="4/c117.tif" mask="4/m117.tif"/>
        <level index="5" path="5/c117.tif" mask="5/m117.tif"/>
        <level index="6" path="6/c117.tif" mask="6/m117.tif"/>
        <level index="7" path="7/c117.tif" mask="7/m117.tif"/>
        <level index="8" path="8/c117.tif" mask="8/m117.tif"/>
        <level index="9" path="9/c117.tif" mask="9/m117.tif"/>
      </pyramid>
    </image>
    <image id="119">
      <extent>
        <left>2507614.7021464892</left>
        <top>1139205.1220849468</top>
        <right>2507653.6886884891</right>
        <bottom>1139164.1759019468</bottom>
      </extent>
      <center>
        <x>2507635.5366504192</x>
        <y>1139183.2643030148</y>
      </center>
      <pyramid>
        <level index="0" path="0/c119.tif" mask="0/m119.tif"/>
        <level index="1" path="1/c119.tif" mask="1/m119.tif"/>
        <level index="2" path="2/c119.tif" mask="2/m119.tif"/>
        <level index="3" path="3/c119.tif" mask="3/m119.tif"/>
        <level index="4" path="4/c119.tif" mask="4/m119.tif"/>
        <level index="5" path="5/c119.tif" mask="5/m119.tif"/>
        <level index="6" path="6/c119.tif" mask="6/m119.tif"/>
        <level index="7" path="7/c119.tif" mask="7/m119.tif"/>
        <level index="8" path="8/c119.tif" mask="8/m119.tif"/>
        <level index="9" path="9/c119.tif" mask="9/m119.tif"/>
      </pyramid>
    </image>
    <image id="112">
      <extent>
        <left>2507649.7178369896</left>
        <top>1139183.5660339468</top>
        <right>2507689.7357689897</right>
        <bottom>1139141.7947389469</bottom>
      </extent>
      <center>
        <x>2507670.1225268543</x>
        <y>1139162.2771078388</y>
      </center>
      <pyramid>
        <level index="0" path="0/c112.tif" mask="0/m112.tif"/>
        <level index="1" path="1/c112.tif" mask="1/m112.tif"/>
        <level index="2" path="2/c112.tif" mask="2/m112.tif"/>
        <level index="3" path="3/c112.tif" mask="3/m112.tif"/>
        <level index="4" path="4/c112.tif" mask="4/m112.tif"/>
        <level index="5" path="5/c112.tif" mask="5/m112.tif"/>
        <level index="6" path="6/c112.tif" mask="6/m112.tif"/>
        <level index="7" path="7/c112.tif" mask="7/m112.tif"/>
        <level index="8" path="8/c112.tif" mask="8/m112.tif"/>
        <level index="9" path="9/c112.tif" mask="9/m112.tif"/>
      </pyramid>
    </image>
    <image id="116">
      <extent>
        <left>2507629.5541624893</left>
        <top>1139195.7364359468</top>
        <right>2507669.1595384893</right>
        <bottom>1139154.7902529468</bottom>
      </extent>
      <center>
        <x>2507648.6442415304</x>
        <y>1139175.4998574911</y>
      </center>
      <pyramid>
        <level index="0" path="0/c116.tif" mask="0/m116.tif"/>
        <level index="1" path="1/c116.tif" mask="1/m116.tif"/>
        <level index="2" path="2/c116.tif" mask="2/m116.tif"/>
        <level index="3" path="3/c116.tif" mask="3/m116.tif"/>
        <level index="4" path="4/c116.tif" mask="4/m116.tif"/>
        <level index="5" path="5/c116.tif" mask="5/m116.tif"/>
        <level index="6" path="6/c116.tif" mask="6/m116.tif"/>
        <level index="7" path="7/c116.tif" mask="7/m116.tif"/>
        <level index="8" path="8/c116.tif" mask="8/m116.tif"/>
        <level index="9" path="9/c116.tif" mask="9/m116.tif"/>
      </pyramid>
    </image>
    <image id="114">
      <extent>
        <left>2507639.8680624892</left>
        <top>1139189.4965264469</top>
        <right>2507679.7828554893</right>
        <bottom>1139147.9315094468</bottom>
      </extent>
      <center>
        <x>2507659.5794691294</x>
        <y>1139169.2797087182</y>
      </center>
      <pyramid>
        <level index="0" path="0/c114.tif" mask="0/m114.tif"/>
        <level index="1" path="1/c114.tif" mask="1/m114.tif"/>
        <level index="2" path="2/c114.tif" mask="2/m114.tif"/>
        <level index="3" path="3/c114.tif" mask="3/m114.tif"/>
        <level index="4" path="4/c114.tif" mask="4/m114.tif"/>
        <level index="5" path="5/c114.tif" mask="5/m114.tif"/>
        <level index="6" path="6/c114.tif" mask="6/m114.tif"/>
        <level index="7" path="7/c114.tif" mask="7/m114.tif"/>
        <level index="8" path="8/c114.tif" mask="8/m114.tif"/>
        <level index="9" path="9/c114.tif" mask="9/m114.tif"/>
      </pyramid>
    </image>
    <image id="111">
      <extent>
        <left>2507655.3389124894</left>
        <top>1139180.1624469468</top>
        <right>2507695.4599834895</right>
        <bottom>1139138.7005689468</bottom>
      </extent>
      <center>
        <x>2507675.0330327973</x>
        <y>1139158.8041034371</y>
      </center>
      <pyramid>
        <level index="0" path="0/c111.tif" mask="0/m111.tif"/>
        <level index="1" path="1/c111.tif" mask="1/m111.tif"/>
        <level index="2" path="2/c111.tif" mask="2/m111.tif"/>
        <level index="3" path="3/c111.tif" mask="3/m111.tif"/>
        <level index="4" path="4/c111.tif" mask="4/m111.tif"/>
        <level index="5" path="5/c111.tif" mask="5/m111.tif"/>
        <level index="6" path="6/c111.tif" mask="6/m111.tif"/>
        <level index="7" path="7/c111.tif" mask="7/m111.tif"/>
        <level index="8" path="8/c111.tif" mask="8/m111.tif"/>
        <level index="9" path="9/c111.tif" mask="9/m111.tif"/>
      </pyramid>
    </image>
    <image id="118">
      <extent>
        <left>2507620.4263609895</left>
        <top>1139201.4606504468</top>
        <right>2507659.1550554894</right>
        <bottom>1139160.9785929469</bottom>
      </extent>
      <center>
        <x>2507639.4741158597</x>
        <y>1139180.8644737317</y>
      </center>
      <pyramid>
        <level index="0" path="0/c118.tif" mask="0/m118.tif"/>
        <level index="1" path="1/c118.tif" mask="1/m118.tif"/>
        <level index="2" path="2/c118.tif" mask="2/m118.tif"/>
        <level index="3" path="3/c118.tif" mask="3/m118.tif"/>
        <level index="4" path="4/c118.tif" mask="4/m118.tif"/>
        <level index="5" path="5/c118.tif" mask="5/m118.tif"/>
        <level index="6" path="6/c118.tif" mask="6/m118.tif"/>
        <level index="7" path="7/c118.tif" mask="7/m118.tif"/>
        <level index="8" path="8/c118.tif" mask="8/m118.tif"/>
        <level index="9" path="9/c118.tif" mask="9/m118.tif"/>
      </pyramid>
    </image>
    <image id="120">
      <extent>
        <left>2507609.9061829895</left>
        <top>1139208.1131159468</top>
        <right>2507648.8927249894</right>
        <bottom>1139167.2700719468</bottom>
      </extent>
      <center>
        <x>2507630.5176823884</x>
        <y>1139186.3843724725</y>
      </center>
      <pyramid>
        <level index="0" path="0/c120.tif" mask="0/m120.tif"/>
        <level index="1" path="1/c120.tif" mask="1/m120.tif"/>
        <level index="2" path="2/c120.tif" mask="2/m120.tif"/>
        <level index="3" path="3/c120.tif" mask="3/m120.tif"/>
        <level index="4" path="4/c120.tif" mask="4/m120.tif"/>
        <level index="5" path="5/c120.tif" mask="5/m120.tif"/>
        <level index="6" path="6/c120.tif" mask="6/m120.tif"/>
        <level index="7" path="7/c120.tif" mask="7/m120.tif"/>
        <level index="8" path="8/c120.tif" mask="8/m120.tif"/>
        <level index="9" path="9/c120.tif" mask="9/m120.tif"/>
      </pyramid>
    </image>
    <image id="105">
      <extent>
        <left>2507686.1259039892</left>
        <top>1139161.3911489469</top>
        <right>2507726.2469749893</right>
        <bottom>1139119.5167149471</bottom>
      </extent>
      <center>
        <x>2507705.9031005017</x>
        <y>1139140.6641700827</y>
      </center>
      <pyramid>
        <level index="0" path="0/c105.tif" mask="0/m105.tif"/>
        <level index="1" path="1/c105.tif" mask="1/m105.tif"/>
        <level index="2" path="2/c105.tif" mask="2/m105.tif"/>
        <level index="3" path="3/c105.tif" mask="3/m105.tif"/>
        <level index="4" path="4/c105.tif" mask="4/m105.tif"/>
        <level index="5" path="5/c105.tif" mask="5/m105.tif"/>
        <level index="6" path="6/c105.tif" mask="6/m105.tif"/>
        <level index="7" path="7/c105.tif" mask="7/m105.tif"/>
        <level index="8" path="8/c105.tif" mask="8/m105.tif"/>
        <level index="9" path="9/c105.tif" mask="9/m105.tif"/>
      </pyramid>
    </image>
    <image id="108">
      <extent>
        <left>2507670.7066234895</left>
        <top>1139170.828367447</top>
        <right>2507710.9824029896</right>
        <bottom>1139129.0570724471</bottom>
      </extent>
      <center>
        <x>2507690.5358990692</x>
        <y>1139149.4900175764</y>
      </center>
      <pyramid>
        <level index="0" path="0/c108.tif" mask="0/m108.tif"/>
        <level index="1" path="1/c108.tif" mask="1/m108.tif"/>
        <level index="2" path="2/c108.tif" mask="2/m108.tif"/>
        <level index="3" path="3/c108.tif" mask="3/m108.tif"/>
        <level index="4" path="4/c108.tif" mask="4/m108.tif"/>
        <level index="5" path="5/c108.tif" mask="5/m108.tif"/>
        <level index="6" path="6/c108.tif" mask="6/m108.tif"/>
        <level index="7" path="7/c108.tif" mask="7/m108.tif"/>
        <level index="8" path="8/c108.tif" mask="8/m108.tif"/>
        <level index="9" path="9/c108.tif" mask="9/m108.tif"/>
      </pyramid>
    </image>
    <image id="113">
      <extent>
        <left>2507645.1281514894</left>
        <top>1139186.3507869469</top>
        <right>2507684.9913749895</right>
        <bottom>1139144.7857699469</bottom>
      </extent>
      <center>
        <x>2507664.8375145178</x>
        <y>1139165.5227071177</y>
      </center>
      <pyramid>
        <level index="0" path="0/c113.tif" mask="0/m113.tif"/>
        <level index="1" path="1/c113.tif" mask="1/m113.tif"/>
        <level index="2" path="2/c113.tif" mask="2/m113.tif"/>
        <level index="3" path="3/c113.tif" mask="3/m113.tif"/>
        <level index="4" path="4/c113.tif" mask="4/m113.tif"/>
        <level index="5" path="5/c113.tif" mask="5/m113.tif"/>
        <level index="6" path="6/c113.tif" mask="6/m113.tif"/>
        <level index="7" path="7/c113.tif" mask="7/m113.tif"/>
        <level index="8" path="8/c113.tif" mask="8/m113.tif"/>
        <level index="9" path="9/c113.tif" mask="9/m113.tif"/>
      </pyramid>
    </image>
    <image id="115">
      <extent>
        <left>2507635.3815159895</left>
        <top>1139192.6422659468</top>
        <right>2507674.5227664895</right>
        <bottom>1139151.1803879468</bottom>
      </extent>
      <center>
        <x>2507654.3174640145</x>
        <y>1139172.3133330229</y>
      </center>
      <pyramid>
        <level index="0" path="0/c115.tif" mask="0/m115.tif"/>
        <level index="1" path="1/c115.tif" mask="1/m115.tif"/>
        <level index="2" path="2/c115.tif" mask="2/m115.tif"/>
        <level index="3" path="3/c115.tif" mask="3/m115.tif"/>
        <level index="4" path="4/c115.tif" mask="4/m115.tif"/>
        <level index="5" path="5/c115.tif" mask="5/m115.tif"/>
        <level index="6" path="6/c115.tif" mask="6/m115.tif"/>
        <level index="7" path="7/c115.tif" mask="7/m115.tif"/>
        <level index="8" path="8/c115.tif" mask="8/m115.tif"/>
        <level index="9" path="9/c115.tif" mask="9/m115.tif"/>
      </pyramid>
    </image>
  </images>
</orthomosaic>
