<?xml version="1.0" encoding="UTF-8"?>
<orthomosaic version="1.2.0">
  <images level_count="10">
    <image id="193">
      <extent>
        <left>2507643.8793943697</left>
        <top>1139206.0045126097</top>
        <right>2507682.6304802652</right>
        <bottom>1139165.6810658991</bottom>
      </extent>
      <center>
        <x>2507663.314550655</x>
        <y>1139186.7146309675</y>
      </center>
      <pyramid>
        <level index="0" path="0/c193.tif" mask="0/m193.tif"/>
        <level index="1" path="1/c193.tif" mask="1/m193.tif"/>
        <level index="2" path="2/c193.tif" mask="2/m193.tif"/>
        <level index="3" path="3/c193.tif" mask="3/m193.tif"/>
        <level index="4" path="4/c193.tif" mask="4/m193.tif"/>
        <level index="5" path="5/c193.tif" mask="5/m193.tif"/>
        <level index="6" path="6/c193.tif" mask="6/m193.tif"/>
        <level index="7" path="7/c193.tif" mask="7/m193.tif"/>
        <level index="8" path="8/c193.tif" mask="8/m193.tif"/>
        <level index="9" path="9/c193.tif" mask="9/m193.tif"/>
      </pyramid>
    </image>
    <image id="201">
      <extent>
        <left>2507612.1785714836</left>
        <top>1139216.0980546165</top>
        <right>2507650.6253294791</right>
        <bottom>1139176.2310997555</bottom>
      </extent>
      <center>
        <x>2507631.3913534004</x>
        <y>1139197.0818534538</y>
      </center>
      <pyramid>
        <level index="0" path="0/c201.tif" mask="0/m201.tif"/>
        <level index="1" path="1/c201.tif" mask="1/m201.tif"/>
        <level index="2" path="2/c201.tif" mask="2/m201.tif"/>
        <level index="3" path="3/c201.tif" mask="3/m201.tif"/>
        <level index="4" path="4/c201.tif" mask="4/m201.tif"/>
        <level index="5" path="5/c201.tif" mask="5/m201.tif"/>
        <level index="6" path="6/c201.tif" mask="6/m201.tif"/>
        <level index="7" path="7/c201.tif" mask="7/m201.tif"/>
        <level index="8" path="8/c201.tif" mask="8/m201.tif"/>
        <level index="9" path="9/c201.tif" mask="9/m201.tif"/>
      </pyramid>
    </image>
    <image id="198">
      <extent>
        <left>2507619.4317197599</left>
        <top>1139222.79326841</top>
        <right>2507658.1828056555</right>
        <bottom>1139183.0784774988</bottom>
      </extent>
      <center>
        <x>2507638.3172978144</x>
        <y>1139204.4868874797</y>
      </center>
      <pyramid>
        <level index="0" path="0/c198.tif" mask="0/m198.tif"/>
        <level index="1" path="1/c198.tif" mask="1/m198.tif"/>
        <level index="2" path="2/c198.tif" mask="2/m198.tif"/>
        <level index="3" path="3/c198.tif" mask="3/m198.tif"/>
        <level index="4" path="4/c198.tif" mask="4/m198.tif"/>
        <level index="5" path="5/c198.tif" mask="5/m198.tif"/>
        <level index="6" path="6/c198.tif" mask="6/m198.tif"/>
        <level index="7" path="7/c198.tif" mask="7/m198.tif"/>
        <level index="8" path="8/c198.tif" mask="8/m198.tif"/>
        <level index="9" path="9/c198.tif" mask="9/m198.tif"/>
      </pyramid>
    </image>
    <image id="183">
      <extent>
        <left>2507691.9632025226</left>
        <top>1139173.4921486583</top>
        <right>2507731.1707802676</right>
        <bottom>1139132.4586035151</bottom>
      </extent>
      <center>
        <x>2507712.4105241392</x>
        <y>1139153.2123356981</y>
      </center>
      <pyramid>
        <level index="0" path="0/c183.tif" mask="0/m183.tif"/>
        <level index="1" path="1/c183.tif" mask="1/m183.tif"/>
        <level index="2" path="2/c183.tif" mask="2/m183.tif"/>
        <level index="3" path="3/c183.tif" mask="3/m183.tif"/>
        <level index="4" path="4/c183.tif" mask="4/m183.tif"/>
        <level index="5" path="5/c183.tif" mask="5/m183.tif"/>
        <level index="6" path="6/c183.tif" mask="6/m183.tif"/>
        <level index="7" path="7/c183.tif" mask="7/m183.tif"/>
        <level index="8" path="8/c183.tif" mask="8/m183.tif"/>
        <level index="9" path="9/c183.tif" mask="9/m183.tif"/>
      </pyramid>
    </image>
    <image id="202">
      <extent>
        <left>2507611.620637001</left>
        <top>1139215.4893988171</top>
        <right>2507650.0166736799</right>
        <bottom>1139175.5717226395</bottom>
      </extent>
      <center>
        <x>2507630.7903389521</x>
        <y>1139196.4487947822</y>
      </center>
      <pyramid>
        <level index="0" path="0/c202.tif" mask="0/m202.tif"/>
        <level index="1" path="1/c202.tif" mask="1/m202.tif"/>
        <level index="2" path="2/c202.tif" mask="2/m202.tif"/>
        <level index="3" path="3/c202.tif" mask="3/m202.tif"/>
        <level index="4" path="4/c202.tif" mask="4/m202.tif"/>
        <level index="5" path="5/c202.tif" mask="5/m202.tif"/>
        <level index="6" path="6/c202.tif" mask="6/m202.tif"/>
        <level index="7" path="7/c202.tif" mask="7/m202.tif"/>
        <level index="8" path="8/c202.tif" mask="8/m202.tif"/>
        <level index="9" path="9/c202.tif" mask="9/m202.tif"/>
      </pyramid>
    </image>
    <image id="186">
      <extent>
        <left>2507677.5583486031</left>
        <top>1139183.0784774988</top>
        <right>2507716.5630410817</right>
        <bottom>1139142.3999815721</bottom>
      </extent>
      <center>
        <x>2507697.6645372417</x>
        <y>1139163.1378302411</y>
      </center>
      <pyramid>
        <level index="0" path="0/c186.tif" mask="0/m186.tif"/>
        <level index="1" path="1/c186.tif" mask="1/m186.tif"/>
        <level index="2" path="2/c186.tif" mask="2/m186.tif"/>
        <level index="3" path="3/c186.tif" mask="3/m186.tif"/>
        <level index="4" path="4/c186.tif" mask="4/m186.tif"/>
        <level index="5" path="5/c186.tif" mask="5/m186.tif"/>
        <level index="6" path="6/c186.tif" mask="6/m186.tif"/>
        <level index="7" path="7/c186.tif" mask="7/m186.tif"/>
        <level index="8" path="8/c186.tif" mask="8/m186.tif"/>
        <level index="9" path="9/c186.tif" mask="9/m186.tif"/>
      </pyramid>
    </image>
    <image id="200">
      <extent>
        <left>2507615.5261783805</left>
        <top>1139220.5108091622</top>
        <right>2507654.0743790097</right>
        <bottom>1139180.136641135</bottom>
      </extent>
      <center>
        <x>2507634.8935934138</x>
        <y>1139201.7297471468</y>
      </center>
      <pyramid>
        <level index="0" path="0/c200.tif" mask="0/m200.tif"/>
        <level index="1" path="1/c200.tif" mask="1/m200.tif"/>
        <level index="2" path="2/c200.tif" mask="2/m200.tif"/>
        <level index="3" path="3/c200.tif" mask="3/m200.tif"/>
        <level index="4" path="4/c200.tif" mask="4/m200.tif"/>
        <level index="5" path="5/c200.tif" mask="5/m200.tif"/>
        <level index="6" path="6/c200.tif" mask="6/m200.tif"/>
        <level index="7" path="7/c200.tif" mask="7/m200.tif"/>
        <level index="8" path="8/c200.tif" mask="8/m200.tif"/>
        <level index="9" path="9/c200.tif" mask="9/m200.tif"/>
      </pyramid>
    </image>
    <image id="197">
      <extent>
        <left>2507624.0473595723</left>
        <top>1139219.8514320462</top>
        <right>2507663.0520520508</right>
        <bottom>1139179.5787066522</bottom>
      </extent>
      <center>
        <x>2507643.1994580757</x>
        <y>1139200.9777934616</y>
      </center>
      <pyramid>
        <level index="0" path="0/c197.tif" mask="0/m197.tif"/>
        <level index="1" path="1/c197.tif" mask="1/m197.tif"/>
        <level index="2" path="2/c197.tif" mask="2/m197.tif"/>
        <level index="3" path="3/c197.tif" mask="3/m197.tif"/>
        <level index="4" path="4/c197.tif" mask="4/m197.tif"/>
        <level index="5" path="5/c197.tif" mask="5/m197.tif"/>
        <level index="6" path="6/c197.tif" mask="6/m197.tif"/>
        <level index="7" path="7/c197.tif" mask="7/m197.tif"/>
        <level index="8" path="8/c197.tif" mask="8/m197.tif"/>
        <level index="9" path="9/c197.tif" mask="9/m197.tif"/>
      </pyramid>
    </image>
    <image id="185">
      <extent>
        <left>2507682.3768736818</left>
        <top>1139179.883034552</top>
        <right>2507721.432287477</right>
        <bottom>1139139.2552599418</bottom>
      </extent>
      <center>
        <x>2507702.5028485451</x>
        <y>1139159.8347933416</y>
      </center>
      <pyramid>
        <level index="0" path="0/c185.tif" mask="0/m185.tif"/>
        <level index="1" path="1/c185.tif" mask="1/m185.tif"/>
        <level index="2" path="2/c185.tif" mask="2/m185.tif"/>
        <level index="3" path="3/c185.tif" mask="3/m185.tif"/>
        <level index="4" path="4/c185.tif" mask="4/m185.tif"/>
        <level index="5" path="5/c185.tif" mask="5/m185.tif"/>
        <level index="6" path="6/c185.tif" mask="6/m185.tif"/>
        <level index="7" path="7/c185.tif" mask="7/m185.tif"/>
        <level index="8" path="8/c185.tif" mask="8/m185.tif"/>
        <level index="9" path="9/c185.tif" mask="9/m185.tif"/>
      </pyramid>
    </image>
    <image id="199">
      <extent>
        <left>2507618.0622442113</left>
        <top>1139223.6555307924</top>
        <right>2507656.7118874737</right>
        <bottom>1139183.9407398812</bottom>
      </extent>
      <center>
        <x>2507637.2329577822</x>
        <y>1139205.2260507082</y>
      </center>
      <pyramid>
        <level index="0" path="0/c199.tif" mask="0/m199.tif"/>
        <level index="1" path="1/c199.tif" mask="1/m199.tif"/>
        <level index="2" path="2/c199.tif" mask="2/m199.tif"/>
        <level index="3" path="3/c199.tif" mask="3/m199.tif"/>
        <level index="4" path="4/c199.tif" mask="4/m199.tif"/>
        <level index="5" path="5/c199.tif" mask="5/m199.tif"/>
        <level index="6" path="6/c199.tif" mask="6/m199.tif"/>
        <level index="7" path="7/c199.tif" mask="7/m199.tif"/>
        <level index="8" path="8/c199.tif" mask="8/m199.tif"/>
        <level index="9" path="9/c199.tif" mask="9/m199.tif"/>
      </pyramid>
    </image>
    <image id="191">
      <extent>
        <left>2507653.46572321</left>
        <top>1139199.4107414496</top>
        <right>2507692.3182517388</right>
        <bottom>1139158.9858521058</bottom>
      </extent>
      <center>
        <x>2507673.1641487293</x>
        <y>1139180.0196204095</y>
      </center>
      <pyramid>
        <level index="0" path="0/c191.tif" mask="0/m191.tif"/>
        <level index="1" path="1/c191.tif" mask="1/m191.tif"/>
        <level index="2" path="2/c191.tif" mask="2/m191.tif"/>
        <level index="3" path="3/c191.tif" mask="3/m191.tif"/>
        <level index="4" path="4/c191.tif" mask="4/m191.tif"/>
        <level index="5" path="5/c191.tif" mask="5/m191.tif"/>
        <level index="6" path="6/c191.tif" mask="6/m191.tif"/>
        <level index="7" path="7/c191.tif" mask="7/m191.tif"/>
        <level index="8" path="8/c191.tif" mask="8/m191.tif"/>
        <level index="9" path="9/c191.tif" mask="9/m191.tif"/>
      </pyramid>
    </image>
    <image id="196">
      <extent>
        <left>2507629.3730978169</left>
        <top>1139215.9966119833</top>
        <right>2507668.1749050291</right>
        <bottom>1139176.0282144891</bottom>
      </extent>
      <center>
        <x>2507648.5503523424</x>
        <y>1139197.2186756562</y>
      </center>
      <pyramid>
        <level index="0" path="0/c196.tif" mask="0/m196.tif"/>
        <level index="1" path="1/c196.tif" mask="1/m196.tif"/>
        <level index="2" path="2/c196.tif" mask="2/m196.tif"/>
        <level index="3" path="3/c196.tif" mask="3/m196.tif"/>
        <level index="4" path="4/c196.tif" mask="4/m196.tif"/>
        <level index="5" path="5/c196.tif" mask="5/m196.tif"/>
        <level index="6" path="6/c196.tif" mask="6/m196.tif"/>
        <level index="7" path="7/c196.tif" mask="7/m196.tif"/>
        <level index="8" path="8/c196.tif" mask="8/m196.tif"/>
        <level index="9" path="9/c196.tif" mask="9/m196.tif"/>
      </pyramid>
    </image>
    <image id="194">
      <extent>
        <left>2507638.807262708</left>
        <top>1139209.3521195066</top>
        <right>2507677.8119551865</right>
        <bottom>1139169.1301154292</bottom>
      </extent>
      <center>
        <x>2507658.4132676292</x>
        <y>1139190.2194457813</y>
      </center>
      <pyramid>
        <level index="0" path="0/c194.tif" mask="0/m194.tif"/>
        <level index="1" path="1/c194.tif" mask="1/m194.tif"/>
        <level index="2" path="2/c194.tif" mask="2/m194.tif"/>
        <level index="3" path="3/c194.tif" mask="3/m194.tif"/>
        <level index="4" path="4/c194.tif" mask="4/m194.tif"/>
        <level index="5" path="5/c194.tif" mask="5/m194.tif"/>
        <level index="6" path="6/c194.tif" mask="6/m194.tif"/>
        <level index="7" path="7/c194.tif" mask="7/m194.tif"/>
        <level index="8" path="8/c194.tif" mask="8/m194.tif"/>
        <level index="9" path="9/c194.tif" mask="9/m194.tif"/>
      </pyramid>
    </image>
    <image id="184">
      <extent>
        <left>2507687.0939561273</left>
        <top>1139176.7383129217</top>
        <right>2507726.2508125557</right>
        <bottom>1139136.0090956783</bottom>
      </extent>
      <center>
        <x>2507707.4050502926</x>
        <y>1139156.5765661385</y>
      </center>
      <pyramid>
        <level index="0" path="0/c184.tif" mask="0/m184.tif"/>
        <level index="1" path="1/c184.tif" mask="1/m184.tif"/>
        <level index="2" path="2/c184.tif" mask="2/m184.tif"/>
        <level index="3" path="3/c184.tif" mask="3/m184.tif"/>
        <level index="4" path="4/c184.tif" mask="4/m184.tif"/>
        <level index="5" path="5/c184.tif" mask="5/m184.tif"/>
        <level index="6" path="6/c184.tif" mask="6/m184.tif"/>
        <level index="7" path="7/c184.tif" mask="7/m184.tif"/>
        <level index="8" path="8/c184.tif" mask="8/m184.tif"/>
        <level index="9" path="9/c184.tif" mask="9/m184.tif"/>
      </pyramid>
    </image>
    <image id="190">
      <extent>
        <left>2507658.2335269721</left>
        <top>1139196.0631345529</top>
        <right>2507697.2382194507</right>
        <bottom>1139155.6382452091</bottom>
      </extent>
      <center>
        <x>2507678.15103513</x>
        <y>1139176.5790827801</y>
      </center>
      <pyramid>
        <level index="0" path="0/c190.tif" mask="0/m190.tif"/>
        <level index="1" path="1/c190.tif" mask="1/m190.tif"/>
        <level index="2" path="2/c190.tif" mask="2/m190.tif"/>
        <level index="3" path="3/c190.tif" mask="3/m190.tif"/>
        <level index="4" path="4/c190.tif" mask="4/m190.tif"/>
        <level index="5" path="5/c190.tif" mask="5/m190.tif"/>
        <level index="6" path="6/c190.tif" mask="6/m190.tif"/>
        <level index="7" path="7/c190.tif" mask="7/m190.tif"/>
        <level index="8" path="8/c190.tif" mask="8/m190.tif"/>
        <level index="9" path="9/c190.tif" mask="9/m190.tif"/>
      </pyramid>
    </image>
    <image id="187">
      <extent>
        <left>2507672.5876595746</left>
        <top>1139186.3246417623</top>
        <right>2507711.6430733697</right>
        <bottom>1139145.7475884687</bottom>
      </extent>
      <center>
        <x>2507692.7043375727</x>
        <y>1139166.4840068675</y>
      </center>
      <pyramid>
        <level index="0" path="0/c187.tif" mask="0/m187.tif"/>
        <level index="1" path="1/c187.tif" mask="1/m187.tif"/>
        <level index="2" path="2/c187.tif" mask="2/m187.tif"/>
        <level index="3" path="3/c187.tif" mask="3/m187.tif"/>
        <level index="4" path="4/c187.tif" mask="4/m187.tif"/>
        <level index="5" path="5/c187.tif" mask="5/m187.tif"/>
        <level index="6" path="6/c187.tif" mask="6/m187.tif"/>
        <level index="7" path="7/c187.tif" mask="7/m187.tif"/>
        <level index="8" path="8/c187.tif" mask="8/m187.tif"/>
        <level index="9" path="9/c187.tif" mask="9/m187.tif"/>
      </pyramid>
    </image>
    <image id="188">
      <extent>
        <left>2507667.9212984461</left>
        <top>1139189.4693633926</top>
        <right>2507706.8245482915</right>
        <bottom>1139148.892310099</bottom>
      </extent>
      <center>
        <x>2507687.7868293487</x>
        <y>1139169.8209935238</y>
      </center>
      <pyramid>
        <level index="0" path="0/c188.tif" mask="0/m188.tif"/>
        <level index="1" path="1/c188.tif" mask="1/m188.tif"/>
        <level index="2" path="2/c188.tif" mask="2/m188.tif"/>
        <level index="3" path="3/c188.tif" mask="3/m188.tif"/>
        <level index="4" path="4/c188.tif" mask="4/m188.tif"/>
        <level index="5" path="5/c188.tif" mask="5/m188.tif"/>
        <level index="6" path="6/c188.tif" mask="6/m188.tif"/>
        <level index="7" path="7/c188.tif" mask="7/m188.tif"/>
        <level index="8" path="8/c188.tif" mask="8/m188.tif"/>
        <level index="9" path="9/c188.tif" mask="9/m188.tif"/>
      </pyramid>
    </image>
    <image id="189">
      <extent>
        <left>2507663.1027733674</left>
        <top>1139192.8169702895</top>
        <right>2507702.0060232128</right>
        <bottom>1139152.3413596291</bottom>
      </extent>
      <center>
        <x>2507683.0073069409</x>
        <y>1139173.1675999761</y>
      </center>
      <pyramid>
        <level index="0" path="0/c189.tif" mask="0/m189.tif"/>
        <level index="1" path="1/c189.tif" mask="1/m189.tif"/>
        <level index="2" path="2/c189.tif" mask="2/m189.tif"/>
        <level index="3" path="3/c189.tif" mask="3/m189.tif"/>
        <level index="4" path="4/c189.tif" mask="4/m189.tif"/>
        <level index="5" path="5/c189.tif" mask="5/m189.tif"/>
        <level index="6" path="6/c189.tif" mask="6/m189.tif"/>
        <level index="7" path="7/c189.tif" mask="7/m189.tif"/>
        <level index="8" path="8/c189.tif" mask="8/m189.tif"/>
        <level index="9" path="9/c189.tif" mask="9/m189.tif"/>
      </pyramid>
    </image>
    <image id="192">
      <extent>
        <left>2507648.5964768147</left>
        <top>1139202.7076270296</top>
        <right>2507687.3475627103</right>
        <bottom>1139162.3334590024</bottom>
      </extent>
      <center>
        <x>2507668.2096712291</x>
        <y>1139183.3765565038</y>
      </center>
      <pyramid>
        <level index="0" path="0/c192.tif" mask="0/m192.tif"/>
        <level index="1" path="1/c192.tif" mask="1/m192.tif"/>
        <level index="2" path="2/c192.tif" mask="2/m192.tif"/>
        <level index="3" path="3/c192.tif" mask="3/m192.tif"/>
        <level index="4" path="4/c192.tif" mask="4/m192.tif"/>
        <level index="5" path="5/c192.tif" mask="5/m192.tif"/>
        <level index="6" path="6/c192.tif" mask="6/m192.tif"/>
        <level index="7" path="7/c192.tif" mask="7/m192.tif"/>
        <level index="8" path="8/c192.tif" mask="8/m192.tif"/>
        <level index="9" path="9/c192.tif" mask="9/m192.tif"/>
      </pyramid>
    </image>
    <image id="195">
      <extent>
        <left>2507634.0901802625</left>
        <top>1139212.6997264032</top>
        <right>2507672.9427087912</right>
        <bottom>1139172.5284436427</bottom>
      </extent>
      <center>
        <x>2507653.5698100645</x>
        <y>1139193.6872414663</y>
      </center>
      <pyramid>
        <level index="0" path="0/c195.tif" mask="0/m195.tif"/>
        <level index="1" path="1/c195.tif" mask="1/m195.tif"/>
        <level index="2" path="2/c195.tif" mask="2/m195.tif"/>
        <level index="3" path="3/c195.tif" mask="3/m195.tif"/>
        <level index="4" path="4/c195.tif" mask="4/m195.tif"/>
        <level index="5" path="5/c195.tif" mask="5/m195.tif"/>
        <level index="6" path="6/c195.tif" mask="6/m195.tif"/>
        <level index="7" path="7/c195.tif" mask="7/m195.tif"/>
        <level index="8" path="8/c195.tif" mask="8/m195.tif"/>
        <level index="9" path="9/c195.tif" mask="9/m195.tif"/>
      </pyramid>
    </image>
  </images>
</orthomosaic>
