<?xml version="1.0" encoding="UTF-8"?>
<orthomosaic version="1.2.0">
  <images level_count="10">
    <image id="132">
      <extent>
        <left>2507642.1886899895</left>
        <top>1139176.9651379469</top>
        <right>2507681.8972049896</right>
        <bottom>1139135.6063989468</bottom>
      </extent>
      <center>
        <x>2507662.6571572572</x>
        <y>1139156.2645614704</y>
      </center>
      <pyramid>
        <level index="0" path="0/c132.tif" mask="0/m132.tif"/>
        <level index="1" path="1/c132.tif" mask="1/m132.tif"/>
        <level index="2" path="2/c132.tif" mask="2/m132.tif"/>
        <level index="3" path="3/c132.tif" mask="3/m132.tif"/>
        <level index="4" path="4/c132.tif" mask="4/m132.tif"/>
        <level index="5" path="5/c132.tif" mask="5/m132.tif"/>
        <level index="6" path="6/c132.tif" mask="6/m132.tif"/>
        <level index="7" path="7/c132.tif" mask="7/m132.tif"/>
        <level index="8" path="8/c132.tif" mask="8/m132.tif"/>
        <level index="9" path="9/c132.tif" mask="9/m132.tif"/>
      </pyramid>
    </image>
    <image id="136">
      <extent>
        <left>2507662.8680594894</left>
        <top>1139164.3821799469</top>
        <right>2507702.7312829895</right>
        <bottom>1139123.2812884469</bottom>
      </extent>
      <center>
        <x>2507682.6344207991</x>
        <y>1139143.7963976869</y>
      </center>
      <pyramid>
        <level index="0" path="0/c136.tif" mask="0/m136.tif"/>
        <level index="1" path="1/c136.tif" mask="1/m136.tif"/>
        <level index="2" path="2/c136.tif" mask="2/m136.tif"/>
        <level index="3" path="3/c136.tif" mask="3/m136.tif"/>
        <level index="4" path="4/c136.tif" mask="4/m136.tif"/>
        <level index="5" path="5/c136.tif" mask="5/m136.tif"/>
        <level index="6" path="6/c136.tif" mask="6/m136.tif"/>
        <level index="7" path="7/c136.tif" mask="7/m136.tif"/>
        <level index="8" path="8/c136.tif" mask="8/m136.tif"/>
        <level index="9" path="9/c136.tif" mask="9/m136.tif"/>
      </pyramid>
    </image>
    <image id="139">
      <extent>
        <left>2507678.4936179891</left>
        <top>1139155.2543784468</top>
        <right>2507718.4599804892</right>
        <bottom>1139113.6893614468</bottom>
      </extent>
      <center>
        <x>2507698.2059369162</x>
        <y>1139135.2144346379</y>
      </center>
      <pyramid>
        <level index="0" path="0/c139.tif" mask="0/m139.tif"/>
        <level index="1" path="1/c139.tif" mask="1/m139.tif"/>
        <level index="2" path="2/c139.tif" mask="2/m139.tif"/>
        <level index="3" path="3/c139.tif" mask="3/m139.tif"/>
        <level index="4" path="4/c139.tif" mask="4/m139.tif"/>
        <level index="5" path="5/c139.tif" mask="5/m139.tif"/>
        <level index="6" path="6/c139.tif" mask="6/m139.tif"/>
        <level index="7" path="7/c139.tif" mask="7/m139.tif"/>
        <level index="8" path="8/c139.tif" mask="8/m139.tif"/>
        <level index="9" path="9/c139.tif" mask="9/m139.tif"/>
      </pyramid>
    </image>
    <image id="133">
      <extent>
        <left>2507647.4487789893</left>
        <top>1139173.7678289469</top>
        <right>2507687.1057244893</right>
        <bottom>1139132.3059509469</bottom>
      </extent>
      <center>
        <x>2507667.8022548445</x>
        <y>1139152.9828545891</y>
      </center>
      <pyramid>
        <level index="0" path="0/c133.tif" mask="0/m133.tif"/>
        <level index="1" path="1/c133.tif" mask="1/m133.tif"/>
        <level index="2" path="2/c133.tif" mask="2/m133.tif"/>
        <level index="3" path="3/c133.tif" mask="3/m133.tif"/>
        <level index="4" path="4/c133.tif" mask="4/m133.tif"/>
        <level index="5" path="5/c133.tif" mask="5/m133.tif"/>
        <level index="6" path="6/c133.tif" mask="6/m133.tif"/>
        <level index="7" path="7/c133.tif" mask="7/m133.tif"/>
        <level index="8" path="8/c133.tif" mask="8/m133.tif"/>
        <level index="9" path="9/c133.tif" mask="9/m133.tif"/>
      </pyramid>
    </image>
    <image id="129">
      <extent>
        <left>2507627.0272569894</left>
        <top>1139185.8866614469</top>
        <right>2507666.2716464894</right>
        <bottom>1139145.1983259469</bottom>
      </extent>
      <center>
        <x>2507645.8889683373</x>
        <y>1139166.5235442752</y>
      </center>
      <pyramid>
        <level index="0" path="0/c129.tif" mask="0/m129.tif"/>
        <level index="1" path="1/c129.tif" mask="1/m129.tif"/>
        <level index="2" path="2/c129.tif" mask="2/m129.tif"/>
        <level index="3" path="3/c129.tif" mask="3/m129.tif"/>
        <level index="4" path="4/c129.tif" mask="4/m129.tif"/>
        <level index="5" path="5/c129.tif" mask="5/m129.tif"/>
        <level index="6" path="6/c129.tif" mask="6/m129.tif"/>
        <level index="7" path="7/c129.tif" mask="7/m129.tif"/>
        <level index="8" path="8/c129.tif" mask="8/m129.tif"/>
        <level index="9" path="9/c129.tif" mask="9/m129.tif"/>
      </pyramid>
    </image>
    <image id="138">
      <extent>
        <left>2507673.4913764894</left>
        <top>1139158.296978947</top>
        <right>2507713.3030304895</right>
        <bottom>1139116.7319619469</bottom>
      </extent>
      <center>
        <x>2507692.9642631393</x>
        <y>1139138.0382193406</y>
      </center>
      <pyramid>
        <level index="0" path="0/c138.tif" mask="0/m138.tif"/>
        <level index="1" path="1/c138.tif" mask="1/m138.tif"/>
        <level index="2" path="2/c138.tif" mask="2/m138.tif"/>
        <level index="3" path="3/c138.tif" mask="3/m138.tif"/>
        <level index="4" path="4/c138.tif" mask="4/m138.tif"/>
        <level index="5" path="5/c138.tif" mask="5/m138.tif"/>
        <level index="6" path="6/c138.tif" mask="6/m138.tif"/>
        <level index="7" path="7/c138.tif" mask="7/m138.tif"/>
        <level index="8" path="8/c138.tif" mask="8/m138.tif"/>
        <level index="9" path="9/c138.tif" mask="9/m138.tif"/>
      </pyramid>
    </image>
    <image id="125">
      <extent>
        <left>2507607.2761384891</left>
        <top>1139197.8507854468</top>
        <right>2507645.798554989</right>
        <bottom>1139156.2857684467</bottom>
      </extent>
      <center>
        <x>2507628.4879523851</x>
        <y>1139177.6980260906</y>
      </center>
      <pyramid>
        <level index="0" path="0/c125.tif" mask="0/m125.tif"/>
        <level index="1" path="1/c125.tif" mask="1/m125.tif"/>
        <level index="2" path="2/c125.tif" mask="2/m125.tif"/>
        <level index="3" path="3/c125.tif" mask="3/m125.tif"/>
        <level index="4" path="4/c125.tif" mask="4/m125.tif"/>
        <level index="5" path="5/c125.tif" mask="5/m125.tif"/>
        <level index="6" path="6/c125.tif" mask="6/m125.tif"/>
        <level index="7" path="7/c125.tif" mask="7/m125.tif"/>
        <level index="8" path="8/c125.tif" mask="8/m125.tif"/>
        <level index="9" path="9/c125.tif" mask="9/m125.tif"/>
      </pyramid>
    </image>
    <image id="137">
      <extent>
        <left>2507668.0765789892</left>
        <top>1139161.442718447</top>
        <right>2507707.9913719893</right>
        <bottom>1139119.9808404469</bottom>
      </extent>
      <center>
        <x>2507687.7596801482</x>
        <y>1139140.8175103138</y>
      </center>
      <pyramid>
        <level index="0" path="0/c137.tif" mask="0/m137.tif"/>
        <level index="1" path="1/c137.tif" mask="1/m137.tif"/>
        <level index="2" path="2/c137.tif" mask="2/m137.tif"/>
        <level index="3" path="3/c137.tif" mask="3/m137.tif"/>
        <level index="4" path="4/c137.tif" mask="4/m137.tif"/>
        <level index="5" path="5/c137.tif" mask="5/m137.tif"/>
        <level index="6" path="6/c137.tif" mask="6/m137.tif"/>
        <level index="7" path="7/c137.tif" mask="7/m137.tif"/>
        <level index="8" path="8/c137.tif" mask="8/m137.tif"/>
        <level index="9" path="9/c137.tif" mask="9/m137.tif"/>
      </pyramid>
    </image>
    <image id="126">
      <extent>
        <left>2507612.1752409893</left>
        <top>1139194.9628934469</top>
        <right>2507650.6460879892</right>
        <bottom>1139154.635544447</bottom>
      </extent>
      <center>
        <x>2507633.9017123133</x>
        <y>1139174.0204805275</y>
      </center>
      <pyramid>
        <level index="0" path="0/c126.tif" mask="0/m126.tif"/>
        <level index="1" path="1/c126.tif" mask="1/m126.tif"/>
        <level index="2" path="2/c126.tif" mask="2/m126.tif"/>
        <level index="3" path="3/c126.tif" mask="3/m126.tif"/>
        <level index="4" path="4/c126.tif" mask="4/m126.tif"/>
        <level index="5" path="5/c126.tif" mask="5/m126.tif"/>
        <level index="6" path="6/c126.tif" mask="6/m126.tif"/>
        <level index="7" path="7/c126.tif" mask="7/m126.tif"/>
        <level index="8" path="8/c126.tif" mask="8/m126.tif"/>
        <level index="9" path="9/c126.tif" mask="9/m126.tif"/>
      </pyramid>
    </image>
    <image id="135">
      <extent>
        <left>2507657.6595399892</left>
        <top>1139167.4247804468</top>
        <right>2507697.3680549893</right>
        <bottom>1139126.1176109468</bottom>
      </extent>
      <center>
        <x>2507677.7533913665</x>
        <y>1139147.0782657862</y>
      </center>
      <pyramid>
        <level index="0" path="0/c135.tif" mask="0/m135.tif"/>
        <level index="1" path="1/c135.tif" mask="1/m135.tif"/>
        <level index="2" path="2/c135.tif" mask="2/m135.tif"/>
        <level index="3" path="3/c135.tif" mask="3/m135.tif"/>
        <level index="4" path="4/c135.tif" mask="4/m135.tif"/>
        <level index="5" path="5/c135.tif" mask="5/m135.tif"/>
        <level index="6" path="6/c135.tif" mask="6/m135.tif"/>
        <level index="7" path="7/c135.tif" mask="7/m135.tif"/>
        <level index="8" path="8/c135.tif" mask="8/m135.tif"/>
        <level index="9" path="9/c135.tif" mask="9/m135.tif"/>
      </pyramid>
    </image>
    <image id="130">
      <extent>
        <left>2507628.5743419891</left>
        <top>1139182.5862134469</top>
        <right>2507671.8411524892</right>
        <bottom>1139141.6915999469</bottom>
      </extent>
      <center>
        <x>2507651.5153000019</x>
        <y>1139163.0038313714</y>
      </center>
      <pyramid>
        <level index="0" path="0/c130.tif" mask="0/m130.tif"/>
        <level index="1" path="1/c130.tif" mask="1/m130.tif"/>
        <level index="2" path="2/c130.tif" mask="2/m130.tif"/>
        <level index="3" path="3/c130.tif" mask="3/m130.tif"/>
        <level index="4" path="4/c130.tif" mask="4/m130.tif"/>
        <level index="5" path="5/c130.tif" mask="5/m130.tif"/>
        <level index="6" path="6/c130.tif" mask="6/m130.tif"/>
        <level index="7" path="7/c130.tif" mask="7/m130.tif"/>
        <level index="8" path="8/c130.tif" mask="8/m130.tif"/>
        <level index="9" path="9/c130.tif" mask="9/m130.tif"/>
      </pyramid>
    </image>
    <image id="134">
      <extent>
        <left>2507652.6057289895</left>
        <top>1139170.415811447</top>
        <right>2507692.2111049895</right>
        <bottom>1139129.2633504469</bottom>
      </extent>
      <center>
        <x>2507672.7833625004</x>
        <y>1139150.0054319364</y>
      </center>
      <pyramid>
        <level index="0" path="0/c134.tif" mask="0/m134.tif"/>
        <level index="1" path="1/c134.tif" mask="1/m134.tif"/>
        <level index="2" path="2/c134.tif" mask="2/m134.tif"/>
        <level index="3" path="3/c134.tif" mask="3/m134.tif"/>
        <level index="4" path="4/c134.tif" mask="4/m134.tif"/>
        <level index="5" path="5/c134.tif" mask="5/m134.tif"/>
        <level index="6" path="6/c134.tif" mask="6/m134.tif"/>
        <level index="7" path="7/c134.tif" mask="7/m134.tif"/>
        <level index="8" path="8/c134.tif" mask="8/m134.tif"/>
        <level index="9" path="9/c134.tif" mask="9/m134.tif"/>
      </pyramid>
    </image>
    <image id="127">
      <extent>
        <left>2507617.6416079896</left>
        <top>1139191.7140149469</top>
        <right>2507656.2671634895</right>
        <bottom>1139151.5929439471</bottom>
      </extent>
      <center>
        <x>2507637.4107913245</x>
        <y>1139171.3005979657</y>
      </center>
      <pyramid>
        <level index="0" path="0/c127.tif" mask="0/m127.tif"/>
        <level index="1" path="1/c127.tif" mask="1/m127.tif"/>
        <level index="2" path="2/c127.tif" mask="2/m127.tif"/>
        <level index="3" path="3/c127.tif" mask="3/m127.tif"/>
        <level index="4" path="4/c127.tif" mask="4/m127.tif"/>
        <level index="5" path="5/c127.tif" mask="5/m127.tif"/>
        <level index="6" path="6/c127.tif" mask="6/m127.tif"/>
        <level index="7" path="7/c127.tif" mask="7/m127.tif"/>
        <level index="8" path="8/c127.tif" mask="8/m127.tif"/>
        <level index="9" path="9/c127.tif" mask="9/m127.tif"/>
      </pyramid>
    </image>
    <image id="143">
      <extent>
        <left>2507698.8635704895</left>
        <top>1139143.1871154469</top>
        <right>2507739.2940584896</right>
        <bottom>1139101.364250947</bottom>
      </extent>
      <center>
        <x>2507719.4941900317</x>
        <y>1139122.6574632397</y>
      </center>
      <pyramid>
        <level index="0" path="0/c143.tif" mask="0/m143.tif"/>
        <level index="1" path="1/c143.tif" mask="1/m143.tif"/>
        <level index="2" path="2/c143.tif" mask="2/m143.tif"/>
        <level index="3" path="3/c143.tif" mask="3/m143.tif"/>
        <level index="4" path="4/c143.tif" mask="4/m143.tif"/>
        <level index="5" path="5/c143.tif" mask="5/m143.tif"/>
        <level index="6" path="6/c143.tif" mask="6/m143.tif"/>
        <level index="7" path="7/c143.tif" mask="7/m143.tif"/>
        <level index="8" path="8/c143.tif" mask="8/m143.tif"/>
        <level index="9" path="9/c143.tif" mask="9/m143.tif"/>
      </pyramid>
    </image>
    <image id="142">
      <extent>
        <left>2507693.9128984893</left>
        <top>1139146.1265769468</top>
        <right>2507734.1886779894</right>
        <bottom>1139104.2005734469</bottom>
      </extent>
      <center>
        <x>2507714.2246022373</x>
        <y>1139125.904408135</y>
      </center>
      <pyramid>
        <level index="0" path="0/c142.tif" mask="0/m142.tif"/>
        <level index="1" path="1/c142.tif" mask="1/m142.tif"/>
        <level index="2" path="2/c142.tif" mask="2/m142.tif"/>
        <level index="3" path="3/c142.tif" mask="3/m142.tif"/>
        <level index="4" path="4/c142.tif" mask="4/m142.tif"/>
        <level index="5" path="5/c142.tif" mask="5/m142.tif"/>
        <level index="6" path="6/c142.tif" mask="6/m142.tif"/>
        <level index="7" path="7/c142.tif" mask="7/m142.tif"/>
        <level index="8" path="8/c142.tif" mask="8/m142.tif"/>
        <level index="9" path="9/c142.tif" mask="9/m142.tif"/>
      </pyramid>
    </image>
    <image id="128">
      <extent>
        <left>2507622.2312934892</left>
        <top>1139188.7745534468</top>
        <right>2507661.3209744892</right>
        <bottom>1139148.1893569469</bottom>
      </extent>
      <center>
        <x>2507641.4487800617</x>
        <y>1139169.5495116918</y>
      </center>
      <pyramid>
        <level index="0" path="0/c128.tif" mask="0/m128.tif"/>
        <level index="1" path="1/c128.tif" mask="1/m128.tif"/>
        <level index="2" path="2/c128.tif" mask="2/m128.tif"/>
        <level index="3" path="3/c128.tif" mask="3/m128.tif"/>
        <level index="4" path="4/c128.tif" mask="4/m128.tif"/>
        <level index="5" path="5/c128.tif" mask="5/m128.tif"/>
        <level index="6" path="6/c128.tif" mask="6/m128.tif"/>
        <level index="7" path="7/c128.tif" mask="7/m128.tif"/>
        <level index="8" path="8/c128.tif" mask="8/m128.tif"/>
        <level index="9" path="9/c128.tif" mask="9/m128.tif"/>
      </pyramid>
    </image>
    <image id="141">
      <extent>
        <left>2507688.6528094895</left>
        <top>1139149.220746947</top>
        <right>2507728.9801584897</right>
        <bottom>1139107.3463129471</bottom>
      </extent>
      <center>
        <x>2507708.6303096917</x>
        <y>1139129.1649564505</y>
      </center>
      <pyramid>
        <level index="0" path="0/c141.tif" mask="0/m141.tif"/>
        <level index="1" path="1/c141.tif" mask="1/m141.tif"/>
        <level index="2" path="2/c141.tif" mask="2/m141.tif"/>
        <level index="3" path="3/c141.tif" mask="3/m141.tif"/>
        <level index="4" path="4/c141.tif" mask="4/m141.tif"/>
        <level index="5" path="5/c141.tif" mask="5/m141.tif"/>
        <level index="6" path="6/c141.tif" mask="6/m141.tif"/>
        <level index="7" path="7/c141.tif" mask="7/m141.tif"/>
        <level index="8" path="8/c141.tif" mask="8/m141.tif"/>
        <level index="9" path="9/c141.tif" mask="9/m141.tif"/>
      </pyramid>
    </image>
    <image id="131">
      <extent>
        <left>2507637.2380179893</left>
        <top>1139179.9561689468</top>
        <right>2507676.8949634894</right>
        <bottom>1139138.7005689468</bottom>
      </extent>
      <center>
        <x>2507656.8282570485</x>
        <y>1139159.6291546323</y>
      </center>
      <pyramid>
        <level index="0" path="0/c131.tif" mask="0/m131.tif"/>
        <level index="1" path="1/c131.tif" mask="1/m131.tif"/>
        <level index="2" path="2/c131.tif" mask="2/m131.tif"/>
        <level index="3" path="3/c131.tif" mask="3/m131.tif"/>
        <level index="4" path="4/c131.tif" mask="4/m131.tif"/>
        <level index="5" path="5/c131.tif" mask="5/m131.tif"/>
        <level index="6" path="6/c131.tif" mask="6/m131.tif"/>
        <level index="7" path="7/c131.tif" mask="7/m131.tif"/>
        <level index="8" path="8/c131.tif" mask="8/m131.tif"/>
        <level index="9" path="9/c131.tif" mask="9/m131.tif"/>
      </pyramid>
    </image>
    <image id="140">
      <extent>
        <left>2507683.6505679893</left>
        <top>1139152.3149169469</top>
        <right>2507723.6684999894</right>
        <bottom>1139110.4920524471</bottom>
      </extent>
      <center>
        <x>2507703.2967396546</x>
        <y>1139132.0357778752</y>
      </center>
      <pyramid>
        <level index="0" path="0/c140.tif" mask="0/m140.tif"/>
        <level index="1" path="1/c140.tif" mask="1/m140.tif"/>
        <level index="2" path="2/c140.tif" mask="2/m140.tif"/>
        <level index="3" path="3/c140.tif" mask="3/m140.tif"/>
        <level index="4" path="4/c140.tif" mask="4/m140.tif"/>
        <level index="5" path="5/c140.tif" mask="5/m140.tif"/>
        <level index="6" path="6/c140.tif" mask="6/m140.tif"/>
        <level index="7" path="7/c140.tif" mask="7/m140.tif"/>
        <level index="8" path="8/c140.tif" mask="8/m140.tif"/>
        <level index="9" path="9/c140.tif" mask="9/m140.tif"/>
      </pyramid>
    </image>
  </images>
</orthomosaic>
