<?xml version="1.0" encoding="UTF-8"?>
<orthomosaic version="1.2.0">
  <images level_count="10">
    <image id="135">
      <extent>
        <left>2507706.4699113234</left>
        <top>1139184.1960380587</top>
        <right>2507745.7283633947</right>
        <bottom>1139143.2637760155</bottom>
      </extent>
      <center>
        <x>2507727.2752544545</x>
        <y>1139163.9242788847</y>
      </center>
      <pyramid>
        <level index="0" path="0/c135.tif" mask="0/m135.tif"/>
        <level index="1" path="1/c135.tif" mask="1/m135.tif"/>
        <level index="2" path="2/c135.tif" mask="2/m135.tif"/>
        <level index="3" path="3/c135.tif" mask="3/m135.tif"/>
        <level index="4" path="4/c135.tif" mask="4/m135.tif"/>
        <level index="5" path="5/c135.tif" mask="5/m135.tif"/>
        <level index="6" path="6/c135.tif" mask="6/m135.tif"/>
        <level index="7" path="7/c135.tif" mask="7/m135.tif"/>
        <level index="8" path="8/c135.tif" mask="8/m135.tif"/>
        <level index="9" path="9/c135.tif" mask="9/m135.tif"/>
      </pyramid>
    </image>
    <image id="137">
      <extent>
        <left>2507696.9342666343</left>
        <top>1139190.5869488611</top>
        <right>2507736.2941617342</right>
        <bottom>1139149.7561298464</bottom>
      </extent>
      <center>
        <x>2507717.6213503648</x>
        <y>1139170.4681628507</y>
      </center>
      <pyramid>
        <level index="0" path="0/c137.tif" mask="0/m137.tif"/>
        <level index="1" path="1/c137.tif" mask="1/m137.tif"/>
        <level index="2" path="2/c137.tif" mask="2/m137.tif"/>
        <level index="3" path="3/c137.tif" mask="3/m137.tif"/>
        <level index="4" path="4/c137.tif" mask="4/m137.tif"/>
        <level index="5" path="5/c137.tif" mask="5/m137.tif"/>
        <level index="6" path="6/c137.tif" mask="6/m137.tif"/>
        <level index="7" path="7/c137.tif" mask="7/m137.tif"/>
        <level index="8" path="8/c137.tif" mask="8/m137.tif"/>
        <level index="9" path="9/c137.tif" mask="9/m137.tif"/>
      </pyramid>
    </image>
    <image id="140">
      <extent>
        <left>2507682.4279135433</left>
        <top>1139200.2240365788</top>
        <right>2507721.8892516717</right>
        <bottom>1139159.4946605929</bottom>
      </extent>
      <center>
        <x>2507703.0213471856</x>
        <y>1139180.5287932712</y>
      </center>
      <pyramid>
        <level index="0" path="0/c140.tif" mask="0/m140.tif"/>
        <level index="1" path="1/c140.tif" mask="1/m140.tif"/>
        <level index="2" path="2/c140.tif" mask="2/m140.tif"/>
        <level index="3" path="3/c140.tif" mask="3/m140.tif"/>
        <level index="4" path="4/c140.tif" mask="4/m140.tif"/>
        <level index="5" path="5/c140.tif" mask="5/m140.tif"/>
        <level index="6" path="6/c140.tif" mask="6/m140.tif"/>
        <level index="7" path="7/c140.tif" mask="7/m140.tif"/>
        <level index="8" path="8/c140.tif" mask="8/m140.tif"/>
        <level index="9" path="9/c140.tif" mask="9/m140.tif"/>
      </pyramid>
    </image>
    <image id="134">
      <extent>
        <left>2507711.3898982108</left>
        <top>1139180.899139629</top>
        <right>2507750.8005148247</right>
        <bottom>1139139.9668775857</bottom>
      </extent>
      <center>
        <x>2507732.0943383556</x>
        <y>1139160.6925695224</y>
      </center>
      <pyramid>
        <level index="0" path="0/c134.tif" mask="0/m134.tif"/>
        <level index="1" path="1/c134.tif" mask="1/m134.tif"/>
        <level index="2" path="2/c134.tif" mask="2/m134.tif"/>
        <level index="3" path="3/c134.tif" mask="3/m134.tif"/>
        <level index="4" path="4/c134.tif" mask="4/m134.tif"/>
        <level index="5" path="5/c134.tif" mask="5/m134.tif"/>
        <level index="6" path="6/c134.tif" mask="6/m134.tif"/>
        <level index="7" path="7/c134.tif" mask="7/m134.tif"/>
        <level index="8" path="8/c134.tif" mask="8/m134.tif"/>
        <level index="9" path="9/c134.tif" mask="9/m134.tif"/>
      </pyramid>
    </image>
    <image id="132">
      <extent>
        <left>2507720.7733783568</left>
        <top>1139174.9647224555</top>
        <right>2507760.6404885999</right>
        <bottom>1139133.7788528407</bottom>
      </extent>
      <center>
        <x>2507741.8896137029</x>
        <y>1139154.1408500266</y>
      </center>
      <pyramid>
        <level index="0" path="0/c132.tif" mask="0/m132.tif"/>
        <level index="1" path="1/c132.tif" mask="1/m132.tif"/>
        <level index="2" path="2/c132.tif" mask="2/m132.tif"/>
        <level index="3" path="3/c132.tif" mask="3/m132.tif"/>
        <level index="4" path="4/c132.tif" mask="4/m132.tif"/>
        <level index="5" path="5/c132.tif" mask="5/m132.tif"/>
        <level index="6" path="6/c132.tif" mask="6/m132.tif"/>
        <level index="7" path="7/c132.tif" mask="7/m132.tif"/>
        <level index="8" path="8/c132.tif" mask="8/m132.tif"/>
        <level index="9" path="9/c132.tif" mask="9/m132.tif"/>
      </pyramid>
    </image>
    <image id="139">
      <extent>
        <left>2507687.1957358881</left>
        <top>1139197.1300242064</top>
        <right>2507726.6570740165</right>
        <bottom>1139156.0963191346</bottom>
      </extent>
      <center>
        <x>2507707.9610527214</x>
        <y>1139177.1303595628</y>
      </center>
      <pyramid>
        <level index="0" path="0/c139.tif" mask="0/m139.tif"/>
        <level index="1" path="1/c139.tif" mask="1/m139.tif"/>
        <level index="2" path="2/c139.tif" mask="2/m139.tif"/>
        <level index="3" path="3/c139.tif" mask="3/m139.tif"/>
        <level index="4" path="4/c139.tif" mask="4/m139.tif"/>
        <level index="5" path="5/c139.tif" mask="5/m139.tif"/>
        <level index="6" path="6/c139.tif" mask="6/m139.tif"/>
        <level index="7" path="7/c139.tif" mask="7/m139.tif"/>
        <level index="8" path="8/c139.tif" mask="8/m139.tif"/>
        <level index="9" path="9/c139.tif" mask="9/m139.tif"/>
      </pyramid>
    </image>
    <image id="122">
      <extent>
        <left>2507648.5459419885</left>
        <top>1139133.5759667836</top>
        <right>2507687.6522295168</right>
        <bottom>1139092.8973123119</bottom>
      </extent>
      <center>
        <x>2507669.0597947873</x>
        <y>1139113.0559620215</y>
      </center>
      <pyramid>
        <level index="0" path="0/c122.tif" mask="0/m122.tif"/>
        <level index="1" path="1/c122.tif" mask="1/m122.tif"/>
        <level index="2" path="2/c122.tif" mask="2/m122.tif"/>
        <level index="3" path="3/c122.tif" mask="3/m122.tif"/>
        <level index="4" path="4/c122.tif" mask="4/m122.tif"/>
        <level index="5" path="5/c122.tif" mask="5/m122.tif"/>
        <level index="6" path="6/c122.tif" mask="6/m122.tif"/>
        <level index="7" path="7/c122.tif" mask="7/m122.tif"/>
        <level index="8" path="8/c122.tif" mask="8/m122.tif"/>
        <level index="9" path="9/c122.tif" mask="9/m122.tif"/>
      </pyramid>
    </image>
    <image id="133">
      <extent>
        <left>2507716.056277527</left>
        <top>1139177.7544057423</top>
        <right>2507755.6697801985</right>
        <bottom>1139136.7207006705</bottom>
      </extent>
      <center>
        <x>2507736.9451607578</x>
        <y>1139157.4627535297</y>
      </center>
      <pyramid>
        <level index="0" path="0/c133.tif" mask="0/m133.tif"/>
        <level index="1" path="1/c133.tif" mask="1/m133.tif"/>
        <level index="2" path="2/c133.tif" mask="2/m133.tif"/>
        <level index="3" path="3/c133.tif" mask="3/m133.tif"/>
        <level index="4" path="4/c133.tif" mask="4/m133.tif"/>
        <level index="5" path="5/c133.tif" mask="5/m133.tif"/>
        <level index="6" path="6/c133.tif" mask="6/m133.tif"/>
        <level index="7" path="7/c133.tif" mask="7/m133.tif"/>
        <level index="8" path="8/c133.tif" mask="8/m133.tif"/>
        <level index="9" path="9/c133.tif" mask="9/m133.tif"/>
      </pyramid>
    </image>
    <image id="141">
      <extent>
        <left>2507677.3557621129</left>
        <top>1139203.9267071229</top>
        <right>2507717.0199862984</right>
        <bottom>1139163.045166594</bottom>
      </extent>
      <center>
        <x>2507697.8677555006</x>
        <y>1139184.1916072373</y>
      </center>
      <pyramid>
        <level index="0" path="0/c141.tif" mask="0/m141.tif"/>
        <level index="1" path="1/c141.tif" mask="1/m141.tif"/>
        <level index="2" path="2/c141.tif" mask="2/m141.tif"/>
        <level index="3" path="3/c141.tif" mask="3/m141.tif"/>
        <level index="4" path="4/c141.tif" mask="4/m141.tif"/>
        <level index="5" path="5/c141.tif" mask="5/m141.tif"/>
        <level index="6" path="6/c141.tif" mask="6/m141.tif"/>
        <level index="7" path="7/c141.tif" mask="7/m141.tif"/>
        <level index="8" path="8/c141.tif" mask="8/m141.tif"/>
        <level index="9" path="9/c141.tif" mask="9/m141.tif"/>
      </pyramid>
    </image>
    <image id="138">
      <extent>
        <left>2507692.217165804</left>
        <top>1139193.8331257764</top>
        <right>2507731.7292254469</right>
        <bottom>1139152.9008637331</bottom>
      </extent>
      <center>
        <x>2507712.8227705192</x>
        <y>1139173.8225059016</y>
      </center>
      <pyramid>
        <level index="0" path="0/c138.tif" mask="0/m138.tif"/>
        <level index="1" path="1/c138.tif" mask="1/m138.tif"/>
        <level index="2" path="2/c138.tif" mask="2/m138.tif"/>
        <level index="3" path="3/c138.tif" mask="3/m138.tif"/>
        <level index="4" path="4/c138.tif" mask="4/m138.tif"/>
        <level index="5" path="5/c138.tif" mask="5/m138.tif"/>
        <level index="6" path="6/c138.tif" mask="6/m138.tif"/>
        <level index="7" path="7/c138.tif" mask="7/m138.tif"/>
        <level index="8" path="8/c138.tif" mask="8/m138.tif"/>
        <level index="9" path="9/c138.tif" mask="9/m138.tif"/>
      </pyramid>
    </image>
    <image id="125">
      <extent>
        <left>2507663.5087887081</left>
        <top>1139123.8374360371</top>
        <right>2507702.868683808</right>
        <bottom>1139082.9051739939</bottom>
      </extent>
      <center>
        <x>2507684.3718147762</x>
        <y>1139103.3886349383</y>
      </center>
      <pyramid>
        <level index="0" path="0/c125.tif" mask="0/m125.tif"/>
        <level index="1" path="1/c125.tif" mask="1/m125.tif"/>
        <level index="2" path="2/c125.tif" mask="2/m125.tif"/>
        <level index="3" path="3/c125.tif" mask="3/m125.tif"/>
        <level index="4" path="4/c125.tif" mask="4/m125.tif"/>
        <level index="5" path="5/c125.tif" mask="5/m125.tif"/>
        <level index="6" path="6/c125.tif" mask="6/m125.tif"/>
        <level index="7" path="7/c125.tif" mask="7/m125.tif"/>
        <level index="8" path="8/c125.tif" mask="8/m125.tif"/>
        <level index="9" path="9/c125.tif" mask="9/m125.tif"/>
      </pyramid>
    </image>
    <image id="123">
      <extent>
        <left>2507653.8717009905</left>
        <top>1139130.3805113824</top>
        <right>2507692.7243809472</right>
        <bottom>1139089.2960847963</bottom>
      </extent>
      <center>
        <x>2507674.0892917085</x>
        <y>1139109.8043278675</y>
      </center>
      <pyramid>
        <level index="0" path="0/c123.tif" mask="0/m123.tif"/>
        <level index="1" path="1/c123.tif" mask="1/m123.tif"/>
        <level index="2" path="2/c123.tif" mask="2/m123.tif"/>
        <level index="3" path="3/c123.tif" mask="3/m123.tif"/>
        <level index="4" path="4/c123.tif" mask="4/m123.tif"/>
        <level index="5" path="5/c123.tif" mask="5/m123.tif"/>
        <level index="6" path="6/c123.tif" mask="6/m123.tif"/>
        <level index="7" path="7/c123.tif" mask="7/m123.tif"/>
        <level index="8" path="8/c123.tif" mask="8/m123.tif"/>
        <level index="9" path="9/c123.tif" mask="9/m123.tif"/>
      </pyramid>
    </image>
    <image id="129">
      <extent>
        <left>2507681.9206984001</left>
        <top>1139112.5772598616</top>
        <right>2507721.128428957</right>
        <bottom>1139074.0796305051</bottom>
      </extent>
      <center>
        <x>2507702.3388695586</x>
        <y>1139091.7251707448</y>
      </center>
      <pyramid>
        <level index="0" path="0/c129.tif" mask="0/m129.tif"/>
        <level index="1" path="1/c129.tif" mask="1/m129.tif"/>
        <level index="2" path="2/c129.tif" mask="2/m129.tif"/>
        <level index="3" path="3/c129.tif" mask="3/m129.tif"/>
        <level index="4" path="4/c129.tif" mask="4/m129.tif"/>
        <level index="5" path="5/c129.tif" mask="5/m129.tif"/>
        <level index="6" path="6/c129.tif" mask="6/m129.tif"/>
        <level index="7" path="7/c129.tif" mask="7/m129.tif"/>
        <level index="8" path="8/c129.tif" mask="8/m129.tif"/>
        <level index="9" path="9/c129.tif" mask="9/m129.tif"/>
      </pyramid>
    </image>
    <image id="128">
      <extent>
        <left>2507678.877407542</left>
        <top>1139114.0989052909</top>
        <right>2507717.9836950703</right>
        <bottom>1139074.0796305053</bottom>
      </extent>
      <center>
        <x>2507699.4267795589</x>
        <y>1139093.6306384015</y>
      </center>
      <pyramid>
        <level index="0" path="0/c128.tif" mask="0/m128.tif"/>
        <level index="1" path="1/c128.tif" mask="1/m128.tif"/>
        <level index="2" path="2/c128.tif" mask="2/m128.tif"/>
        <level index="3" path="3/c128.tif" mask="3/m128.tif"/>
        <level index="4" path="4/c128.tif" mask="4/m128.tif"/>
        <level index="5" path="5/c128.tif" mask="5/m128.tif"/>
        <level index="6" path="6/c128.tif" mask="6/m128.tif"/>
        <level index="7" path="7/c128.tif" mask="7/m128.tif"/>
        <level index="8" path="8/c128.tif" mask="8/m128.tif"/>
        <level index="9" path="9/c128.tif" mask="9/m128.tif"/>
      </pyramid>
    </image>
    <image id="124">
      <extent>
        <left>2507657.7265360774</left>
        <top>1139127.0836129526</top>
        <right>2507697.7458108631</right>
        <bottom>1139086.404958481</bottom>
      </extent>
      <center>
        <x>2507679.2154355384</x>
        <y>1139106.5296969924</y>
      </center>
      <pyramid>
        <level index="0" path="0/c124.tif" mask="0/m124.tif"/>
        <level index="1" path="1/c124.tif" mask="1/m124.tif"/>
        <level index="2" path="2/c124.tif" mask="2/m124.tif"/>
        <level index="3" path="3/c124.tif" mask="3/m124.tif"/>
        <level index="4" path="4/c124.tif" mask="4/m124.tif"/>
        <level index="5" path="5/c124.tif" mask="5/m124.tif"/>
        <level index="6" path="6/c124.tif" mask="6/m124.tif"/>
        <level index="7" path="7/c124.tif" mask="7/m124.tif"/>
        <level index="8" path="8/c124.tif" mask="8/m124.tif"/>
        <level index="9" path="9/c124.tif" mask="9/m124.tif"/>
      </pyramid>
    </image>
    <image id="131">
      <extent>
        <left>2507724.1209983011</left>
        <top>1139172.3272037117</top>
        <right>2507760.6404885999</right>
        <bottom>1139131.3442201542</bottom>
      </extent>
      <center>
        <x>2507745.200239012</x>
        <y>1139151.8189658134</y>
      </center>
      <pyramid>
        <level index="0" path="0/c131.tif" mask="0/m131.tif"/>
        <level index="1" path="1/c131.tif" mask="1/m131.tif"/>
        <level index="2" path="2/c131.tif" mask="2/m131.tif"/>
        <level index="3" path="3/c131.tif" mask="3/m131.tif"/>
        <level index="4" path="4/c131.tif" mask="4/m131.tif"/>
        <level index="5" path="5/c131.tif" mask="5/m131.tif"/>
        <level index="6" path="6/c131.tif" mask="6/m131.tif"/>
        <level index="7" path="7/c131.tif" mask="7/m131.tif"/>
        <level index="8" path="8/c131.tif" mask="8/m131.tif"/>
        <level index="9" path="9/c131.tif" mask="9/m131.tif"/>
      </pyramid>
    </image>
    <image id="136">
      <extent>
        <left>2507701.7020889786</left>
        <top>1139187.1378858883</top>
        <right>2507741.011262564</right>
        <bottom>1139146.3070668736</bottom>
      </extent>
      <center>
        <x>2507722.5014117062</x>
        <y>1139167.205456916</y>
      </center>
      <pyramid>
        <level index="0" path="0/c136.tif" mask="0/m136.tif"/>
        <level index="1" path="1/c136.tif" mask="1/m136.tif"/>
        <level index="2" path="2/c136.tif" mask="2/m136.tif"/>
        <level index="3" path="3/c136.tif" mask="3/m136.tif"/>
        <level index="4" path="4/c136.tif" mask="4/m136.tif"/>
        <level index="5" path="5/c136.tif" mask="5/m136.tif"/>
        <level index="6" path="6/c136.tif" mask="6/m136.tif"/>
        <level index="7" path="7/c136.tif" mask="7/m136.tif"/>
        <level index="8" path="8/c136.tif" mask="8/m136.tif"/>
        <level index="9" path="9/c136.tif" mask="9/m136.tif"/>
      </pyramid>
    </image>
    <image id="121">
      <extent>
        <left>2507644.0317272153</left>
        <top>1139136.822143699</top>
        <right>2507682.6815211149</right>
        <bottom>1139095.6362740842</bottom>
      </extent>
      <center>
        <x>2507663.9830672126</x>
        <y>1139116.4231724222</y>
      </center>
      <pyramid>
        <level index="0" path="0/c121.tif" mask="0/m121.tif"/>
        <level index="1" path="1/c121.tif" mask="1/m121.tif"/>
        <level index="2" path="2/c121.tif" mask="2/m121.tif"/>
        <level index="3" path="3/c121.tif" mask="3/m121.tif"/>
        <level index="4" path="4/c121.tif" mask="4/m121.tif"/>
        <level index="5" path="5/c121.tif" mask="5/m121.tif"/>
        <level index="6" path="6/c121.tif" mask="6/m121.tif"/>
        <level index="7" path="7/c121.tif" mask="7/m121.tif"/>
        <level index="8" path="8/c121.tif" mask="8/m121.tif"/>
        <level index="9" path="9/c121.tif" mask="9/m121.tif"/>
      </pyramid>
    </image>
    <image id="126">
      <extent>
        <left>2507668.6823831671</left>
        <top>1139120.5405376074</top>
        <right>2507707.7886706954</right>
        <bottom>1139079.7097185927</bottom>
      </extent>
      <center>
        <x>2507689.2539171129</x>
        <y>1139100.1180694208</y>
      </center>
      <pyramid>
        <level index="0" path="0/c126.tif" mask="0/m126.tif"/>
        <level index="1" path="1/c126.tif" mask="1/m126.tif"/>
        <level index="2" path="2/c126.tif" mask="2/m126.tif"/>
        <level index="3" path="3/c126.tif" mask="3/m126.tif"/>
        <level index="4" path="4/c126.tif" mask="4/m126.tif"/>
        <level index="5" path="5/c126.tif" mask="5/m126.tif"/>
        <level index="6" path="6/c126.tif" mask="6/m126.tif"/>
        <level index="7" path="7/c126.tif" mask="7/m126.tif"/>
        <level index="8" path="8/c126.tif" mask="8/m126.tif"/>
        <level index="9" path="9/c126.tif" mask="9/m126.tif"/>
      </pyramid>
    </image>
    <image id="127">
      <extent>
        <left>2507673.653091569</left>
        <top>1139117.4972467492</top>
        <right>2507712.9622651543</right>
        <bottom>1139076.9707568204</bottom>
      </extent>
      <center>
        <x>2507694.3488008641</x>
        <y>1139096.879386764</y>
      </center>
      <pyramid>
        <level index="0" path="0/c127.tif" mask="0/m127.tif"/>
        <level index="1" path="1/c127.tif" mask="1/m127.tif"/>
        <level index="2" path="2/c127.tif" mask="2/m127.tif"/>
        <level index="3" path="3/c127.tif" mask="3/m127.tif"/>
        <level index="4" path="4/c127.tif" mask="4/m127.tif"/>
        <level index="5" path="5/c127.tif" mask="5/m127.tif"/>
        <level index="6" path="6/c127.tif" mask="6/m127.tif"/>
        <level index="7" path="7/c127.tif" mask="7/m127.tif"/>
        <level index="8" path="8/c127.tif" mask="8/m127.tif"/>
        <level index="9" path="9/c127.tif" mask="9/m127.tif"/>
      </pyramid>
    </image>
  </images>
</orthomosaic>
