<?xml version="1.0" encoding="UTF-8"?>
<orthomosaic version="1.2.0">
  <images level_count="10">
    <image id="110">
      <extent>
        <left>2507588.5423905668</left>
        <top>1139174.2038997409</top>
        <right>2507628.1558932383</right>
        <bottom>1139133.6266882978</bottom>
      </extent>
      <center>
        <x>2507608.4251382668</x>
        <y>1139154.6118990392</y>
      </center>
      <pyramid>
        <level index="0" path="0/c110.tif" mask="0/m110.tif"/>
        <level index="1" path="1/c110.tif" mask="1/m110.tif"/>
        <level index="2" path="2/c110.tif" mask="2/m110.tif"/>
        <level index="3" path="3/c110.tif" mask="3/m110.tif"/>
        <level index="4" path="4/c110.tif" mask="4/m110.tif"/>
        <level index="5" path="5/c110.tif" mask="5/m110.tif"/>
        <level index="6" path="6/c110.tif" mask="6/m110.tif"/>
        <level index="7" path="7/c110.tif" mask="7/m110.tif"/>
        <level index="8" path="8/c110.tif" mask="8/m110.tif"/>
        <level index="9" path="9/c110.tif" mask="9/m110.tif"/>
      </pyramid>
    </image>
    <image id="112">
      <extent>
        <left>2507598.382364342</left>
        <top>1139167.4579383384</top>
        <right>2507637.6408164133</right>
        <bottom>1139126.6271193237</bottom>
      </extent>
      <center>
        <x>2507618.1986192185</x>
        <y>1139147.6433173264</y>
      </center>
      <pyramid>
        <level index="0" path="0/c112.tif" mask="0/m112.tif"/>
        <level index="1" path="1/c112.tif" mask="1/m112.tif"/>
        <level index="2" path="2/c112.tif" mask="2/m112.tif"/>
        <level index="3" path="3/c112.tif" mask="3/m112.tif"/>
        <level index="4" path="4/c112.tif" mask="4/m112.tif"/>
        <level index="5" path="5/c112.tif" mask="5/m112.tif"/>
        <level index="6" path="6/c112.tif" mask="6/m112.tif"/>
        <level index="7" path="7/c112.tif" mask="7/m112.tif"/>
        <level index="8" path="8/c112.tif" mask="8/m112.tif"/>
        <level index="9" path="9/c112.tif" mask="9/m112.tif"/>
      </pyramid>
    </image>
    <image id="117">
      <extent>
        <left>2507623.9460075512</left>
        <top>1139150.5676740753</top>
        <right>2507662.7986875079</right>
        <bottom>1139109.5339690035</bottom>
      </extent>
      <center>
        <x>2507643.6332395133</x>
        <y>1139130.0387940553</y>
      </center>
      <pyramid>
        <level index="0" path="0/c117.tif" mask="0/m117.tif"/>
        <level index="1" path="1/c117.tif" mask="1/m117.tif"/>
        <level index="2" path="2/c117.tif" mask="2/m117.tif"/>
        <level index="3" path="3/c117.tif" mask="3/m117.tif"/>
        <level index="4" path="4/c117.tif" mask="4/m117.tif"/>
        <level index="5" path="5/c117.tif" mask="5/m117.tif"/>
        <level index="6" path="6/c117.tif" mask="6/m117.tif"/>
        <level index="7" path="7/c117.tif" mask="7/m117.tif"/>
        <level index="8" path="8/c117.tif" mask="8/m117.tif"/>
        <level index="9" path="9/c117.tif" mask="9/m117.tif"/>
      </pyramid>
    </image>
    <image id="109">
      <extent>
        <left>2507582.2022012789</left>
        <top>1139178.4645069423</top>
        <right>2507622.120033036</right>
        <bottom>1139137.2786373275</bottom>
      </extent>
      <center>
        <x>2507602.7470616717</x>
        <y>1139158.8244598117</y>
      </center>
      <pyramid>
        <level index="0" path="0/c109.tif" mask="0/m109.tif"/>
        <level index="1" path="1/c109.tif" mask="1/m109.tif"/>
        <level index="2" path="2/c109.tif" mask="2/m109.tif"/>
        <level index="3" path="3/c109.tif" mask="3/m109.tif"/>
        <level index="4" path="4/c109.tif" mask="4/m109.tif"/>
        <level index="5" path="5/c109.tif" mask="5/m109.tif"/>
        <level index="6" path="6/c109.tif" mask="6/m109.tif"/>
        <level index="7" path="7/c109.tif" mask="7/m109.tif"/>
        <level index="8" path="8/c109.tif" mask="8/m109.tif"/>
        <level index="9" path="9/c109.tif" mask="9/m109.tif"/>
      </pyramid>
    </image>
    <image id="113">
      <extent>
        <left>2507602.6936930576</left>
        <top>1139164.0088753658</top>
        <right>2507642.8651323863</right>
        <bottom>1139123.2794993799</bottom>
      </extent>
      <center>
        <x>2507623.2432218362</x>
        <y>1139144.101026857</y>
      </center>
      <pyramid>
        <level index="0" path="0/c113.tif" mask="0/m113.tif"/>
        <level index="1" path="1/c113.tif" mask="1/m113.tif"/>
        <level index="2" path="2/c113.tif" mask="2/m113.tif"/>
        <level index="3" path="3/c113.tif" mask="3/m113.tif"/>
        <level index="4" path="4/c113.tif" mask="4/m113.tif"/>
        <level index="5" path="5/c113.tif" mask="5/m113.tif"/>
        <level index="6" path="6/c113.tif" mask="6/m113.tif"/>
        <level index="7" path="7/c113.tif" mask="7/m113.tif"/>
        <level index="8" path="8/c113.tif" mask="8/m113.tif"/>
        <level index="9" path="9/c113.tif" mask="9/m113.tif"/>
      </pyramid>
    </image>
    <image id="119">
      <extent>
        <left>2507633.3802092113</left>
        <top>1139143.4666620728</top>
        <right>2507672.7401043111</right>
        <bottom>1139102.7880076012</bottom>
      </extent>
      <center>
        <x>2507653.7782541085</x>
        <y>1139123.2049514886</y>
      </center>
      <pyramid>
        <level index="0" path="0/c119.tif" mask="0/m119.tif"/>
        <level index="1" path="1/c119.tif" mask="1/m119.tif"/>
        <level index="2" path="2/c119.tif" mask="2/m119.tif"/>
        <level index="3" path="3/c119.tif" mask="3/m119.tif"/>
        <level index="4" path="4/c119.tif" mask="4/m119.tif"/>
        <level index="5" path="5/c119.tif" mask="5/m119.tif"/>
        <level index="6" path="6/c119.tif" mask="6/m119.tif"/>
        <level index="7" path="7/c119.tif" mask="7/m119.tif"/>
        <level index="8" path="8/c119.tif" mask="8/m119.tif"/>
        <level index="9" path="9/c119.tif" mask="9/m119.tif"/>
      </pyramid>
    </image>
    <image id="116">
      <extent>
        <left>2507618.8231346062</left>
        <top>1139153.4080788763</top>
        <right>2507657.827979106</right>
        <bottom>1139112.8815889475</bottom>
      </extent>
      <center>
        <x>2507638.6685802266</x>
        <y>1139133.5068713645</y>
      </center>
      <pyramid>
        <level index="0" path="0/c116.tif" mask="0/m116.tif"/>
        <level index="1" path="1/c116.tif" mask="1/m116.tif"/>
        <level index="2" path="2/c116.tif" mask="2/m116.tif"/>
        <level index="3" path="3/c116.tif" mask="3/m116.tif"/>
        <level index="4" path="4/c116.tif" mask="4/m116.tif"/>
        <level index="5" path="5/c116.tif" mask="5/m116.tif"/>
        <level index="6" path="6/c116.tif" mask="6/m116.tif"/>
        <level index="7" path="7/c116.tif" mask="7/m116.tif"/>
        <level index="8" path="8/c116.tif" mask="8/m116.tif"/>
        <level index="9" path="9/c116.tif" mask="9/m116.tif"/>
      </pyramid>
    </image>
    <image id="105">
      <extent>
        <left>2507589.9625929673</left>
        <top>1139185.0075822875</top>
        <right>2507629.4239310957</right>
        <bottom>1139144.1260417586</bottom>
      </extent>
      <center>
        <x>2507609.1241258122</x>
        <y>1139165.3041773939</y>
      </center>
      <pyramid>
        <level index="0" path="0/c105.tif" mask="0/m105.tif"/>
        <level index="1" path="1/c105.tif" mask="1/m105.tif"/>
        <level index="2" path="2/c105.tif" mask="2/m105.tif"/>
        <level index="3" path="3/c105.tif" mask="3/m105.tif"/>
        <level index="4" path="4/c105.tif" mask="4/m105.tif"/>
        <level index="5" path="5/c105.tif" mask="5/m105.tif"/>
        <level index="6" path="6/c105.tif" mask="6/m105.tif"/>
        <level index="7" path="7/c105.tif" mask="7/m105.tif"/>
        <level index="8" path="8/c105.tif" mask="8/m105.tif"/>
        <level index="9" path="9/c105.tif" mask="9/m105.tif"/>
      </pyramid>
    </image>
    <image id="107">
      <extent>
        <left>2507585.4990997086</left>
        <top>1139182.2686205152</top>
        <right>2507624.808273294</right>
        <bottom>1139141.6406875579</bottom>
      </extent>
      <center>
        <x>2507605.300200982</x>
        <y>1139162.8192813243</y>
      </center>
      <pyramid>
        <level index="0" path="0/c107.tif" mask="0/m107.tif"/>
        <level index="1" path="1/c107.tif" mask="1/m107.tif"/>
        <level index="2" path="2/c107.tif" mask="2/m107.tif"/>
        <level index="3" path="3/c107.tif" mask="3/m107.tif"/>
        <level index="4" path="4/c107.tif" mask="4/m107.tif"/>
        <level index="5" path="5/c107.tif" mask="5/m107.tif"/>
        <level index="6" path="6/c107.tif" mask="6/m107.tif"/>
        <level index="7" path="7/c107.tif" mask="7/m107.tif"/>
        <level index="8" path="8/c107.tif" mask="8/m107.tif"/>
        <level index="9" path="9/c107.tif" mask="9/m107.tif"/>
      </pyramid>
    </image>
    <image id="111">
      <extent>
        <left>2507593.6652635117</left>
        <top>1139170.7548367681</top>
        <right>2507632.77155104</right>
        <bottom>1139130.0761822965</bottom>
      </extent>
      <center>
        <x>2507613.134901518</x>
        <y>1139151.1657285986</y>
      </center>
      <pyramid>
        <level index="0" path="0/c111.tif" mask="0/m111.tif"/>
        <level index="1" path="1/c111.tif" mask="1/m111.tif"/>
        <level index="2" path="2/c111.tif" mask="2/m111.tif"/>
        <level index="3" path="3/c111.tif" mask="3/m111.tif"/>
        <level index="4" path="4/c111.tif" mask="4/m111.tif"/>
        <level index="5" path="5/c111.tif" mask="5/m111.tif"/>
        <level index="6" path="6/c111.tif" mask="6/m111.tif"/>
        <level index="7" path="7/c111.tif" mask="7/m111.tif"/>
        <level index="8" path="8/c111.tif" mask="8/m111.tif"/>
        <level index="9" path="9/c111.tif" mask="9/m111.tif"/>
      </pyramid>
    </image>
    <image id="118">
      <extent>
        <left>2507628.8659944385</left>
        <top>1139146.662117474</top>
        <right>2507667.7186743952</right>
        <bottom>1139105.4762478592</bottom>
      </extent>
      <center>
        <x>2507648.713149488</x>
        <y>1139126.5907504451</y>
      </center>
      <pyramid>
        <level index="0" path="0/c118.tif" mask="0/m118.tif"/>
        <level index="1" path="1/c118.tif" mask="1/m118.tif"/>
        <level index="2" path="2/c118.tif" mask="2/m118.tif"/>
        <level index="3" path="3/c118.tif" mask="3/m118.tif"/>
        <level index="4" path="4/c118.tif" mask="4/m118.tif"/>
        <level index="5" path="5/c118.tif" mask="5/m118.tif"/>
        <level index="6" path="6/c118.tif" mask="6/m118.tif"/>
        <level index="7" path="7/c118.tif" mask="7/m118.tif"/>
        <level index="8" path="8/c118.tif" mask="8/m118.tif"/>
        <level index="9" path="9/c118.tif" mask="9/m118.tif"/>
      </pyramid>
    </image>
    <image id="120">
      <extent>
        <left>2507638.8581327563</left>
        <top>1139139.9668775857</top>
        <right>2507677.7615342275</right>
        <bottom>1139098.5781219138</bottom>
      </extent>
      <center>
        <x>2507658.9354999606</x>
        <y>1139119.8701349774</y>
      </center>
      <pyramid>
        <level index="0" path="0/c120.tif" mask="0/m120.tif"/>
        <level index="1" path="1/c120.tif" mask="1/m120.tif"/>
        <level index="2" path="2/c120.tif" mask="2/m120.tif"/>
        <level index="3" path="3/c120.tif" mask="3/m120.tif"/>
        <level index="4" path="4/c120.tif" mask="4/m120.tif"/>
        <level index="5" path="5/c120.tif" mask="5/m120.tif"/>
        <level index="6" path="6/c120.tif" mask="6/m120.tif"/>
        <level index="7" path="7/c120.tif" mask="7/m120.tif"/>
        <level index="8" path="8/c120.tif" mask="8/m120.tif"/>
        <level index="9" path="9/c120.tif" mask="9/m120.tif"/>
      </pyramid>
    </image>
    <image id="115">
      <extent>
        <left>2507613.1423250041</left>
        <top>1139157.2629139635</top>
        <right>2507652.552941618</right>
        <bottom>1139116.3813734346</bottom>
      </extent>
      <center>
        <x>2507633.2123786137</x>
        <y>1139137.1698858491</y>
      </center>
      <pyramid>
        <level index="0" path="0/c115.tif" mask="0/m115.tif"/>
        <level index="1" path="1/c115.tif" mask="1/m115.tif"/>
        <level index="2" path="2/c115.tif" mask="2/m115.tif"/>
        <level index="3" path="3/c115.tif" mask="3/m115.tif"/>
        <level index="4" path="4/c115.tif" mask="4/m115.tif"/>
        <level index="5" path="5/c115.tif" mask="5/m115.tif"/>
        <level index="6" path="6/c115.tif" mask="6/m115.tif"/>
        <level index="7" path="7/c115.tif" mask="7/m115.tif"/>
        <level index="8" path="8/c115.tif" mask="8/m115.tif"/>
        <level index="9" path="9/c115.tif" mask="9/m115.tif"/>
      </pyramid>
    </image>
    <image id="108">
      <extent>
        <left>2507582.2022012789</left>
        <top>1139177.9065702851</top>
        <right>2507621.2070457786</right>
        <bottom>1139137.1264727849</bottom>
      </extent>
      <center>
        <x>2507601.7375600375</x>
        <y>1139158.4655723625</y>
      </center>
      <pyramid>
        <level index="0" path="0/c108.tif" mask="0/m108.tif"/>
        <level index="1" path="1/c108.tif" mask="1/m108.tif"/>
        <level index="2" path="2/c108.tif" mask="2/m108.tif"/>
        <level index="3" path="3/c108.tif" mask="3/m108.tif"/>
        <level index="4" path="4/c108.tif" mask="4/m108.tif"/>
        <level index="5" path="5/c108.tif" mask="5/m108.tif"/>
        <level index="6" path="6/c108.tif" mask="6/m108.tif"/>
        <level index="7" path="7/c108.tif" mask="7/m108.tif"/>
        <level index="8" path="8/c108.tif" mask="8/m108.tif"/>
        <level index="9" path="9/c108.tif" mask="9/m108.tif"/>
      </pyramid>
    </image>
    <image id="106">
      <extent>
        <left>2507588.4916690527</left>
        <top>1139185.7176834878</top>
        <right>2507627.9022856667</right>
        <bottom>1139144.9375859876</bottom>
      </extent>
      <center>
        <x>2507607.7436421011</x>
        <y>1139166.1335661584</y>
      </center>
      <pyramid>
        <level index="0" path="0/c106.tif" mask="0/m106.tif"/>
        <level index="1" path="1/c106.tif" mask="1/m106.tif"/>
        <level index="2" path="2/c106.tif" mask="2/m106.tif"/>
        <level index="3" path="3/c106.tif" mask="3/m106.tif"/>
        <level index="4" path="4/c106.tif" mask="4/m106.tif"/>
        <level index="5" path="5/c106.tif" mask="5/m106.tif"/>
        <level index="6" path="6/c106.tif" mask="6/m106.tif"/>
        <level index="7" path="7/c106.tif" mask="7/m106.tif"/>
        <level index="8" path="8/c106.tif" mask="8/m106.tif"/>
        <level index="9" path="9/c106.tif" mask="9/m106.tif"/>
      </pyramid>
    </image>
    <image id="104">
      <extent>
        <left>2507594.8318583407</left>
        <top>1139181.6092408292</top>
        <right>2507634.3946394976</right>
        <bottom>1139140.7277003003</bottom>
      </extent>
      <center>
        <x>2507614.1018264275</x>
        <y>1139161.7399326004</y>
      </center>
      <pyramid>
        <level index="0" path="0/c104.tif" mask="0/m104.tif"/>
        <level index="1" path="1/c104.tif" mask="1/m104.tif"/>
        <level index="2" path="2/c104.tif" mask="2/m104.tif"/>
        <level index="3" path="3/c104.tif" mask="3/m104.tif"/>
        <level index="4" path="4/c104.tif" mask="4/m104.tif"/>
        <level index="5" path="5/c104.tif" mask="5/m104.tif"/>
        <level index="6" path="6/c104.tif" mask="6/m104.tif"/>
        <level index="7" path="7/c104.tif" mask="7/m104.tif"/>
        <level index="8" path="8/c104.tif" mask="8/m104.tif"/>
        <level index="9" path="9/c104.tif" mask="9/m104.tif"/>
      </pyramid>
    </image>
    <image id="103">
      <extent>
        <left>2507599.8532882566</left>
        <top>1139177.9572917994</top>
        <right>2507639.1117403279</right>
        <bottom>1139137.0757512704</bottom>
      </extent>
      <center>
        <x>2507619.0269222949</x>
        <y>1139158.3105917871</y>
      </center>
      <pyramid>
        <level index="0" path="0/c103.tif" mask="0/m103.tif"/>
        <level index="1" path="1/c103.tif" mask="1/m103.tif"/>
        <level index="2" path="2/c103.tif" mask="2/m103.tif"/>
        <level index="3" path="3/c103.tif" mask="3/m103.tif"/>
        <level index="4" path="4/c103.tif" mask="4/m103.tif"/>
        <level index="5" path="5/c103.tif" mask="5/m103.tif"/>
        <level index="6" path="6/c103.tif" mask="6/m103.tif"/>
        <level index="7" path="7/c103.tif" mask="7/m103.tif"/>
        <level index="8" path="8/c103.tif" mask="8/m103.tif"/>
        <level index="9" path="9/c103.tif" mask="9/m103.tif"/>
      </pyramid>
    </image>
    <image id="114">
      <extent>
        <left>2507608.932439317</left>
        <top>1139160.5090908788</top>
        <right>2507647.8358407882</right>
        <bottom>1139119.7797148929</bottom>
      </extent>
      <center>
        <x>2507628.566472562</x>
        <y>1139140.2886864957</y>
      </center>
      <pyramid>
        <level index="0" path="0/c114.tif" mask="0/m114.tif"/>
        <level index="1" path="1/c114.tif" mask="1/m114.tif"/>
        <level index="2" path="2/c114.tif" mask="2/m114.tif"/>
        <level index="3" path="3/c114.tif" mask="3/m114.tif"/>
        <level index="4" path="4/c114.tif" mask="4/m114.tif"/>
        <level index="5" path="5/c114.tif" mask="5/m114.tif"/>
        <level index="6" path="6/c114.tif" mask="6/m114.tif"/>
        <level index="7" path="7/c114.tif" mask="7/m114.tif"/>
        <level index="8" path="8/c114.tif" mask="8/m114.tif"/>
        <level index="9" path="9/c114.tif" mask="9/m114.tif"/>
      </pyramid>
    </image>
    <image id="101">
      <extent>
        <left>2507609.3889329457</left>
        <top>1139171.4142164541</top>
        <right>2507649.2053216742</right>
        <bottom>1139130.1269038108</bottom>
      </extent>
      <center>
        <x>2507629.1268946994</x>
        <y>1139151.2240167677</y>
      </center>
      <pyramid>
        <level index="0" path="0/c101.tif" mask="0/m101.tif"/>
        <level index="1" path="1/c101.tif" mask="1/m101.tif"/>
        <level index="2" path="2/c101.tif" mask="2/m101.tif"/>
        <level index="3" path="3/c101.tif" mask="3/m101.tif"/>
        <level index="4" path="4/c101.tif" mask="4/m101.tif"/>
        <level index="5" path="5/c101.tif" mask="5/m101.tif"/>
        <level index="6" path="6/c101.tif" mask="6/m101.tif"/>
        <level index="7" path="7/c101.tif" mask="7/m101.tif"/>
        <level index="8" path="8/c101.tif" mask="8/m101.tif"/>
        <level index="9" path="9/c101.tif" mask="9/m101.tif"/>
      </pyramid>
    </image>
    <image id="102">
      <extent>
        <left>2507604.3167815153</left>
        <top>1139174.8632794269</top>
        <right>2507644.3360563009</right>
        <bottom>1139133.5759667836</bottom>
      </extent>
      <center>
        <x>2507624.115313001</x>
        <y>1139154.6940050137</y>
      </center>
      <pyramid>
        <level index="0" path="0/c102.tif" mask="0/m102.tif"/>
        <level index="1" path="1/c102.tif" mask="1/m102.tif"/>
        <level index="2" path="2/c102.tif" mask="2/m102.tif"/>
        <level index="3" path="3/c102.tif" mask="3/m102.tif"/>
        <level index="4" path="4/c102.tif" mask="4/m102.tif"/>
        <level index="5" path="5/c102.tif" mask="5/m102.tif"/>
        <level index="6" path="6/c102.tif" mask="6/m102.tif"/>
        <level index="7" path="7/c102.tif" mask="7/m102.tif"/>
        <level index="8" path="8/c102.tif" mask="8/m102.tif"/>
        <level index="9" path="9/c102.tif" mask="9/m102.tif"/>
      </pyramid>
    </image>
  </images>
</orthomosaic>
