<?xml version="1.0" encoding="UTF-8"?>
<orthomosaic version="1.2.0">
  <images level_count="10">
    <image id="76">
      <extent>
        <left>2507612.7940749894</left>
        <top>1139215.6938324468</top>
        <right>2507651.9868949894</right>
        <bottom>1139174.6960799468</bottom>
      </extent>
      <center>
        <x>2507634.6052824426</x>
        <y>1139195.0905340337</y>
      </center>
      <pyramid>
        <level index="0" path="0/c76.tif" mask="0/m76.tif"/>
        <level index="1" path="1/c76.tif" mask="1/m76.tif"/>
        <level index="2" path="2/c76.tif" mask="2/m76.tif"/>
        <level index="3" path="3/c76.tif" mask="3/m76.tif"/>
        <level index="4" path="4/c76.tif" mask="4/m76.tif"/>
        <level index="5" path="5/c76.tif" mask="5/m76.tif"/>
        <level index="6" path="6/c76.tif" mask="6/m76.tif"/>
        <level index="7" path="7/c76.tif" mask="7/m76.tif"/>
        <level index="8" path="8/c76.tif" mask="8/m76.tif"/>
        <level index="9" path="9/c76.tif" mask="9/m76.tif"/>
      </pyramid>
    </image>
    <image id="77">
      <extent>
        <left>2507613.4644784895</left>
        <top>1139216.2095274469</top>
        <right>2507652.5025899895</right>
        <bottom>1139174.9539274469</bottom>
      </extent>
      <center>
        <x>2507635.1080365144</x>
        <y>1139196.1669560743</y>
      </center>
      <pyramid>
        <level index="0" path="0/c77.tif" mask="0/m77.tif"/>
        <level index="1" path="1/c77.tif" mask="1/m77.tif"/>
        <level index="2" path="2/c77.tif" mask="2/m77.tif"/>
        <level index="3" path="3/c77.tif" mask="3/m77.tif"/>
        <level index="4" path="4/c77.tif" mask="4/m77.tif"/>
        <level index="5" path="5/c77.tif" mask="5/m77.tif"/>
        <level index="6" path="6/c77.tif" mask="6/m77.tif"/>
        <level index="7" path="7/c77.tif" mask="7/m77.tif"/>
        <level index="8" path="8/c77.tif" mask="8/m77.tif"/>
        <level index="9" path="9/c77.tif" mask="9/m77.tif"/>
      </pyramid>
    </image>
    <image id="69">
      <extent>
        <left>2507639.5586454892</left>
        <top>1139212.2386759468</top>
        <right>2507679.7312859893</right>
        <bottom>1139170.415811447</bottom>
      </extent>
      <center>
        <x>2507658.9556644838</x>
        <y>1139191.5873687866</y>
      </center>
      <pyramid>
        <level index="0" path="0/c69.tif" mask="0/m69.tif"/>
        <level index="1" path="1/c69.tif" mask="1/m69.tif"/>
        <level index="2" path="2/c69.tif" mask="2/m69.tif"/>
        <level index="3" path="3/c69.tif" mask="3/m69.tif"/>
        <level index="4" path="4/c69.tif" mask="4/m69.tif"/>
        <level index="5" path="5/c69.tif" mask="5/m69.tif"/>
        <level index="6" path="6/c69.tif" mask="6/m69.tif"/>
        <level index="7" path="7/c69.tif" mask="7/m69.tif"/>
        <level index="8" path="8/c69.tif" mask="8/m69.tif"/>
        <level index="9" path="9/c69.tif" mask="9/m69.tif"/>
      </pyramid>
    </image>
    <image id="71">
      <extent>
        <left>2507629.9667184893</left>
        <top>1139218.633293947</top>
        <right>2507669.6236639894</right>
        <bottom>1139177.2745549469</bottom>
      </extent>
      <center>
        <x>2507649.7091179285</x>
        <y>1139198.3835468923</y>
      </center>
      <pyramid>
        <level index="0" path="0/c71.tif" mask="0/m71.tif"/>
        <level index="1" path="1/c71.tif" mask="1/m71.tif"/>
        <level index="2" path="2/c71.tif" mask="2/m71.tif"/>
        <level index="3" path="3/c71.tif" mask="3/m71.tif"/>
        <level index="4" path="4/c71.tif" mask="4/m71.tif"/>
        <level index="5" path="5/c71.tif" mask="5/m71.tif"/>
        <level index="6" path="6/c71.tif" mask="6/m71.tif"/>
        <level index="7" path="7/c71.tif" mask="7/m71.tif"/>
        <level index="8" path="8/c71.tif" mask="8/m71.tif"/>
        <level index="9" path="9/c71.tif" mask="9/m71.tif"/>
      </pyramid>
    </image>
    <image id="75">
      <extent>
        <left>2507616.3008009894</left>
        <top>1139220.335087447</top>
        <right>2507655.5451904894</right>
        <bottom>1139179.2341959469</bottom>
      </extent>
      <center>
        <x>2507637.4375500828</x>
        <y>1139200.0895998441</y>
      </center>
      <pyramid>
        <level index="0" path="0/c75.tif" mask="0/m75.tif"/>
        <level index="1" path="1/c75.tif" mask="1/m75.tif"/>
        <level index="2" path="2/c75.tif" mask="2/m75.tif"/>
        <level index="3" path="3/c75.tif" mask="3/m75.tif"/>
        <level index="4" path="4/c75.tif" mask="4/m75.tif"/>
        <level index="5" path="5/c75.tif" mask="5/m75.tif"/>
        <level index="6" path="6/c75.tif" mask="6/m75.tif"/>
        <level index="7" path="7/c75.tif" mask="7/m75.tif"/>
        <level index="8" path="8/c75.tif" mask="8/m75.tif"/>
        <level index="9" path="9/c75.tif" mask="9/m75.tif"/>
      </pyramid>
    </image>
    <image id="78">
      <extent>
        <left>2507619.0855539893</left>
        <top>1139212.3418149468</top>
        <right>2507658.3815129893</right>
        <bottom>1139171.6019099469</bottom>
      </extent>
      <center>
        <x>2507640.5120299887</x>
        <y>1139192.5680453421</y>
      </center>
      <pyramid>
        <level index="0" path="0/c78.tif" mask="0/m78.tif"/>
        <level index="1" path="1/c78.tif" mask="1/m78.tif"/>
        <level index="2" path="2/c78.tif" mask="2/m78.tif"/>
        <level index="3" path="3/c78.tif" mask="3/m78.tif"/>
        <level index="4" path="4/c78.tif" mask="4/m78.tif"/>
        <level index="5" path="5/c78.tif" mask="5/m78.tif"/>
        <level index="6" path="6/c78.tif" mask="6/m78.tif"/>
        <level index="7" path="7/c78.tif" mask="7/m78.tif"/>
        <level index="8" path="8/c78.tif" mask="8/m78.tif"/>
        <level index="9" path="9/c78.tif" mask="9/m78.tif"/>
      </pyramid>
    </image>
    <image id="82">
      <extent>
        <left>2507639.3007979891</left>
        <top>1139199.6041484468</top>
        <right>2507678.7514654892</right>
        <bottom>1139158.1422704468</bottom>
      </extent>
      <center>
        <x>2507659.2992088236</x>
        <y>1139179.5342520524</y>
      </center>
      <pyramid>
        <level index="0" path="0/c82.tif" mask="0/m82.tif"/>
        <level index="1" path="1/c82.tif" mask="1/m82.tif"/>
        <level index="2" path="2/c82.tif" mask="2/m82.tif"/>
        <level index="3" path="3/c82.tif" mask="3/m82.tif"/>
        <level index="4" path="4/c82.tif" mask="4/m82.tif"/>
        <level index="5" path="5/c82.tif" mask="5/m82.tif"/>
        <level index="6" path="6/c82.tif" mask="6/m82.tif"/>
        <level index="7" path="7/c82.tif" mask="7/m82.tif"/>
        <level index="8" path="8/c82.tif" mask="8/m82.tif"/>
        <level index="9" path="9/c82.tif" mask="9/m82.tif"/>
      </pyramid>
    </image>
    <image id="72">
      <extent>
        <left>2507624.3456429895</left>
        <top>1139222.3462979468</top>
        <right>2507664.0541579896</right>
        <bottom>1139180.9359894467</bottom>
      </extent>
      <center>
        <x>2507645.5827568397</x>
        <y>1139201.5656565526</y>
      </center>
      <pyramid>
        <level index="0" path="0/c72.tif" mask="0/m72.tif"/>
        <level index="1" path="1/c72.tif" mask="1/m72.tif"/>
        <level index="2" path="2/c72.tif" mask="2/m72.tif"/>
        <level index="3" path="3/c72.tif" mask="3/m72.tif"/>
        <level index="4" path="4/c72.tif" mask="4/m72.tif"/>
        <level index="5" path="5/c72.tif" mask="5/m72.tif"/>
        <level index="6" path="6/c72.tif" mask="6/m72.tif"/>
        <level index="7" path="7/c72.tif" mask="7/m72.tif"/>
        <level index="8" path="8/c72.tif" mask="8/m72.tif"/>
        <level index="9" path="9/c72.tif" mask="9/m72.tif"/>
      </pyramid>
    </image>
    <image id="80">
      <extent>
        <left>2507629.5025929892</left>
        <top>1139205.8440579469</top>
        <right>2507668.7469824892</right>
        <bottom>1139164.7947359469</bottom>
      </extent>
      <center>
        <x>2507649.2533775978</x>
        <y>1139185.7318860167</y>
      </center>
      <pyramid>
        <level index="0" path="0/c80.tif" mask="0/m80.tif"/>
        <level index="1" path="1/c80.tif" mask="1/m80.tif"/>
        <level index="2" path="2/c80.tif" mask="2/m80.tif"/>
        <level index="3" path="3/c80.tif" mask="3/m80.tif"/>
        <level index="4" path="4/c80.tif" mask="4/m80.tif"/>
        <level index="5" path="5/c80.tif" mask="5/m80.tif"/>
        <level index="6" path="6/c80.tif" mask="6/m80.tif"/>
        <level index="7" path="7/c80.tif" mask="7/m80.tif"/>
        <level index="8" path="8/c80.tif" mask="8/m80.tif"/>
        <level index="9" path="9/c80.tif" mask="9/m80.tif"/>
      </pyramid>
    </image>
    <image id="73">
      <extent>
        <left>2507619.4465404893</left>
        <top>1139225.3373289469</top>
        <right>2507659.3097639894</right>
        <bottom>1139183.9785899469</bottom>
      </extent>
      <center>
        <x>2507640.6122266632</x>
        <y>1139205.6068648393</y>
      </center>
      <pyramid>
        <level index="0" path="0/c73.tif" mask="0/m73.tif"/>
        <level index="1" path="1/c73.tif" mask="1/m73.tif"/>
        <level index="2" path="2/c73.tif" mask="2/m73.tif"/>
        <level index="3" path="3/c73.tif" mask="3/m73.tif"/>
        <level index="4" path="4/c73.tif" mask="4/m73.tif"/>
        <level index="5" path="5/c73.tif" mask="5/m73.tif"/>
        <level index="6" path="6/c73.tif" mask="6/m73.tif"/>
        <level index="7" path="7/c73.tif" mask="7/m73.tif"/>
        <level index="8" path="8/c73.tif" mask="8/m73.tif"/>
        <level index="9" path="9/c73.tif" mask="9/m73.tif"/>
      </pyramid>
    </image>
    <image id="83">
      <extent>
        <left>2507644.0967614893</left>
        <top>1139196.4584089469</top>
        <right>2507684.1146934894</right>
        <bottom>1139154.7902529468</bottom>
      </extent>
      <center>
        <x>2507664.1596123092</x>
        <y>1139176.2756156276</y>
      </center>
      <pyramid>
        <level index="0" path="0/c83.tif" mask="0/m83.tif"/>
        <level index="1" path="1/c83.tif" mask="1/m83.tif"/>
        <level index="2" path="2/c83.tif" mask="2/m83.tif"/>
        <level index="3" path="3/c83.tif" mask="3/m83.tif"/>
        <level index="4" path="4/c83.tif" mask="4/m83.tif"/>
        <level index="5" path="5/c83.tif" mask="5/m83.tif"/>
        <level index="6" path="6/c83.tif" mask="6/m83.tif"/>
        <level index="7" path="7/c83.tif" mask="7/m83.tif"/>
        <level index="8" path="8/c83.tif" mask="8/m83.tif"/>
        <level index="9" path="9/c83.tif" mask="9/m83.tif"/>
      </pyramid>
    </image>
    <image id="66">
      <extent>
        <left>2507654.3590919892</left>
        <top>1139202.1826234469</top>
        <right>2507694.6348714894</right>
        <bottom>1139159.947202947</bottom>
      </extent>
      <center>
        <x>2507674.1175269373</x>
        <y>1139181.2831220939</y>
      </center>
      <pyramid>
        <level index="0" path="0/c66.tif" mask="0/m66.tif"/>
        <level index="1" path="1/c66.tif" mask="1/m66.tif"/>
        <level index="2" path="2/c66.tif" mask="2/m66.tif"/>
        <level index="3" path="3/c66.tif" mask="3/m66.tif"/>
        <level index="4" path="4/c66.tif" mask="4/m66.tif"/>
        <level index="5" path="5/c66.tif" mask="5/m66.tif"/>
        <level index="6" path="6/c66.tif" mask="6/m66.tif"/>
        <level index="7" path="7/c66.tif" mask="7/m66.tif"/>
        <level index="8" path="8/c66.tif" mask="8/m66.tif"/>
        <level index="9" path="9/c66.tif" mask="9/m66.tif"/>
      </pyramid>
    </image>
    <image id="79">
      <extent>
        <left>2507624.2940734895</left>
        <top>1139208.9897974469</top>
        <right>2507663.2806154895</right>
        <bottom>1139168.0951839469</bottom>
      </extent>
      <center>
        <x>2507645.5326973125</x>
        <y>1139188.925184573</y>
      </center>
      <pyramid>
        <level index="0" path="0/c79.tif" mask="0/m79.tif"/>
        <level index="1" path="1/c79.tif" mask="1/m79.tif"/>
        <level index="2" path="2/c79.tif" mask="2/m79.tif"/>
        <level index="3" path="3/c79.tif" mask="3/m79.tif"/>
        <level index="4" path="4/c79.tif" mask="4/m79.tif"/>
        <level index="5" path="5/c79.tif" mask="5/m79.tif"/>
        <level index="6" path="6/c79.tif" mask="6/m79.tif"/>
        <level index="7" path="7/c79.tif" mask="7/m79.tif"/>
        <level index="8" path="8/c79.tif" mask="8/m79.tif"/>
        <level index="9" path="9/c79.tif" mask="9/m79.tif"/>
      </pyramid>
    </image>
    <image id="84">
      <extent>
        <left>2507648.9958639895</left>
        <top>1139193.570516947</top>
        <right>2507689.0137959896</right>
        <bottom>1139151.8507914471</bottom>
      </extent>
      <center>
        <x>2507668.5709014088</x>
        <y>1139173.0729403568</y>
      </center>
      <pyramid>
        <level index="0" path="0/c84.tif" mask="0/m84.tif"/>
        <level index="1" path="1/c84.tif" mask="1/m84.tif"/>
        <level index="2" path="2/c84.tif" mask="2/m84.tif"/>
        <level index="3" path="3/c84.tif" mask="3/m84.tif"/>
        <level index="4" path="4/c84.tif" mask="4/m84.tif"/>
        <level index="5" path="5/c84.tif" mask="5/m84.tif"/>
        <level index="6" path="6/c84.tif" mask="6/m84.tif"/>
        <level index="7" path="7/c84.tif" mask="7/m84.tif"/>
        <level index="8" path="8/c84.tif" mask="8/m84.tif"/>
        <level index="9" path="9/c84.tif" mask="9/m84.tif"/>
      </pyramid>
    </image>
    <image id="65">
      <extent>
        <left>2507659.0003469894</left>
        <top>1139198.8306059469</top>
        <right>2507699.4308349895</right>
        <bottom>1139156.8530329471</bottom>
      </extent>
      <center>
        <x>2507679.9243272934</x>
        <y>1139177.3766828366</y>
      </center>
      <pyramid>
        <level index="0" path="0/c65.tif" mask="0/m65.tif"/>
        <level index="1" path="1/c65.tif" mask="1/m65.tif"/>
        <level index="2" path="2/c65.tif" mask="2/m65.tif"/>
        <level index="3" path="3/c65.tif" mask="3/m65.tif"/>
        <level index="4" path="4/c65.tif" mask="4/m65.tif"/>
        <level index="5" path="5/c65.tif" mask="5/m65.tif"/>
        <level index="6" path="6/c65.tif" mask="6/m65.tif"/>
        <level index="7" path="7/c65.tif" mask="7/m65.tif"/>
        <level index="8" path="8/c65.tif" mask="8/m65.tif"/>
        <level index="9" path="9/c65.tif" mask="9/m65.tif"/>
      </pyramid>
    </image>
    <image id="70">
      <extent>
        <left>2507634.8142514895</left>
        <top>1139215.5391239468</top>
        <right>2507674.7806139896</right>
        <bottom>1139173.8193984469</bottom>
      </extent>
      <center>
        <x>2507654.2671250831</x>
        <y>1139195.0039387003</y>
      </center>
      <pyramid>
        <level index="0" path="0/c70.tif" mask="0/m70.tif"/>
        <level index="1" path="1/c70.tif" mask="1/m70.tif"/>
        <level index="2" path="2/c70.tif" mask="2/m70.tif"/>
        <level index="3" path="3/c70.tif" mask="3/m70.tif"/>
        <level index="4" path="4/c70.tif" mask="4/m70.tif"/>
        <level index="5" path="5/c70.tif" mask="5/m70.tif"/>
        <level index="6" path="6/c70.tif" mask="6/m70.tif"/>
        <level index="7" path="7/c70.tif" mask="7/m70.tif"/>
        <level index="8" path="8/c70.tif" mask="8/m70.tif"/>
        <level index="9" path="9/c70.tif" mask="9/m70.tif"/>
      </pyramid>
    </image>
    <image id="67">
      <extent>
        <left>2507649.4084199895</left>
        <top>1139205.5862104469</top>
        <right>2507689.6841994897</right>
        <bottom>1139163.453928947</bottom>
      </extent>
      <center>
        <x>2507669.1125599425</x>
        <y>1139184.6688510773</y>
      </center>
      <pyramid>
        <level index="0" path="0/c67.tif" mask="0/m67.tif"/>
        <level index="1" path="1/c67.tif" mask="1/m67.tif"/>
        <level index="2" path="2/c67.tif" mask="2/m67.tif"/>
        <level index="3" path="3/c67.tif" mask="3/m67.tif"/>
        <level index="4" path="4/c67.tif" mask="4/m67.tif"/>
        <level index="5" path="5/c67.tif" mask="5/m67.tif"/>
        <level index="6" path="6/c67.tif" mask="6/m67.tif"/>
        <level index="7" path="7/c67.tif" mask="7/m67.tif"/>
        <level index="8" path="8/c67.tif" mask="8/m67.tif"/>
        <level index="9" path="9/c67.tif" mask="9/m67.tif"/>
      </pyramid>
    </image>
    <image id="68">
      <extent>
        <left>2507644.7155954894</left>
        <top>1139208.9382279469</top>
        <right>2507684.6819579895</right>
        <bottom>1139167.012224447</bottom>
      </extent>
      <center>
        <x>2507663.9143255167</x>
        <y>1139188.5092091388</y>
      </center>
      <pyramid>
        <level index="0" path="0/c68.tif" mask="0/m68.tif"/>
        <level index="1" path="1/c68.tif" mask="1/m68.tif"/>
        <level index="2" path="2/c68.tif" mask="2/m68.tif"/>
        <level index="3" path="3/c68.tif" mask="3/m68.tif"/>
        <level index="4" path="4/c68.tif" mask="4/m68.tif"/>
        <level index="5" path="5/c68.tif" mask="5/m68.tif"/>
        <level index="6" path="6/c68.tif" mask="6/m68.tif"/>
        <level index="7" path="7/c68.tif" mask="7/m68.tif"/>
        <level index="8" path="8/c68.tif" mask="8/m68.tif"/>
        <level index="9" path="9/c68.tif" mask="9/m68.tif"/>
      </pyramid>
    </image>
    <image id="81">
      <extent>
        <left>2507633.9375699894</left>
        <top>1139203.0593049468</top>
        <right>2507673.2850984894</right>
        <bottom>1139161.7521354468</bottom>
      </extent>
      <center>
        <x>2507653.8195989858</x>
        <y>1139182.9277287116</y>
      </center>
      <pyramid>
        <level index="0" path="0/c81.tif" mask="0/m81.tif"/>
        <level index="1" path="1/c81.tif" mask="1/m81.tif"/>
        <level index="2" path="2/c81.tif" mask="2/m81.tif"/>
        <level index="3" path="3/c81.tif" mask="3/m81.tif"/>
        <level index="4" path="4/c81.tif" mask="4/m81.tif"/>
        <level index="5" path="5/c81.tif" mask="5/m81.tif"/>
        <level index="6" path="6/c81.tif" mask="6/m81.tif"/>
        <level index="7" path="7/c81.tif" mask="7/m81.tif"/>
        <level index="8" path="8/c81.tif" mask="8/m81.tif"/>
        <level index="9" path="9/c81.tif" mask="9/m81.tif"/>
      </pyramid>
    </image>
  </images>
</orthomosaic>
