<?xml version="1.0" encoding="UTF-8"?>
<orthomosaic version="1.2.0">
  <images level_count="10">
    <image id="233">
      <extent>
        <left>2507669.2403198243</left>
        <top>1139169.3346343678</top>
        <right>2507708.092999781</right>
        <bottom>1139128.6559798962</bottom>
      </extent>
      <center>
        <x>2507689.6031212229</x>
        <y>1139149.2645781348</y>
      </center>
      <pyramid>
        <level index="0" path="0/c233.tif" mask="0/m233.tif"/>
        <level index="1" path="1/c233.tif" mask="1/m233.tif"/>
        <level index="2" path="2/c233.tif" mask="2/m233.tif"/>
        <level index="3" path="3/c233.tif" mask="3/m233.tif"/>
        <level index="4" path="4/c233.tif" mask="4/m233.tif"/>
        <level index="5" path="5/c233.tif" mask="5/m233.tif"/>
        <level index="6" path="6/c233.tif" mask="6/m233.tif"/>
        <level index="7" path="7/c233.tif" mask="7/m233.tif"/>
        <level index="8" path="8/c233.tif" mask="8/m233.tif"/>
        <level index="9" path="9/c233.tif" mask="9/m233.tif"/>
      </pyramid>
    </image>
    <image id="228">
      <extent>
        <left>2507694.9561275765</left>
        <top>1139154.0674585623</top>
        <right>2507733.8088075332</right>
        <bottom>1139113.2366395476</bottom>
      </extent>
      <center>
        <x>2507715.4587111436</x>
        <y>1139133.7434761194</y>
      </center>
      <pyramid>
        <level index="0" path="0/c228.tif" mask="0/m228.tif"/>
        <level index="1" path="1/c228.tif" mask="1/m228.tif"/>
        <level index="2" path="2/c228.tif" mask="2/m228.tif"/>
        <level index="3" path="3/c228.tif" mask="3/m228.tif"/>
        <level index="4" path="4/c228.tif" mask="4/m228.tif"/>
        <level index="5" path="5/c228.tif" mask="5/m228.tif"/>
        <level index="6" path="6/c228.tif" mask="6/m228.tif"/>
        <level index="7" path="7/c228.tif" mask="7/m228.tif"/>
        <level index="8" path="8/c228.tif" mask="8/m228.tif"/>
        <level index="9" path="9/c228.tif" mask="9/m228.tif"/>
      </pyramid>
    </image>
    <image id="223">
      <extent>
        <left>2507711.4406197253</left>
        <top>1139153.0530282762</top>
        <right>2507750.5469072536</right>
        <bottom>1139112.0193232044</bottom>
      </extent>
      <center>
        <x>2507732.5175360665</x>
        <y>1139132.749665532</y>
      </center>
      <pyramid>
        <level index="0" path="0/c223.tif" mask="0/m223.tif"/>
        <level index="1" path="1/c223.tif" mask="1/m223.tif"/>
        <level index="2" path="2/c223.tif" mask="2/m223.tif"/>
        <level index="3" path="3/c223.tif" mask="3/m223.tif"/>
        <level index="4" path="4/c223.tif" mask="4/m223.tif"/>
        <level index="5" path="5/c223.tif" mask="5/m223.tif"/>
        <level index="6" path="6/c223.tif" mask="6/m223.tif"/>
        <level index="7" path="7/c223.tif" mask="7/m223.tif"/>
        <level index="8" path="8/c223.tif" mask="8/m223.tif"/>
        <level index="9" path="9/c223.tif" mask="9/m223.tif"/>
      </pyramid>
    </image>
    <image id="226">
      <extent>
        <left>2507705.3033164944</left>
        <top>1139148.0823198743</top>
        <right>2507744.4603255372</right>
        <bottom>1139106.9978932883</bottom>
      </extent>
      <center>
        <x>2507725.9256595019</x>
        <y>1139127.7514132289</y>
      </center>
      <pyramid>
        <level index="0" path="0/c226.tif" mask="0/m226.tif"/>
        <level index="1" path="1/c226.tif" mask="1/m226.tif"/>
        <level index="2" path="2/c226.tif" mask="2/m226.tif"/>
        <level index="3" path="3/c226.tif" mask="3/m226.tif"/>
        <level index="4" path="4/c226.tif" mask="4/m226.tif"/>
        <level index="5" path="5/c226.tif" mask="5/m226.tif"/>
        <level index="6" path="6/c226.tif" mask="6/m226.tif"/>
        <level index="7" path="7/c226.tif" mask="7/m226.tif"/>
        <level index="8" path="8/c226.tif" mask="8/m226.tif"/>
        <level index="9" path="9/c226.tif" mask="9/m226.tif"/>
      </pyramid>
    </image>
    <image id="225">
      <extent>
        <left>2507706.8249619235</left>
        <top>1139146.2563453594</top>
        <right>2507745.8298064233</right>
        <bottom>1139105.4762478592</bottom>
      </extent>
      <center>
        <x>2507727.855592858</x>
        <y>1139126.0802908291</y>
      </center>
      <pyramid>
        <level index="0" path="0/c225.tif" mask="0/m225.tif"/>
        <level index="1" path="1/c225.tif" mask="1/m225.tif"/>
        <level index="2" path="2/c225.tif" mask="2/m225.tif"/>
        <level index="3" path="3/c225.tif" mask="3/m225.tif"/>
        <level index="4" path="4/c225.tif" mask="4/m225.tif"/>
        <level index="5" path="5/c225.tif" mask="5/m225.tif"/>
        <level index="6" path="6/c225.tif" mask="6/m225.tif"/>
        <level index="7" path="7/c225.tif" mask="7/m225.tif"/>
        <level index="8" path="8/c225.tif" mask="8/m225.tif"/>
        <level index="9" path="9/c225.tif" mask="9/m225.tif"/>
      </pyramid>
    </image>
    <image id="232">
      <extent>
        <left>2507674.5660788263</left>
        <top>1139166.0377359381</top>
        <right>2507713.5709233261</right>
        <bottom>1139125.460524495</bottom>
      </extent>
      <center>
        <x>2507695.0113322977</x>
        <y>1139146.022578361</y>
      </center>
      <pyramid>
        <level index="0" path="0/c232.tif" mask="0/m232.tif"/>
        <level index="1" path="1/c232.tif" mask="1/m232.tif"/>
        <level index="2" path="2/c232.tif" mask="2/m232.tif"/>
        <level index="3" path="3/c232.tif" mask="3/m232.tif"/>
        <level index="4" path="4/c232.tif" mask="4/m232.tif"/>
        <level index="5" path="5/c232.tif" mask="5/m232.tif"/>
        <level index="6" path="6/c232.tif" mask="6/m232.tif"/>
        <level index="7" path="7/c232.tif" mask="7/m232.tif"/>
        <level index="8" path="8/c232.tif" mask="8/m232.tif"/>
        <level index="9" path="9/c232.tif" mask="9/m232.tif"/>
      </pyramid>
    </image>
    <image id="224">
      <extent>
        <left>2507708.7016579527</left>
        <top>1139149.0460286462</top>
        <right>2507747.807945481</right>
        <bottom>1139108.0630450887</bottom>
      </extent>
      <center>
        <x>2507729.9083124846</x>
        <y>1139128.9247240205</y>
      </center>
      <pyramid>
        <level index="0" path="0/c224.tif" mask="0/m224.tif"/>
        <level index="1" path="1/c224.tif" mask="1/m224.tif"/>
        <level index="2" path="2/c224.tif" mask="2/m224.tif"/>
        <level index="3" path="3/c224.tif" mask="3/m224.tif"/>
        <level index="4" path="4/c224.tif" mask="4/m224.tif"/>
        <level index="5" path="5/c224.tif" mask="5/m224.tif"/>
        <level index="6" path="6/c224.tif" mask="6/m224.tif"/>
        <level index="7" path="7/c224.tif" mask="7/m224.tif"/>
        <level index="8" path="8/c224.tif" mask="8/m224.tif"/>
        <level index="9" path="9/c224.tif" mask="9/m224.tif"/>
      </pyramid>
    </image>
    <image id="230">
      <extent>
        <left>2507684.4567741156</left>
        <top>1139160.3062048217</top>
        <right>2507723.3094540723</right>
        <bottom>1139119.4246642927</bottom>
      </extent>
      <center>
        <x>2507704.8139115721</x>
        <y>1139140.1090043616</y>
      </center>
      <pyramid>
        <level index="0" path="0/c230.tif" mask="0/m230.tif"/>
        <level index="1" path="1/c230.tif" mask="1/m230.tif"/>
        <level index="2" path="2/c230.tif" mask="2/m230.tif"/>
        <level index="3" path="3/c230.tif" mask="3/m230.tif"/>
        <level index="4" path="4/c230.tif" mask="4/m230.tif"/>
        <level index="5" path="5/c230.tif" mask="5/m230.tif"/>
        <level index="6" path="6/c230.tif" mask="6/m230.tif"/>
        <level index="7" path="7/c230.tif" mask="7/m230.tif"/>
        <level index="8" path="8/c230.tif" mask="8/m230.tif"/>
        <level index="9" path="9/c230.tif" mask="9/m230.tif"/>
      </pyramid>
    </image>
    <image id="231">
      <extent>
        <left>2507679.3846226851</left>
        <top>1139163.1466096228</top>
        <right>2507718.2373026418</right>
        <bottom>1139122.6201196939</bottom>
      </extent>
      <center>
        <x>2507699.7282208521</x>
        <y>1139143.1873763397</y>
      </center>
      <pyramid>
        <level index="0" path="0/c231.tif" mask="0/m231.tif"/>
        <level index="1" path="1/c231.tif" mask="1/m231.tif"/>
        <level index="2" path="2/c231.tif" mask="2/m231.tif"/>
        <level index="3" path="3/c231.tif" mask="3/m231.tif"/>
        <level index="4" path="4/c231.tif" mask="4/m231.tif"/>
        <level index="5" path="5/c231.tif" mask="5/m231.tif"/>
        <level index="6" path="6/c231.tif" mask="6/m231.tif"/>
        <level index="7" path="7/c231.tif" mask="7/m231.tif"/>
        <level index="8" path="8/c231.tif" mask="8/m231.tif"/>
        <level index="9" path="9/c231.tif" mask="9/m231.tif"/>
      </pyramid>
    </image>
    <image id="227">
      <extent>
        <left>2507699.9775574924</left>
        <top>1139151.0241677039</top>
        <right>2507738.8302374491</right>
        <bottom>1139110.1933486892</bottom>
      </extent>
      <center>
        <x>2507720.4036644269</x>
        <y>1139130.859818005</y>
      </center>
      <pyramid>
        <level index="0" path="0/c227.tif" mask="0/m227.tif"/>
        <level index="1" path="1/c227.tif" mask="1/m227.tif"/>
        <level index="2" path="2/c227.tif" mask="2/m227.tif"/>
        <level index="3" path="3/c227.tif" mask="3/m227.tif"/>
        <level index="4" path="4/c227.tif" mask="4/m227.tif"/>
        <level index="5" path="5/c227.tif" mask="5/m227.tif"/>
        <level index="6" path="6/c227.tif" mask="6/m227.tif"/>
        <level index="7" path="7/c227.tif" mask="7/m227.tif"/>
        <level index="8" path="8/c227.tif" mask="8/m227.tif"/>
        <level index="9" path="9/c227.tif" mask="9/m227.tif"/>
      </pyramid>
    </image>
    <image id="229">
      <extent>
        <left>2507689.8839761461</left>
        <top>1139157.0600279062</top>
        <right>2507728.6352130743</right>
        <bottom>1139116.1784873772</bottom>
      </extent>
      <center>
        <x>2507710.3510337528</x>
        <y>1139136.8195149861</y>
      </center>
      <pyramid>
        <level index="0" path="0/c229.tif" mask="0/m229.tif"/>
        <level index="1" path="1/c229.tif" mask="1/m229.tif"/>
        <level index="2" path="2/c229.tif" mask="2/m229.tif"/>
        <level index="3" path="3/c229.tif" mask="3/m229.tif"/>
        <level index="4" path="4/c229.tif" mask="4/m229.tif"/>
        <level index="5" path="5/c229.tif" mask="5/m229.tif"/>
        <level index="6" path="6/c229.tif" mask="6/m229.tif"/>
        <level index="7" path="7/c229.tif" mask="7/m229.tif"/>
        <level index="8" path="8/c229.tif" mask="8/m229.tif"/>
        <level index="9" path="9/c229.tif" mask="9/m229.tif"/>
      </pyramid>
    </image>
  </images>
</orthomosaic>
