<?xml version="1.0" encoding="UTF-8"?>
<orthomosaic version="1.2.0">
  <images level_count="10">
    <image id="222">
      <extent>
        <left>2507710.5276324674</left>
        <top>1139153.4080788763</top>
        <right>2507749.7353630243</right>
        <bottom>1139112.3743738045</bottom>
      </extent>
      <center>
        <x>2507731.6465169564</x>
        <y>1139133.2534751529</y>
      </center>
      <pyramid>
        <level index="0" path="0/c222.tif" mask="0/m222.tif"/>
        <level index="1" path="1/c222.tif" mask="1/m222.tif"/>
        <level index="2" path="2/c222.tif" mask="2/m222.tif"/>
        <level index="3" path="3/c222.tif" mask="3/m222.tif"/>
        <level index="4" path="4/c222.tif" mask="4/m222.tif"/>
        <level index="5" path="5/c222.tif" mask="5/m222.tif"/>
        <level index="6" path="6/c222.tif" mask="6/m222.tif"/>
        <level index="7" path="7/c222.tif" mask="7/m222.tif"/>
        <level index="8" path="8/c222.tif" mask="8/m222.tif"/>
        <level index="9" path="9/c222.tif" mask="9/m222.tif"/>
      </pyramid>
    </image>
    <image id="214">
      <extent>
        <left>2507670.5590791963</left>
        <top>1139177.6529627135</top>
        <right>2507709.5639236961</right>
        <bottom>1139136.9743082419</bottom>
      </extent>
      <center>
        <x>2507690.9295959752</x>
        <y>1139157.8927705786</y>
      </center>
      <pyramid>
        <level index="0" path="0/c214.tif" mask="0/m214.tif"/>
        <level index="1" path="1/c214.tif" mask="1/m214.tif"/>
        <level index="2" path="2/c214.tif" mask="2/m214.tif"/>
        <level index="3" path="3/c214.tif" mask="3/m214.tif"/>
        <level index="4" path="4/c214.tif" mask="4/m214.tif"/>
        <level index="5" path="5/c214.tif" mask="5/m214.tif"/>
        <level index="6" path="6/c214.tif" mask="6/m214.tif"/>
        <level index="7" path="7/c214.tif" mask="7/m214.tif"/>
        <level index="8" path="8/c214.tif" mask="8/m214.tif"/>
        <level index="9" path="9/c214.tif" mask="9/m214.tif"/>
      </pyramid>
    </image>
    <image id="220">
      <extent>
        <left>2507700.5862156642</left>
        <top>1139159.4946605929</top>
        <right>2507739.4896171354</right>
        <bottom>1139118.4102340068</bottom>
      </extent>
      <center>
        <x>2507721.3980912063</x>
        <y>1139139.4922694922</y>
      </center>
      <pyramid>
        <level index="0" path="0/c220.tif" mask="0/m220.tif"/>
        <level index="1" path="1/c220.tif" mask="1/m220.tif"/>
        <level index="2" path="2/c220.tif" mask="2/m220.tif"/>
        <level index="3" path="3/c220.tif" mask="3/m220.tif"/>
        <level index="4" path="4/c220.tif" mask="4/m220.tif"/>
        <level index="5" path="5/c220.tif" mask="5/m220.tif"/>
        <level index="6" path="6/c220.tif" mask="6/m220.tif"/>
        <level index="7" path="7/c220.tif" mask="7/m220.tif"/>
        <level index="8" path="8/c220.tif" mask="8/m220.tif"/>
        <level index="9" path="9/c220.tif" mask="9/m220.tif"/>
      </pyramid>
    </image>
    <image id="221">
      <extent>
        <left>2507705.6076455801</left>
        <top>1139156.2992051917</top>
        <right>2507744.5617685653</right>
        <bottom>1139115.468386177</bottom>
      </extent>
      <center>
        <x>2507726.4398952927</x>
        <y>1139136.4586768898</y>
      </center>
      <pyramid>
        <level index="0" path="0/c221.tif" mask="0/m221.tif"/>
        <level index="1" path="1/c221.tif" mask="1/m221.tif"/>
        <level index="2" path="2/c221.tif" mask="2/m221.tif"/>
        <level index="3" path="3/c221.tif" mask="3/m221.tif"/>
        <level index="4" path="4/c221.tif" mask="4/m221.tif"/>
        <level index="5" path="5/c221.tif" mask="5/m221.tif"/>
        <level index="6" path="6/c221.tif" mask="6/m221.tif"/>
        <level index="7" path="7/c221.tif" mask="7/m221.tif"/>
        <level index="8" path="8/c221.tif" mask="8/m221.tif"/>
        <level index="9" path="9/c221.tif" mask="9/m221.tif"/>
      </pyramid>
    </image>
    <image id="216">
      <extent>
        <left>2507680.5004959996</left>
        <top>1139171.4142164541</top>
        <right>2507719.6575050424</right>
        <bottom>1139130.634118954</bottom>
      </extent>
      <center>
        <x>2507700.9922223855</x>
        <y>1139151.7073027738</y>
      </center>
      <pyramid>
        <level index="0" path="0/c216.tif" mask="0/m216.tif"/>
        <level index="1" path="1/c216.tif" mask="1/m216.tif"/>
        <level index="2" path="2/c216.tif" mask="2/m216.tif"/>
        <level index="3" path="3/c216.tif" mask="3/m216.tif"/>
        <level index="4" path="4/c216.tif" mask="4/m216.tif"/>
        <level index="5" path="5/c216.tif" mask="5/m216.tif"/>
        <level index="6" path="6/c216.tif" mask="6/m216.tif"/>
        <level index="7" path="7/c216.tif" mask="7/m216.tif"/>
        <level index="8" path="8/c216.tif" mask="8/m216.tif"/>
        <level index="9" path="9/c216.tif" mask="9/m216.tif"/>
      </pyramid>
    </image>
    <image id="215">
      <extent>
        <left>2507675.4283445692</left>
        <top>1139174.6096718553</top>
        <right>2507714.585353612</right>
        <bottom>1139133.8802958694</bottom>
      </extent>
      <center>
        <x>2507696.0018366575</x>
        <y>1139154.8061487922</y>
      </center>
      <pyramid>
        <level index="0" path="0/c215.tif" mask="0/m215.tif"/>
        <level index="1" path="1/c215.tif" mask="1/m215.tif"/>
        <level index="2" path="2/c215.tif" mask="2/m215.tif"/>
        <level index="3" path="3/c215.tif" mask="3/m215.tif"/>
        <level index="4" path="4/c215.tif" mask="4/m215.tif"/>
        <level index="5" path="5/c215.tif" mask="5/m215.tif"/>
        <level index="6" path="6/c215.tif" mask="6/m215.tif"/>
        <level index="7" path="7/c215.tif" mask="7/m215.tif"/>
        <level index="8" path="8/c215.tif" mask="8/m215.tif"/>
        <level index="9" path="9/c215.tif" mask="9/m215.tif"/>
      </pyramid>
    </image>
    <image id="219">
      <extent>
        <left>2507695.4633427192</left>
        <top>1139162.537951451</top>
        <right>2507734.468187219</right>
        <bottom>1139121.5042463792</bottom>
      </extent>
      <center>
        <x>2507716.2378926892</x>
        <y>1139142.5159809508</y>
      </center>
      <pyramid>
        <level index="0" path="0/c219.tif" mask="0/m219.tif"/>
        <level index="1" path="1/c219.tif" mask="1/m219.tif"/>
        <level index="2" path="2/c219.tif" mask="2/m219.tif"/>
        <level index="3" path="3/c219.tif" mask="3/m219.tif"/>
        <level index="4" path="4/c219.tif" mask="4/m219.tif"/>
        <level index="5" path="5/c219.tif" mask="5/m219.tif"/>
        <level index="6" path="6/c219.tif" mask="6/m219.tif"/>
        <level index="7" path="7/c219.tif" mask="7/m219.tif"/>
        <level index="8" path="8/c219.tif" mask="8/m219.tif"/>
        <level index="9" path="9/c219.tif" mask="9/m219.tif"/>
      </pyramid>
    </image>
    <image id="218">
      <extent>
        <left>2507690.4926343178</left>
        <top>1139165.4797992806</top>
        <right>2507729.5482003316</right>
        <bottom>1139124.4968157231</bottom>
      </extent>
      <center>
        <x>2507711.1640752479</x>
        <y>1139145.6469085868</y>
      </center>
      <pyramid>
        <level index="0" path="0/c218.tif" mask="0/m218.tif"/>
        <level index="1" path="1/c218.tif" mask="1/m218.tif"/>
        <level index="2" path="2/c218.tif" mask="2/m218.tif"/>
        <level index="3" path="3/c218.tif" mask="3/m218.tif"/>
        <level index="4" path="4/c218.tif" mask="4/m218.tif"/>
        <level index="5" path="5/c218.tif" mask="5/m218.tif"/>
        <level index="6" path="6/c218.tif" mask="6/m218.tif"/>
        <level index="7" path="7/c218.tif" mask="7/m218.tif"/>
        <level index="8" path="8/c218.tif" mask="8/m218.tif"/>
        <level index="9" path="9/c218.tif" mask="9/m218.tif"/>
      </pyramid>
    </image>
    <image id="203">
      <extent>
        <left>2507615.9320082911</left>
        <top>1139212.0421494115</top>
        <right>2507654.4803591622</right>
        <bottom>1139172.0228746259</bottom>
      </extent>
      <center>
        <x>2507635.3174327631</x>
        <y>1139193.3584499813</y>
      </center>
      <pyramid>
        <level index="0" path="0/c203.tif" mask="0/m203.tif"/>
        <level index="1" path="1/c203.tif" mask="1/m203.tif"/>
        <level index="2" path="2/c203.tif" mask="2/m203.tif"/>
        <level index="3" path="3/c203.tif" mask="3/m203.tif"/>
        <level index="4" path="4/c203.tif" mask="4/m203.tif"/>
        <level index="5" path="5/c203.tif" mask="5/m203.tif"/>
        <level index="6" path="6/c203.tif" mask="6/m203.tif"/>
        <level index="7" path="7/c203.tif" mask="7/m203.tif"/>
        <level index="8" path="8/c203.tif" mask="8/m203.tif"/>
        <level index="9" path="9/c203.tif" mask="9/m203.tif"/>
      </pyramid>
    </image>
    <image id="211">
      <extent>
        <left>2507655.190460362</left>
        <top>1139187.0871643741</top>
        <right>2507694.3981909188</right>
        <bottom>1139146.3070668739</bottom>
      </extent>
      <center>
        <x>2507675.708372049</x>
        <y>1139167.396145659</y>
      </center>
      <pyramid>
        <level index="0" path="0/c211.tif" mask="0/m211.tif"/>
        <level index="1" path="1/c211.tif" mask="1/m211.tif"/>
        <level index="2" path="2/c211.tif" mask="2/m211.tif"/>
        <level index="3" path="3/c211.tif" mask="3/m211.tif"/>
        <level index="4" path="4/c211.tif" mask="4/m211.tif"/>
        <level index="5" path="5/c211.tif" mask="5/m211.tif"/>
        <level index="6" path="6/c211.tif" mask="6/m211.tif"/>
        <level index="7" path="7/c211.tif" mask="7/m211.tif"/>
        <level index="8" path="8/c211.tif" mask="8/m211.tif"/>
        <level index="9" path="9/c211.tif" mask="9/m211.tif"/>
      </pyramid>
    </image>
    <image id="217">
      <extent>
        <left>2507685.4712044015</left>
        <top>1139168.5738116531</top>
        <right>2507724.4760489012</right>
        <bottom>1139127.7429926384</bottom>
      </extent>
      <center>
        <x>2507706.079634944</x>
        <y>1139148.7337086499</y>
      </center>
      <pyramid>
        <level index="0" path="0/c217.tif" mask="0/m217.tif"/>
        <level index="1" path="1/c217.tif" mask="1/m217.tif"/>
        <level index="2" path="2/c217.tif" mask="2/m217.tif"/>
        <level index="3" path="3/c217.tif" mask="3/m217.tif"/>
        <level index="4" path="4/c217.tif" mask="4/m217.tif"/>
        <level index="5" path="5/c217.tif" mask="5/m217.tif"/>
        <level index="6" path="6/c217.tif" mask="6/m217.tif"/>
        <level index="7" path="7/c217.tif" mask="7/m217.tif"/>
        <level index="8" path="8/c217.tif" mask="8/m217.tif"/>
        <level index="9" path="9/c217.tif" mask="9/m217.tif"/>
      </pyramid>
    </image>
    <image id="209">
      <extent>
        <left>2507645.4012081013</left>
        <top>1139193.1737460906</top>
        <right>2507684.5582171441</right>
        <bottom>1139152.6472561618</bottom>
      </extent>
      <center>
        <x>2507665.3476306163</x>
        <y>1139173.813606526</y>
      </center>
      <pyramid>
        <level index="0" path="0/c209.tif" mask="0/m209.tif"/>
        <level index="1" path="1/c209.tif" mask="1/m209.tif"/>
        <level index="2" path="2/c209.tif" mask="2/m209.tif"/>
        <level index="3" path="3/c209.tif" mask="3/m209.tif"/>
        <level index="4" path="4/c209.tif" mask="4/m209.tif"/>
        <level index="5" path="5/c209.tif" mask="5/m209.tif"/>
        <level index="6" path="6/c209.tif" mask="6/m209.tif"/>
        <level index="7" path="7/c209.tif" mask="7/m209.tif"/>
        <level index="8" path="8/c209.tif" mask="8/m209.tif"/>
        <level index="9" path="9/c209.tif" mask="9/m209.tif"/>
      </pyramid>
    </image>
    <image id="210">
      <extent>
        <left>2507650.1690304461</left>
        <top>1139190.1304552322</top>
        <right>2507689.4782040315</right>
        <bottom>1139149.4518007606</bottom>
      </extent>
      <center>
        <x>2507670.510198364</x>
        <y>1139170.5804568117</y>
      </center>
      <pyramid>
        <level index="0" path="0/c210.tif" mask="0/m210.tif"/>
        <level index="1" path="1/c210.tif" mask="1/m210.tif"/>
        <level index="2" path="2/c210.tif" mask="2/m210.tif"/>
        <level index="3" path="3/c210.tif" mask="3/m210.tif"/>
        <level index="4" path="4/c210.tif" mask="4/m210.tif"/>
        <level index="5" path="5/c210.tif" mask="5/m210.tif"/>
        <level index="6" path="6/c210.tif" mask="6/m210.tif"/>
        <level index="7" path="7/c210.tif" mask="7/m210.tif"/>
        <level index="8" path="8/c210.tif" mask="8/m210.tif"/>
        <level index="9" path="9/c210.tif" mask="9/m210.tif"/>
      </pyramid>
    </image>
    <image id="208">
      <extent>
        <left>2507640.4304996999</left>
        <top>1139196.2170369488</top>
        <right>2507679.4353441996</right>
        <bottom>1139155.7919900485</bottom>
      </extent>
      <center>
        <x>2507660.2543094326</x>
        <y>1139177.0527924038</y>
      </center>
      <pyramid>
        <level index="0" path="0/c208.tif" mask="0/m208.tif"/>
        <level index="1" path="1/c208.tif" mask="1/m208.tif"/>
        <level index="2" path="2/c208.tif" mask="2/m208.tif"/>
        <level index="3" path="3/c208.tif" mask="3/m208.tif"/>
        <level index="4" path="4/c208.tif" mask="4/m208.tif"/>
        <level index="5" path="5/c208.tif" mask="5/m208.tif"/>
        <level index="6" path="6/c208.tif" mask="6/m208.tif"/>
        <level index="7" path="7/c208.tif" mask="7/m208.tif"/>
        <level index="8" path="8/c208.tif" mask="8/m208.tif"/>
        <level index="9" path="9/c208.tif" mask="9/m208.tif"/>
      </pyramid>
    </image>
    <image id="204">
      <extent>
        <left>2507620.801273664</left>
        <top>1139208.9481370391</top>
        <right>2507659.4003460491</right>
        <bottom>1139168.9288622534</bottom>
      </extent>
      <center>
        <x>2507640.2451427616</x>
        <y>1139190.0915797437</y>
      </center>
      <pyramid>
        <level index="0" path="0/c204.tif" mask="0/m204.tif"/>
        <level index="1" path="1/c204.tif" mask="1/m204.tif"/>
        <level index="2" path="2/c204.tif" mask="2/m204.tif"/>
        <level index="3" path="3/c204.tif" mask="3/m204.tif"/>
        <level index="4" path="4/c204.tif" mask="4/m204.tif"/>
        <level index="5" path="5/c204.tif" mask="5/m204.tif"/>
        <level index="6" path="6/c204.tif" mask="6/m204.tif"/>
        <level index="7" path="7/c204.tif" mask="7/m204.tif"/>
        <level index="8" path="8/c204.tif" mask="8/m204.tif"/>
        <level index="9" path="9/c204.tif" mask="9/m204.tif"/>
      </pyramid>
    </image>
    <image id="205">
      <extent>
        <left>2507625.6198175228</left>
        <top>1139205.8541246664</top>
        <right>2507664.3203329365</right>
        <bottom>1139165.6826853377</bottom>
      </extent>
      <center>
        <x>2507645.2394406088</x>
        <y>1139186.8401083874</y>
      </center>
      <pyramid>
        <level index="0" path="0/c205.tif" mask="0/m205.tif"/>
        <level index="1" path="1/c205.tif" mask="1/m205.tif"/>
        <level index="2" path="2/c205.tif" mask="2/m205.tif"/>
        <level index="3" path="3/c205.tif" mask="3/m205.tif"/>
        <level index="4" path="4/c205.tif" mask="4/m205.tif"/>
        <level index="5" path="5/c205.tif" mask="5/m205.tif"/>
        <level index="6" path="6/c205.tif" mask="6/m205.tif"/>
        <level index="7" path="7/c205.tif" mask="7/m205.tif"/>
        <level index="8" path="8/c205.tif" mask="8/m205.tif"/>
        <level index="9" path="9/c205.tif" mask="9/m205.tif"/>
      </pyramid>
    </image>
    <image id="206">
      <extent>
        <left>2507630.4890828962</left>
        <top>1139202.6079477509</top>
        <right>2507669.3924843674</right>
        <bottom>1139162.3350653937</bottom>
      </extent>
      <center>
        <x>2507650.2417146023</x>
        <y>1139183.5238490584</y>
      </center>
      <pyramid>
        <level index="0" path="0/c206.tif" mask="0/m206.tif"/>
        <level index="1" path="1/c206.tif" mask="1/m206.tif"/>
        <level index="2" path="2/c206.tif" mask="2/m206.tif"/>
        <level index="3" path="3/c206.tif" mask="3/m206.tif"/>
        <level index="4" path="4/c206.tif" mask="4/m206.tif"/>
        <level index="5" path="5/c206.tif" mask="5/m206.tif"/>
        <level index="6" path="6/c206.tif" mask="6/m206.tif"/>
        <level index="7" path="7/c206.tif" mask="7/m206.tif"/>
        <level index="8" path="8/c206.tif" mask="8/m206.tif"/>
        <level index="9" path="9/c206.tif" mask="9/m206.tif"/>
      </pyramid>
    </image>
    <image id="207">
      <extent>
        <left>2507635.5105128121</left>
        <top>1139199.5139353785</top>
        <right>2507674.3124712547</right>
        <bottom>1139159.0888884782</bottom>
      </extent>
      <center>
        <x>2507655.3105806075</x>
        <y>1139180.356642738</y>
      </center>
      <pyramid>
        <level index="0" path="0/c207.tif" mask="0/m207.tif"/>
        <level index="1" path="1/c207.tif" mask="1/m207.tif"/>
        <level index="2" path="2/c207.tif" mask="2/m207.tif"/>
        <level index="3" path="3/c207.tif" mask="3/m207.tif"/>
        <level index="4" path="4/c207.tif" mask="4/m207.tif"/>
        <level index="5" path="5/c207.tif" mask="5/m207.tif"/>
        <level index="6" path="6/c207.tif" mask="6/m207.tif"/>
        <level index="7" path="7/c207.tif" mask="7/m207.tif"/>
        <level index="8" path="8/c207.tif" mask="8/m207.tif"/>
        <level index="9" path="9/c207.tif" mask="9/m207.tif"/>
      </pyramid>
    </image>
    <image id="213">
      <extent>
        <left>2507665.3347632228</left>
        <top>1139180.7469750862</top>
        <right>2507704.4917722656</right>
        <bottom>1139140.0175991002</bottom>
      </extent>
      <center>
        <x>2507685.6773311924</x>
        <y>1139161.0936486898</y>
      </center>
      <pyramid>
        <level index="0" path="0/c213.tif" mask="0/m213.tif"/>
        <level index="1" path="1/c213.tif" mask="1/m213.tif"/>
        <level index="2" path="2/c213.tif" mask="2/m213.tif"/>
        <level index="3" path="3/c213.tif" mask="3/m213.tif"/>
        <level index="4" path="4/c213.tif" mask="4/m213.tif"/>
        <level index="5" path="5/c213.tif" mask="5/m213.tif"/>
        <level index="6" path="6/c213.tif" mask="6/m213.tif"/>
        <level index="7" path="7/c213.tif" mask="7/m213.tif"/>
        <level index="8" path="8/c213.tif" mask="8/m213.tif"/>
        <level index="9" path="9/c213.tif" mask="9/m213.tif"/>
      </pyramid>
    </image>
    <image id="212">
      <extent>
        <left>2507660.3133333069</left>
        <top>1139183.7902659443</top>
        <right>2507699.5717853783</right>
        <bottom>1139143.0101684441</bottom>
      </extent>
      <center>
        <x>2507680.6897985172</x>
        <y>1139164.2940275792</y>
      </center>
      <pyramid>
        <level index="0" path="0/c212.tif" mask="0/m212.tif"/>
        <level index="1" path="1/c212.tif" mask="1/m212.tif"/>
        <level index="2" path="2/c212.tif" mask="2/m212.tif"/>
        <level index="3" path="3/c212.tif" mask="3/m212.tif"/>
        <level index="4" path="4/c212.tif" mask="4/m212.tif"/>
        <level index="5" path="5/c212.tif" mask="5/m212.tif"/>
        <level index="6" path="6/c212.tif" mask="6/m212.tif"/>
        <level index="7" path="7/c212.tif" mask="7/m212.tif"/>
        <level index="8" path="8/c212.tif" mask="8/m212.tif"/>
        <level index="9" path="9/c212.tif" mask="9/m212.tif"/>
      </pyramid>
    </image>
  </images>
</orthomosaic>
