<?xml version="1.0" encoding="UTF-8"?>
<orthomosaic version="1.2.0">
  <params>
    <crs>PROJCS["CH1903+ / LV95",GEOGCS["CH1903+",DATUM["CH1903+",SPHEROID["Bessel 1841",6377397.155,299.1528128,AUTHORITY["EPSG","7004"]],TOWGS84[674.374,15.056,405.346,0,0,0,0],AUTHORITY["EPSG","6150"]],PRIMEM["Greenwich",0,AUTHORITY["EPSG","8901"]],UNIT["degree",0.01745329251994328,AUTHORITY["EPSG","9102"]],AUTHORITY["EPSG","4150"]],PROJECTION["Oblique_Mercator",AUTHORITY["EPSG","9815"]],PARAMETER["latitude_of_center",46.95240555555561],PARAMETER["longitude_of_center",7.439583333333329],PARAMETER["azimuth",90],PARAMETER["recitified_grid_angle",90],PARAMETER["scale_factor",1],PARAMETER["false_easting",2600000],PARAMETER["false_northing",1200000],UNIT["metre",1,AUTHORITY["EPSG","9001"]],AUTHORITY["EPSG","2056"]]</crs>
    <extent>
      <left>2507582.5066012628</left>
      <top>1139234.2055646488</top>
      <right>2507760.6398652219</right>
      <bottom>1139074.0276467723</bottom>
    </extent>
    <dimensions>
      <width>3512</width>
      <height>3158</height>
      <tileWidth>4096</tileWidth>
      <tileHeight>4096</tileHeight>
    </dimensions>
    <levelCount>10</levelCount>
    <tileLevelCount>5</tileLevelCount>
    <channelCount>3</channelCount>
    <dataType>uint8</dataType>
    <blendingMode>4</blendingMode>
    <refineSeamlines>false</refineSeamlines>
    <seamlinesDownscaleLevel>3</seamlinesDownscaleLevel>
    <holeFillingDepth>6</holeFillingDepth>
    <ghostingFilter>false</ghostingFilter>
    <channels>
      <red>0</red>
      <green>1</green>
      <blue>2</blue>
    </channels>
  </params>
  <images>
    <block path="images0.zip"/>
    <block path="images1.zip"/>
    <block path="images2.zip"/>
    <block path="images3.zip"/>
    <block path="images4.zip"/>
    <block path="images5.zip"/>
    <block path="images6.zip"/>
    <block path="images7.zip"/>
    <block path="images8.zip"/>
    <block path="images9.zip"/>
    <block path="images10.zip"/>
    <block path="images11.zip"/>
  </images>
  <tiles>
    <tile x="0" y="0">
      <path>tile-0-0.tif</path>
      <mask>tile-0-0-p.tif</mask>
    </tile>
    <tile x="0" y="0" level="5">
      <path>tile-l5-0-0.tif</path>
    </tile>
  </tiles>
  <meta>
    <property name="BuildOrthomosaic/blending_mode" value="4"/>
    <property name="BuildOrthomosaic/cull_faces" value="false"/>
    <property name="BuildOrthomosaic/duration" value="12.741"/>
    <property name="BuildOrthomosaic/fill_holes" value="true"/>
    <property name="BuildOrthomosaic/flip_x" value="false"/>
    <property name="BuildOrthomosaic/flip_y" value="false"/>
    <property name="BuildOrthomosaic/flip_z" value="false"/>
    <property name="BuildOrthomosaic/ghosting_filter" value="false"/>
    <property name="BuildOrthomosaic/max_workgroup_size" value="100"/>
    <property name="BuildOrthomosaic/ram_used" value="208535552"/>
    <property name="BuildOrthomosaic/refine_seamlines" value="false"/>
    <property name="BuildOrthomosaic/resolution" value="0"/>
    <property name="BuildOrthomosaic/resolution_x" value="0"/>
    <property name="BuildOrthomosaic/resolution_y" value="0"/>
    <property name="BuildOrthomosaic/subdivide_task" value="true"/>
    <property name="BuildOrthomosaic/surface_data" value="4"/>
    <property name="BuildOrthomosaic/workitem_size_cameras" value="20"/>
    <property name="BuildOrthomosaic/workitem_size_tiles" value="10"/>
    <property name="Info/LastSavedDateTime" value="2023:02:27 10:09:15"/>
    <property name="Info/LastSavedSoftwareVersion" value="1.7.3.12473"/>
    <property name="Info/OriginalDateTime" value="2023:02:27 10:09:10"/>
    <property name="Info/OriginalSoftwareVersion" value="1.7.3.12473"/>
  </meta>
</orthomosaic>
