<?xml version="1.0" encoding="UTF-8"?>
<orthomosaic version="1.2.0">
  <images level_count="10">
    <image id="75">
      <extent>
        <left>2507657.87870062</left>
        <top>1139147.3214971598</top>
        <right>2507696.7821020912</right>
        <bottom>1139106.5921211739</bottom>
      </extent>
      <center>
        <x>2507678.3751227148</x>
        <y>1139127.1950673009</y>
      </center>
      <pyramid>
        <level index="0" path="0/c75.tif" mask="0/m75.tif"/>
        <level index="1" path="1/c75.tif" mask="1/m75.tif"/>
        <level index="2" path="2/c75.tif" mask="2/m75.tif"/>
        <level index="3" path="3/c75.tif" mask="3/m75.tif"/>
        <level index="4" path="4/c75.tif" mask="4/m75.tif"/>
        <level index="5" path="5/c75.tif" mask="5/m75.tif"/>
        <level index="6" path="6/c75.tif" mask="6/m75.tif"/>
        <level index="7" path="7/c75.tif" mask="7/m75.tif"/>
        <level index="8" path="8/c75.tif" mask="8/m75.tif"/>
        <level index="9" path="9/c75.tif" mask="9/m75.tif"/>
      </pyramid>
    </image>
    <image id="78">
      <extent>
        <left>2507672.7908258257</left>
        <top>1139137.7351309564</top>
        <right>2507711.9985563825</right>
        <bottom>1139096.9043119417</bottom>
      </extent>
      <center>
        <x>2507693.6779430993</x>
        <y>1139117.4267499514</y>
      </center>
      <pyramid>
        <level index="0" path="0/c78.tif" mask="0/m78.tif"/>
        <level index="1" path="1/c78.tif" mask="1/m78.tif"/>
        <level index="2" path="2/c78.tif" mask="2/m78.tif"/>
        <level index="3" path="3/c78.tif" mask="3/m78.tif"/>
        <level index="4" path="4/c78.tif" mask="4/m78.tif"/>
        <level index="5" path="5/c78.tif" mask="5/m78.tif"/>
        <level index="6" path="6/c78.tif" mask="6/m78.tif"/>
        <level index="7" path="7/c78.tif" mask="7/m78.tif"/>
        <level index="8" path="8/c78.tif" mask="8/m78.tif"/>
        <level index="9" path="9/c78.tif" mask="9/m78.tif"/>
      </pyramid>
    </image>
    <image id="74">
      <extent>
        <left>2507652.8572707041</left>
        <top>1139150.4662310467</top>
        <right>2507691.8621152039</right>
        <bottom>1139109.7875765751</bottom>
      </extent>
      <center>
        <x>2507673.3849656656</x>
        <y>1139130.3861117957</y>
      </center>
      <pyramid>
        <level index="0" path="0/c74.tif" mask="0/m74.tif"/>
        <level index="1" path="1/c74.tif" mask="1/m74.tif"/>
        <level index="2" path="2/c74.tif" mask="2/m74.tif"/>
        <level index="3" path="3/c74.tif" mask="3/m74.tif"/>
        <level index="4" path="4/c74.tif" mask="4/m74.tif"/>
        <level index="5" path="5/c74.tif" mask="5/m74.tif"/>
        <level index="6" path="6/c74.tif" mask="6/m74.tif"/>
        <level index="7" path="7/c74.tif" mask="7/m74.tif"/>
        <level index="8" path="8/c74.tif" mask="8/m74.tif"/>
        <level index="9" path="9/c74.tif" mask="9/m74.tif"/>
      </pyramid>
    </image>
    <image id="77">
      <extent>
        <left>2507667.9722819668</left>
        <top>1139140.8798648433</top>
        <right>2507706.9771264666</right>
        <bottom>1139099.9476028001</bottom>
      </extent>
      <center>
        <x>2507688.5266712252</x>
        <y>1139120.6227808474</y>
      </center>
      <pyramid>
        <level index="0" path="0/c77.tif" mask="0/m77.tif"/>
        <level index="1" path="1/c77.tif" mask="1/m77.tif"/>
        <level index="2" path="2/c77.tif" mask="2/m77.tif"/>
        <level index="3" path="3/c77.tif" mask="3/m77.tif"/>
        <level index="4" path="4/c77.tif" mask="4/m77.tif"/>
        <level index="5" path="5/c77.tif" mask="5/m77.tif"/>
        <level index="6" path="6/c77.tif" mask="6/m77.tif"/>
        <level index="7" path="7/c77.tif" mask="7/m77.tif"/>
        <level index="8" path="8/c77.tif" mask="8/m77.tif"/>
        <level index="9" path="9/c77.tif" mask="9/m77.tif"/>
      </pyramid>
    </image>
    <image id="79">
      <extent>
        <left>2507677.710812713</left>
        <top>1139134.641118584</top>
        <right>2507716.9692647844</right>
        <bottom>1139093.5566919979</bottom>
      </extent>
      <center>
        <x>2507698.7184356451</x>
        <y>1139114.2577618109</y>
      </center>
      <pyramid>
        <level index="0" path="0/c79.tif" mask="0/m79.tif"/>
        <level index="1" path="1/c79.tif" mask="1/m79.tif"/>
        <level index="2" path="2/c79.tif" mask="2/m79.tif"/>
        <level index="3" path="3/c79.tif" mask="3/m79.tif"/>
        <level index="4" path="4/c79.tif" mask="4/m79.tif"/>
        <level index="5" path="5/c79.tif" mask="5/m79.tif"/>
        <level index="6" path="6/c79.tif" mask="6/m79.tif"/>
        <level index="7" path="7/c79.tif" mask="7/m79.tif"/>
        <level index="8" path="8/c79.tif" mask="8/m79.tif"/>
        <level index="9" path="9/c79.tif" mask="9/m79.tif"/>
      </pyramid>
    </image>
    <image id="69">
      <extent>
        <left>2507627.7501211236</left>
        <top>1139166.7478371381</top>
        <right>2507666.9578516805</right>
        <bottom>1139126.4242332666</bottom>
      </extent>
      <center>
        <x>2507647.9703446459</x>
        <y>1139147.1542718397</y>
      </center>
      <pyramid>
        <level index="0" path="0/c69.tif" mask="0/m69.tif"/>
        <level index="1" path="1/c69.tif" mask="1/m69.tif"/>
        <level index="2" path="2/c69.tif" mask="2/m69.tif"/>
        <level index="3" path="3/c69.tif" mask="3/m69.tif"/>
        <level index="4" path="4/c69.tif" mask="4/m69.tif"/>
        <level index="5" path="5/c69.tif" mask="5/m69.tif"/>
        <level index="6" path="6/c69.tif" mask="6/m69.tif"/>
        <level index="7" path="7/c69.tif" mask="7/m69.tif"/>
        <level index="8" path="8/c69.tif" mask="8/m69.tif"/>
        <level index="9" path="9/c69.tif" mask="9/m69.tif"/>
      </pyramid>
    </image>
    <image id="80">
      <extent>
        <left>2507682.7829641434</left>
        <top>1139131.5471062113</top>
        <right>2507721.9906947003</right>
        <bottom>1139090.4626796253</bottom>
      </extent>
      <center>
        <x>2507703.8059795983</x>
        <y>1139111.0576666836</y>
      </center>
      <pyramid>
        <level index="0" path="0/c80.tif" mask="0/m80.tif"/>
        <level index="1" path="1/c80.tif" mask="1/m80.tif"/>
        <level index="2" path="2/c80.tif" mask="2/m80.tif"/>
        <level index="3" path="3/c80.tif" mask="3/m80.tif"/>
        <level index="4" path="4/c80.tif" mask="4/m80.tif"/>
        <level index="5" path="5/c80.tif" mask="5/m80.tif"/>
        <level index="6" path="6/c80.tif" mask="6/m80.tif"/>
        <level index="7" path="7/c80.tif" mask="7/m80.tif"/>
        <level index="8" path="8/c80.tif" mask="8/m80.tif"/>
        <level index="9" path="9/c80.tif" mask="9/m80.tif"/>
      </pyramid>
    </image>
    <image id="60">
      <extent>
        <left>2507596.6071113413</left>
        <top>1139196.4199230061</top>
        <right>2507635.7133988696</right>
        <bottom>1139155.3862179343</bottom>
      </extent>
      <center>
        <x>2507615.8738510311</x>
        <y>1139176.6692204606</y>
      </center>
      <pyramid>
        <level index="0" path="0/c60.tif" mask="0/m60.tif"/>
        <level index="1" path="1/c60.tif" mask="1/m60.tif"/>
        <level index="2" path="2/c60.tif" mask="2/m60.tif"/>
        <level index="3" path="3/c60.tif" mask="3/m60.tif"/>
        <level index="4" path="4/c60.tif" mask="4/m60.tif"/>
        <level index="5" path="5/c60.tif" mask="5/m60.tif"/>
        <level index="6" path="6/c60.tif" mask="6/m60.tif"/>
        <level index="7" path="7/c60.tif" mask="7/m60.tif"/>
        <level index="8" path="8/c60.tif" mask="8/m60.tif"/>
        <level index="9" path="9/c60.tif" mask="9/m60.tif"/>
      </pyramid>
    </image>
    <image id="71">
      <extent>
        <left>2507637.7422594414</left>
        <top>1139160.356926336</top>
        <right>2507676.4934963696</right>
        <bottom>1139119.8811579214</bottom>
      </extent>
      <center>
        <x>2507657.8238965105</x>
        <y>1139140.4496028912</y>
      </center>
      <pyramid>
        <level index="0" path="0/c71.tif" mask="0/m71.tif"/>
        <level index="1" path="1/c71.tif" mask="1/m71.tif"/>
        <level index="2" path="2/c71.tif" mask="2/m71.tif"/>
        <level index="3" path="3/c71.tif" mask="3/m71.tif"/>
        <level index="4" path="4/c71.tif" mask="4/m71.tif"/>
        <level index="5" path="5/c71.tif" mask="5/m71.tif"/>
        <level index="6" path="6/c71.tif" mask="6/m71.tif"/>
        <level index="7" path="7/c71.tif" mask="7/m71.tif"/>
        <level index="8" path="8/c71.tif" mask="8/m71.tif"/>
        <level index="9" path="9/c71.tif" mask="9/m71.tif"/>
      </pyramid>
    </image>
    <image id="70">
      <extent>
        <left>2507633.2280446687</left>
        <top>1139163.4002171941</top>
        <right>2507671.8271170538</right>
        <bottom>1139123.0766133226</bottom>
      </extent>
      <center>
        <x>2507653.1509199552</x>
        <y>1139143.7812497965</y>
      </center>
      <pyramid>
        <level index="0" path="0/c70.tif" mask="0/m70.tif"/>
        <level index="1" path="1/c70.tif" mask="1/m70.tif"/>
        <level index="2" path="2/c70.tif" mask="2/m70.tif"/>
        <level index="3" path="3/c70.tif" mask="3/m70.tif"/>
        <level index="4" path="4/c70.tif" mask="4/m70.tif"/>
        <level index="5" path="5/c70.tif" mask="5/m70.tif"/>
        <level index="6" path="6/c70.tif" mask="6/m70.tif"/>
        <level index="7" path="7/c70.tif" mask="7/m70.tif"/>
        <level index="8" path="8/c70.tif" mask="8/m70.tif"/>
        <level index="9" path="9/c70.tif" mask="9/m70.tif"/>
      </pyramid>
    </image>
    <image id="65">
      <extent>
        <left>2507607.7151229735</left>
        <top>1139180.4933675146</top>
        <right>2507646.5678029303</right>
        <bottom>1139139.9668775857</bottom>
      </extent>
      <center>
        <x>2507627.2578855623</x>
        <y>1139161.0028310618</y>
      </center>
      <pyramid>
        <level index="0" path="0/c65.tif" mask="0/m65.tif"/>
        <level index="1" path="1/c65.tif" mask="1/m65.tif"/>
        <level index="2" path="2/c65.tif" mask="2/m65.tif"/>
        <level index="3" path="3/c65.tif" mask="3/m65.tif"/>
        <level index="4" path="4/c65.tif" mask="4/m65.tif"/>
        <level index="5" path="5/c65.tif" mask="5/m65.tif"/>
        <level index="6" path="6/c65.tif" mask="6/m65.tif"/>
        <level index="7" path="7/c65.tif" mask="7/m65.tif"/>
        <level index="8" path="8/c65.tif" mask="8/m65.tif"/>
        <level index="9" path="9/c65.tif" mask="9/m65.tif"/>
      </pyramid>
    </image>
    <image id="72">
      <extent>
        <left>2507643.0172969294</left>
        <top>1139157.0093063919</top>
        <right>2507681.8699768861</right>
        <bottom>1139116.5335379774</bottom>
      </extent>
      <center>
        <x>2507663.1791669391</x>
        <y>1139137.0106601494</y>
      </center>
      <pyramid>
        <level index="0" path="0/c72.tif" mask="0/m72.tif"/>
        <level index="1" path="1/c72.tif" mask="1/m72.tif"/>
        <level index="2" path="2/c72.tif" mask="2/m72.tif"/>
        <level index="3" path="3/c72.tif" mask="3/m72.tif"/>
        <level index="4" path="4/c72.tif" mask="4/m72.tif"/>
        <level index="5" path="5/c72.tif" mask="5/m72.tif"/>
        <level index="6" path="6/c72.tif" mask="6/m72.tif"/>
        <level index="7" path="7/c72.tif" mask="7/m72.tif"/>
        <level index="8" path="8/c72.tif" mask="8/m72.tif"/>
        <level index="9" path="9/c72.tif" mask="9/m72.tif"/>
      </pyramid>
    </image>
    <image id="66">
      <extent>
        <left>2507612.8379959185</left>
        <top>1139176.7906969704</top>
        <right>2507651.9950049613</right>
        <bottom>1139136.3656500701</bottom>
      </extent>
      <center>
        <x>2507632.7123601716</x>
        <y>1139157.3118436483</y>
      </center>
      <pyramid>
        <level index="0" path="0/c66.tif" mask="0/m66.tif"/>
        <level index="1" path="1/c66.tif" mask="1/m66.tif"/>
        <level index="2" path="2/c66.tif" mask="2/m66.tif"/>
        <level index="3" path="3/c66.tif" mask="3/m66.tif"/>
        <level index="4" path="4/c66.tif" mask="4/m66.tif"/>
        <level index="5" path="5/c66.tif" mask="5/m66.tif"/>
        <level index="6" path="6/c66.tif" mask="6/m66.tif"/>
        <level index="7" path="7/c66.tif" mask="7/m66.tif"/>
        <level index="8" path="8/c66.tif" mask="8/m66.tif"/>
        <level index="9" path="9/c66.tif" mask="9/m66.tif"/>
      </pyramid>
    </image>
    <image id="63">
      <extent>
        <left>2507597.9765922274</left>
        <top>1139187.0871643741</top>
        <right>2507636.8292721841</right>
        <bottom>1139146.6621174738</bottom>
      </extent>
      <center>
        <x>2507617.4370402694</x>
        <y>1139167.7526040946</y>
      </center>
      <pyramid>
        <level index="0" path="0/c63.tif" mask="0/m63.tif"/>
        <level index="1" path="1/c63.tif" mask="1/m63.tif"/>
        <level index="2" path="2/c63.tif" mask="2/m63.tif"/>
        <level index="3" path="3/c63.tif" mask="3/m63.tif"/>
        <level index="4" path="4/c63.tif" mask="4/m63.tif"/>
        <level index="5" path="5/c63.tif" mask="5/m63.tif"/>
        <level index="6" path="6/c63.tif" mask="6/m63.tif"/>
        <level index="7" path="7/c63.tif" mask="7/m63.tif"/>
        <level index="8" path="8/c63.tif" mask="8/m63.tif"/>
        <level index="9" path="9/c63.tif" mask="9/m63.tif"/>
      </pyramid>
    </image>
    <image id="61">
      <extent>
        <left>2507592.5493901968</left>
        <top>1139190.4347843181</top>
        <right>2507631.503513182</right>
        <bottom>1139150.0097374178</bottom>
      </extent>
      <center>
        <x>2507612.2477559</x>
        <y>1139171.2567001511</y>
      </center>
      <pyramid>
        <level index="0" path="0/c61.tif" mask="0/m61.tif"/>
        <level index="1" path="1/c61.tif" mask="1/m61.tif"/>
        <level index="2" path="2/c61.tif" mask="2/m61.tif"/>
        <level index="3" path="3/c61.tif" mask="3/m61.tif"/>
        <level index="4" path="4/c61.tif" mask="4/m61.tif"/>
        <level index="5" path="5/c61.tif" mask="5/m61.tif"/>
        <level index="6" path="6/c61.tif" mask="6/m61.tif"/>
        <level index="7" path="7/c61.tif" mask="7/m61.tif"/>
        <level index="8" path="8/c61.tif" mask="8/m61.tif"/>
        <level index="9" path="9/c61.tif" mask="9/m61.tif"/>
      </pyramid>
    </image>
    <image id="64">
      <extent>
        <left>2507602.7951360862</left>
        <top>1139183.6888229158</top>
        <right>2507641.5970945288</right>
        <bottom>1139143.4159405585</bottom>
      </extent>
      <center>
        <x>2507622.3079612385</x>
        <y>1139164.3840648897</y>
      </center>
      <pyramid>
        <level index="0" path="0/c64.tif" mask="0/m64.tif"/>
        <level index="1" path="1/c64.tif" mask="1/m64.tif"/>
        <level index="2" path="2/c64.tif" mask="2/m64.tif"/>
        <level index="3" path="3/c64.tif" mask="3/m64.tif"/>
        <level index="4" path="4/c64.tif" mask="4/m64.tif"/>
        <level index="5" path="5/c64.tif" mask="5/m64.tif"/>
        <level index="6" path="6/c64.tif" mask="6/m64.tif"/>
        <level index="7" path="7/c64.tif" mask="7/m64.tif"/>
        <level index="8" path="8/c64.tif" mask="8/m64.tif"/>
        <level index="9" path="9/c64.tif" mask="9/m64.tif"/>
      </pyramid>
    </image>
    <image id="67">
      <extent>
        <left>2507617.5550967488</left>
        <top>1139173.6459630835</top>
        <right>2507656.661384277</right>
        <bottom>1139133.0687516404</bottom>
      </extent>
      <center>
        <x>2507637.6078706961</x>
        <y>1139154.0572847256</y>
      </center>
      <pyramid>
        <level index="0" path="0/c67.tif" mask="0/m67.tif"/>
        <level index="1" path="1/c67.tif" mask="1/m67.tif"/>
        <level index="2" path="2/c67.tif" mask="2/m67.tif"/>
        <level index="3" path="3/c67.tif" mask="3/m67.tif"/>
        <level index="4" path="4/c67.tif" mask="4/m67.tif"/>
        <level index="5" path="5/c67.tif" mask="5/m67.tif"/>
        <level index="6" path="6/c67.tif" mask="6/m67.tif"/>
        <level index="7" path="7/c67.tif" mask="7/m67.tif"/>
        <level index="8" path="8/c67.tif" mask="8/m67.tif"/>
        <level index="9" path="9/c67.tif" mask="9/m67.tif"/>
      </pyramid>
    </image>
    <image id="76">
      <extent>
        <left>2507662.9001305364</left>
        <top>1139144.1767632731</top>
        <right>2507701.8542535217</right>
        <bottom>1139103.4473872872</bottom>
      </extent>
      <center>
        <x>2507683.4779061414</x>
        <y>1139123.8497724209</y>
      </center>
      <pyramid>
        <level index="0" path="0/c76.tif" mask="0/m76.tif"/>
        <level index="1" path="1/c76.tif" mask="1/m76.tif"/>
        <level index="2" path="2/c76.tif" mask="2/m76.tif"/>
        <level index="3" path="3/c76.tif" mask="3/m76.tif"/>
        <level index="4" path="4/c76.tif" mask="4/m76.tif"/>
        <level index="5" path="5/c76.tif" mask="5/m76.tif"/>
        <level index="6" path="6/c76.tif" mask="6/m76.tif"/>
        <level index="7" path="7/c76.tif" mask="7/m76.tif"/>
        <level index="8" path="8/c76.tif" mask="8/m76.tif"/>
        <level index="9" path="9/c76.tif" mask="9/m76.tif"/>
      </pyramid>
    </image>
    <image id="73">
      <extent>
        <left>2507648.1401698738</left>
        <top>1139153.7124079622</top>
        <right>2507686.891406802</right>
        <bottom>1139113.1859180334</bottom>
      </extent>
      <center>
        <x>2507668.2027904056</x>
        <y>1139133.7532226159</y>
      </center>
      <pyramid>
        <level index="0" path="0/c73.tif" mask="0/m73.tif"/>
        <level index="1" path="1/c73.tif" mask="1/m73.tif"/>
        <level index="2" path="2/c73.tif" mask="2/m73.tif"/>
        <level index="3" path="3/c73.tif" mask="3/m73.tif"/>
        <level index="4" path="4/c73.tif" mask="4/m73.tif"/>
        <level index="5" path="5/c73.tif" mask="5/m73.tif"/>
        <level index="6" path="6/c73.tif" mask="6/m73.tif"/>
        <level index="7" path="7/c73.tif" mask="7/m73.tif"/>
        <level index="8" path="8/c73.tif" mask="8/m73.tif"/>
        <level index="9" path="9/c73.tif" mask="9/m73.tif"/>
      </pyramid>
    </image>
    <image id="68">
      <extent>
        <left>2507622.8301342363</left>
        <top>1139170.2476216252</top>
        <right>2507661.9364217645</right>
        <bottom>1139129.7718532106</bottom>
      </extent>
      <center>
        <x>2507642.906429911</x>
        <y>1139150.4845125969</y>
      </center>
      <pyramid>
        <level index="0" path="0/c68.tif" mask="0/m68.tif"/>
        <level index="1" path="1/c68.tif" mask="1/m68.tif"/>
        <level index="2" path="2/c68.tif" mask="2/m68.tif"/>
        <level index="3" path="3/c68.tif" mask="3/m68.tif"/>
        <level index="4" path="4/c68.tif" mask="4/m68.tif"/>
        <level index="5" path="5/c68.tif" mask="5/m68.tif"/>
        <level index="6" path="6/c68.tif" mask="6/m68.tif"/>
        <level index="7" path="7/c68.tif" mask="7/m68.tif"/>
        <level index="8" path="8/c68.tif" mask="8/m68.tif"/>
        <level index="9" path="9/c68.tif" mask="9/m68.tif"/>
      </pyramid>
    </image>
  </images>
</orthomosaic>
