<?xml version="1.0" encoding="UTF-8"?>
<depth_maps version="1.5.0">
  <depth_map camera_id="26" level="0" path="0/d26.exr">
    <calibration type="frame">
      <resolution width="640" height="512"/>
      <f>741.15311584527717</f>
      <cx>10.090000975425141</cx>
      <cy>8.5387281098109611</cy>
    </calibration>
  </depth_map>
  <depth_map camera_id="26" level="1" path="1/d26.exr">
    <calibration type="frame">
      <resolution width="320" height="256"/>
      <f>370.57655792263859</f>
      <cx>5.0450004877125707</cx>
      <cy>4.2693640549054805</cy>
    </calibration>
  </depth_map>
  <depth_map camera_id="26" level="2" path="2/d26.exr">
    <calibration type="frame">
      <resolution width="160" height="128"/>
      <f>185.28827896131929</f>
      <cx>2.5225002438562854</cx>
      <cy>2.1346820274527403</cy>
    </calibration>
  </depth_map>
  <depth_map camera_id="26" level="3" path="3/d26.exr">
    <calibration type="frame">
      <resolution width="80" height="64"/>
      <f>92.644139480659646</f>
      <cx>1.2612501219281427</cx>
      <cy>1.0673410137263701</cy>
    </calibration>
  </depth_map>
  <depth_map camera_id="27" level="0" path="0/d27.exr">
    <calibration type="frame">
      <resolution width="640" height="512"/>
      <f>741.15311584527717</f>
      <cx>10.090000975425141</cx>
      <cy>8.5387281098109611</cy>
    </calibration>
  </depth_map>
  <depth_map camera_id="27" level="1" path="1/d27.exr">
    <calibration type="frame">
      <resolution width="320" height="256"/>
      <f>370.57655792263859</f>
      <cx>5.0450004877125707</cx>
      <cy>4.2693640549054805</cy>
    </calibration>
  </depth_map>
  <depth_map camera_id="27" level="2" path="2/d27.exr">
    <calibration type="frame">
      <resolution width="160" height="128"/>
      <f>185.28827896131929</f>
      <cx>2.5225002438562854</cx>
      <cy>2.1346820274527403</cy>
    </calibration>
  </depth_map>
  <depth_map camera_id="27" level="3" path="3/d27.exr">
    <calibration type="frame">
      <resolution width="80" height="64"/>
      <f>92.644139480659646</f>
      <cx>1.2612501219281427</cx>
      <cy>1.0673410137263701</cy>
    </calibration>
  </depth_map>
  <depth_map camera_id="28" level="0" path="0/d28.exr">
    <calibration type="frame">
      <resolution width="640" height="512"/>
      <f>741.15311584527717</f>
      <cx>10.090000975425141</cx>
      <cy>8.5387281098109611</cy>
    </calibration>
  </depth_map>
  <depth_map camera_id="28" level="1" path="1/d28.exr">
    <calibration type="frame">
      <resolution width="320" height="256"/>
      <f>370.57655792263859</f>
      <cx>5.0450004877125707</cx>
      <cy>4.2693640549054805</cy>
    </calibration>
  </depth_map>
  <depth_map camera_id="28" level="2" path="2/d28.exr">
    <calibration type="frame">
      <resolution width="160" height="128"/>
      <f>185.28827896131929</f>
      <cx>2.5225002438562854</cx>
      <cy>2.1346820274527403</cy>
    </calibration>
  </depth_map>
  <depth_map camera_id="28" level="3" path="3/d28.exr">
    <calibration type="frame">
      <resolution width="80" height="64"/>
      <f>92.644139480659646</f>
      <cx>1.2612501219281427</cx>
      <cy>1.0673410137263701</cy>
    </calibration>
  </depth_map>
  <depth_map camera_id="29" level="0" path="0/d29.exr">
    <calibration type="frame">
      <resolution width="640" height="512"/>
      <f>741.15311584527717</f>
      <cx>10.090000975425141</cx>
      <cy>8.5387281098109611</cy>
    </calibration>
  </depth_map>
  <depth_map camera_id="29" level="1" path="1/d29.exr">
    <calibration type="frame">
      <resolution width="320" height="256"/>
      <f>370.57655792263859</f>
      <cx>5.0450004877125707</cx>
      <cy>4.2693640549054805</cy>
    </calibration>
  </depth_map>
  <depth_map camera_id="29" level="2" path="2/d29.exr">
    <calibration type="frame">
      <resolution width="160" height="128"/>
      <f>185.28827896131929</f>
      <cx>2.5225002438562854</cx>
      <cy>2.1346820274527403</cy>
    </calibration>
  </depth_map>
  <depth_map camera_id="29" level="3" path="3/d29.exr">
    <calibration type="frame">
      <resolution width="80" height="64"/>
      <f>92.644139480659646</f>
      <cx>1.2612501219281427</cx>
      <cy>1.0673410137263701</cy>
    </calibration>
  </depth_map>
  <depth_map camera_id="30" level="0" path="0/d30.exr">
    <calibration type="frame">
      <resolution width="640" height="512"/>
      <f>741.15311584527717</f>
      <cx>10.090000975425141</cx>
      <cy>8.5387281098109611</cy>
    </calibration>
  </depth_map>
  <depth_map camera_id="30" level="1" path="1/d30.exr">
    <calibration type="frame">
      <resolution width="320" height="256"/>
      <f>370.57655792263859</f>
      <cx>5.0450004877125707</cx>
      <cy>4.2693640549054805</cy>
    </calibration>
  </depth_map>
  <depth_map camera_id="30" level="2" path="2/d30.exr">
    <calibration type="frame">
      <resolution width="160" height="128"/>
      <f>185.28827896131929</f>
      <cx>2.5225002438562854</cx>
      <cy>2.1346820274527403</cy>
    </calibration>
  </depth_map>
  <depth_map camera_id="30" level="3" path="3/d30.exr">
    <calibration type="frame">
      <resolution width="80" height="64"/>
      <f>92.644139480659646</f>
      <cx>1.2612501219281427</cx>
      <cy>1.0673410137263701</cy>
    </calibration>
  </depth_map>
  <depth_map camera_id="31" level="0" path="0/d31.exr">
    <calibration type="frame">
      <resolution width="640" height="512"/>
      <f>741.15311584527717</f>
      <cx>10.090000975425141</cx>
      <cy>8.5387281098109611</cy>
    </calibration>
  </depth_map>
  <depth_map camera_id="31" level="1" path="1/d31.exr">
    <calibration type="frame">
      <resolution width="320" height="256"/>
      <f>370.57655792263859</f>
      <cx>5.0450004877125707</cx>
      <cy>4.2693640549054805</cy>
    </calibration>
  </depth_map>
  <depth_map camera_id="31" level="2" path="2/d31.exr">
    <calibration type="frame">
      <resolution width="160" height="128"/>
      <f>185.28827896131929</f>
      <cx>2.5225002438562854</cx>
      <cy>2.1346820274527403</cy>
    </calibration>
  </depth_map>
  <depth_map camera_id="31" level="3" path="3/d31.exr">
    <calibration type="frame">
      <resolution width="80" height="64"/>
      <f>92.644139480659646</f>
      <cx>1.2612501219281427</cx>
      <cy>1.0673410137263701</cy>
    </calibration>
  </depth_map>
  <depth_map camera_id="33" level="0" path="0/d33.exr">
    <calibration type="frame">
      <resolution width="640" height="512"/>
      <f>741.15311584527717</f>
      <cx>10.090000975425141</cx>
      <cy>8.5387281098109611</cy>
    </calibration>
  </depth_map>
  <depth_map camera_id="33" level="1" path="1/d33.exr">
    <calibration type="frame">
      <resolution width="320" height="256"/>
      <f>370.57655792263859</f>
      <cx>5.0450004877125707</cx>
      <cy>4.2693640549054805</cy>
    </calibration>
  </depth_map>
  <depth_map camera_id="33" level="2" path="2/d33.exr">
    <calibration type="frame">
      <resolution width="160" height="128"/>
      <f>185.28827896131929</f>
      <cx>2.5225002438562854</cx>
      <cy>2.1346820274527403</cy>
    </calibration>
  </depth_map>
  <depth_map camera_id="33" level="3" path="3/d33.exr">
    <calibration type="frame">
      <resolution width="80" height="64"/>
      <f>92.644139480659646</f>
      <cx>1.2612501219281427</cx>
      <cy>1.0673410137263701</cy>
    </calibration>
  </depth_map>
  <depth_map camera_id="34" level="0" path="0/d34.exr">
    <calibration type="frame">
      <resolution width="640" height="512"/>
      <f>741.15311584527717</f>
      <cx>10.090000975425141</cx>
      <cy>8.5387281098109611</cy>
    </calibration>
  </depth_map>
  <depth_map camera_id="34" level="1" path="1/d34.exr">
    <calibration type="frame">
      <resolution width="320" height="256"/>
      <f>370.57655792263859</f>
      <cx>5.0450004877125707</cx>
      <cy>4.2693640549054805</cy>
    </calibration>
  </depth_map>
  <depth_map camera_id="34" level="2" path="2/d34.exr">
    <calibration type="frame">
      <resolution width="160" height="128"/>
      <f>185.28827896131929</f>
      <cx>2.5225002438562854</cx>
      <cy>2.1346820274527403</cy>
    </calibration>
  </depth_map>
  <depth_map camera_id="34" level="3" path="3/d34.exr">
    <calibration type="frame">
      <resolution width="80" height="64"/>
      <f>92.644139480659646</f>
      <cx>1.2612501219281427</cx>
      <cy>1.0673410137263701</cy>
    </calibration>
  </depth_map>
  <depth_map camera_id="35" level="0" path="0/d35.exr">
    <calibration type="frame">
      <resolution width="640" height="512"/>
      <f>741.15311584527717</f>
      <cx>10.090000975425141</cx>
      <cy>8.5387281098109611</cy>
    </calibration>
  </depth_map>
  <depth_map camera_id="35" level="1" path="1/d35.exr">
    <calibration type="frame">
      <resolution width="320" height="256"/>
      <f>370.57655792263859</f>
      <cx>5.0450004877125707</cx>
      <cy>4.2693640549054805</cy>
    </calibration>
  </depth_map>
  <depth_map camera_id="35" level="2" path="2/d35.exr">
    <calibration type="frame">
      <resolution width="160" height="128"/>
      <f>185.28827896131929</f>
      <cx>2.5225002438562854</cx>
      <cy>2.1346820274527403</cy>
    </calibration>
  </depth_map>
  <depth_map camera_id="35" level="3" path="3/d35.exr">
    <calibration type="frame">
      <resolution width="80" height="64"/>
      <f>92.644139480659646</f>
      <cx>1.2612501219281427</cx>
      <cy>1.0673410137263701</cy>
    </calibration>
  </depth_map>
  <depth_map camera_id="36" level="0" path="0/d36.exr">
    <calibration type="frame">
      <resolution width="640" height="512"/>
      <f>741.15311584527717</f>
      <cx>10.090000975425141</cx>
      <cy>8.5387281098109611</cy>
    </calibration>
  </depth_map>
  <depth_map camera_id="36" level="1" path="1/d36.exr">
    <calibration type="frame">
      <resolution width="320" height="256"/>
      <f>370.57655792263859</f>
      <cx>5.0450004877125707</cx>
      <cy>4.2693640549054805</cy>
    </calibration>
  </depth_map>
  <depth_map camera_id="36" level="2" path="2/d36.exr">
    <calibration type="frame">
      <resolution width="160" height="128"/>
      <f>185.28827896131929</f>
      <cx>2.5225002438562854</cx>
      <cy>2.1346820274527403</cy>
    </calibration>
  </depth_map>
  <depth_map camera_id="36" level="3" path="3/d36.exr">
    <calibration type="frame">
      <resolution width="80" height="64"/>
      <f>92.644139480659646</f>
      <cx>1.2612501219281427</cx>
      <cy>1.0673410137263701</cy>
    </calibration>
  </depth_map>
  <depth_map camera_id="37" level="0" path="0/d37.exr">
    <calibration type="frame">
      <resolution width="640" height="512"/>
      <f>741.15311584527717</f>
      <cx>10.090000975425141</cx>
      <cy>8.5387281098109611</cy>
    </calibration>
  </depth_map>
  <depth_map camera_id="37" level="1" path="1/d37.exr">
    <calibration type="frame">
      <resolution width="320" height="256"/>
      <f>370.57655792263859</f>
      <cx>5.0450004877125707</cx>
      <cy>4.2693640549054805</cy>
    </calibration>
  </depth_map>
  <depth_map camera_id="37" level="2" path="2/d37.exr">
    <calibration type="frame">
      <resolution width="160" height="128"/>
      <f>185.28827896131929</f>
      <cx>2.5225002438562854</cx>
      <cy>2.1346820274527403</cy>
    </calibration>
  </depth_map>
  <depth_map camera_id="37" level="3" path="3/d37.exr">
    <calibration type="frame">
      <resolution width="80" height="64"/>
      <f>92.644139480659646</f>
      <cx>1.2612501219281427</cx>
      <cy>1.0673410137263701</cy>
    </calibration>
  </depth_map>
  <depth_map camera_id="44" level="0" path="0/d44.exr">
    <calibration type="frame">
      <resolution width="640" height="512"/>
      <f>741.15311584527717</f>
      <cx>10.090000975425141</cx>
      <cy>8.5387281098109611</cy>
    </calibration>
  </depth_map>
  <depth_map camera_id="44" level="1" path="1/d44.exr">
    <calibration type="frame">
      <resolution width="320" height="256"/>
      <f>370.57655792263859</f>
      <cx>5.0450004877125707</cx>
      <cy>4.2693640549054805</cy>
    </calibration>
  </depth_map>
  <depth_map camera_id="44" level="2" path="2/d44.exr">
    <calibration type="frame">
      <resolution width="160" height="128"/>
      <f>185.28827896131929</f>
      <cx>2.5225002438562854</cx>
      <cy>2.1346820274527403</cy>
    </calibration>
  </depth_map>
  <depth_map camera_id="44" level="3" path="3/d44.exr">
    <calibration type="frame">
      <resolution width="80" height="64"/>
      <f>92.644139480659646</f>
      <cx>1.2612501219281427</cx>
      <cy>1.0673410137263701</cy>
    </calibration>
  </depth_map>
  <depth_map camera_id="45" level="0" path="0/d45.exr">
    <calibration type="frame">
      <resolution width="640" height="512"/>
      <f>741.15311584527717</f>
      <cx>10.090000975425141</cx>
      <cy>8.5387281098109611</cy>
    </calibration>
  </depth_map>
  <depth_map camera_id="45" level="1" path="1/d45.exr">
    <calibration type="frame">
      <resolution width="320" height="256"/>
      <f>370.57655792263859</f>
      <cx>5.0450004877125707</cx>
      <cy>4.2693640549054805</cy>
    </calibration>
  </depth_map>
  <depth_map camera_id="45" level="2" path="2/d45.exr">
    <calibration type="frame">
      <resolution width="160" height="128"/>
      <f>185.28827896131929</f>
      <cx>2.5225002438562854</cx>
      <cy>2.1346820274527403</cy>
    </calibration>
  </depth_map>
  <depth_map camera_id="45" level="3" path="3/d45.exr">
    <calibration type="frame">
      <resolution width="80" height="64"/>
      <f>92.644139480659646</f>
      <cx>1.2612501219281427</cx>
      <cy>1.0673410137263701</cy>
    </calibration>
  </depth_map>
  <depth_map camera_id="46" level="0" path="0/d46.exr">
    <calibration type="frame">
      <resolution width="640" height="512"/>
      <f>741.15311584527717</f>
      <cx>10.090000975425141</cx>
      <cy>8.5387281098109611</cy>
    </calibration>
  </depth_map>
  <depth_map camera_id="46" level="1" path="1/d46.exr">
    <calibration type="frame">
      <resolution width="320" height="256"/>
      <f>370.57655792263859</f>
      <cx>5.0450004877125707</cx>
      <cy>4.2693640549054805</cy>
    </calibration>
  </depth_map>
  <depth_map camera_id="46" level="2" path="2/d46.exr">
    <calibration type="frame">
      <resolution width="160" height="128"/>
      <f>185.28827896131929</f>
      <cx>2.5225002438562854</cx>
      <cy>2.1346820274527403</cy>
    </calibration>
  </depth_map>
  <depth_map camera_id="46" level="3" path="3/d46.exr">
    <calibration type="frame">
      <resolution width="80" height="64"/>
      <f>92.644139480659646</f>
      <cx>1.2612501219281427</cx>
      <cy>1.0673410137263701</cy>
    </calibration>
  </depth_map>
  <depth_map camera_id="47" level="0" path="0/d47.exr">
    <calibration type="frame">
      <resolution width="640" height="512"/>
      <f>741.15311584527717</f>
      <cx>10.090000975425141</cx>
      <cy>8.5387281098109611</cy>
    </calibration>
  </depth_map>
  <depth_map camera_id="47" level="1" path="1/d47.exr">
    <calibration type="frame">
      <resolution width="320" height="256"/>
      <f>370.57655792263859</f>
      <cx>5.0450004877125707</cx>
      <cy>4.2693640549054805</cy>
    </calibration>
  </depth_map>
  <depth_map camera_id="47" level="2" path="2/d47.exr">
    <calibration type="frame">
      <resolution width="160" height="128"/>
      <f>185.28827896131929</f>
      <cx>2.5225002438562854</cx>
      <cy>2.1346820274527403</cy>
    </calibration>
  </depth_map>
  <depth_map camera_id="47" level="3" path="3/d47.exr">
    <calibration type="frame">
      <resolution width="80" height="64"/>
      <f>92.644139480659646</f>
      <cx>1.2612501219281427</cx>
      <cy>1.0673410137263701</cy>
    </calibration>
  </depth_map>
  <depth_map camera_id="48" level="0" path="0/d48.exr">
    <calibration type="frame">
      <resolution width="640" height="512"/>
      <f>741.15311584527717</f>
      <cx>10.090000975425141</cx>
      <cy>8.5387281098109611</cy>
    </calibration>
  </depth_map>
  <depth_map camera_id="48" level="1" path="1/d48.exr">
    <calibration type="frame">
      <resolution width="320" height="256"/>
      <f>370.57655792263859</f>
      <cx>5.0450004877125707</cx>
      <cy>4.2693640549054805</cy>
    </calibration>
  </depth_map>
  <depth_map camera_id="48" level="2" path="2/d48.exr">
    <calibration type="frame">
      <resolution width="160" height="128"/>
      <f>185.28827896131929</f>
      <cx>2.5225002438562854</cx>
      <cy>2.1346820274527403</cy>
    </calibration>
  </depth_map>
  <depth_map camera_id="48" level="3" path="3/d48.exr">
    <calibration type="frame">
      <resolution width="80" height="64"/>
      <f>92.644139480659646</f>
      <cx>1.2612501219281427</cx>
      <cy>1.0673410137263701</cy>
    </calibration>
  </depth_map>
  <depth_map camera_id="76" level="0" path="0/d76.exr">
    <calibration type="frame">
      <resolution width="640" height="512"/>
      <f>741.15311584527717</f>
      <cx>10.090000975425141</cx>
      <cy>8.5387281098109611</cy>
    </calibration>
  </depth_map>
  <depth_map camera_id="76" level="1" path="1/d76.exr">
    <calibration type="frame">
      <resolution width="320" height="256"/>
      <f>370.57655792263859</f>
      <cx>5.0450004877125707</cx>
      <cy>4.2693640549054805</cy>
    </calibration>
  </depth_map>
  <depth_map camera_id="76" level="2" path="2/d76.exr">
    <calibration type="frame">
      <resolution width="160" height="128"/>
      <f>185.28827896131929</f>
      <cx>2.5225002438562854</cx>
      <cy>2.1346820274527403</cy>
    </calibration>
  </depth_map>
  <depth_map camera_id="76" level="3" path="3/d76.exr">
    <calibration type="frame">
      <resolution width="80" height="64"/>
      <f>92.644139480659646</f>
      <cx>1.2612501219281427</cx>
      <cy>1.0673410137263701</cy>
    </calibration>
  </depth_map>
  <depth_map camera_id="77" level="0" path="0/d77.exr">
    <calibration type="frame">
      <resolution width="640" height="512"/>
      <f>741.15311584527717</f>
      <cx>10.090000975425141</cx>
      <cy>8.5387281098109611</cy>
    </calibration>
  </depth_map>
  <depth_map camera_id="77" level="1" path="1/d77.exr">
    <calibration type="frame">
      <resolution width="320" height="256"/>
      <f>370.57655792263859</f>
      <cx>5.0450004877125707</cx>
      <cy>4.2693640549054805</cy>
    </calibration>
  </depth_map>
  <depth_map camera_id="77" level="2" path="2/d77.exr">
    <calibration type="frame">
      <resolution width="160" height="128"/>
      <f>185.28827896131929</f>
      <cx>2.5225002438562854</cx>
      <cy>2.1346820274527403</cy>
    </calibration>
  </depth_map>
  <depth_map camera_id="77" level="3" path="3/d77.exr">
    <calibration type="frame">
      <resolution width="80" height="64"/>
      <f>92.644139480659646</f>
      <cx>1.2612501219281427</cx>
      <cy>1.0673410137263701</cy>
    </calibration>
  </depth_map>
  <depth_map camera_id="131" level="0" path="0/d131.exr">
    <calibration type="frame">
      <resolution width="640" height="512"/>
      <f>741.15311584527717</f>
      <cx>10.090000975425141</cx>
      <cy>8.5387281098109611</cy>
    </calibration>
  </depth_map>
  <depth_map camera_id="131" level="1" path="1/d131.exr">
    <calibration type="frame">
      <resolution width="320" height="256"/>
      <f>370.57655792263859</f>
      <cx>5.0450004877125707</cx>
      <cy>4.2693640549054805</cy>
    </calibration>
  </depth_map>
  <depth_map camera_id="131" level="2" path="2/d131.exr">
    <calibration type="frame">
      <resolution width="160" height="128"/>
      <f>185.28827896131929</f>
      <cx>2.5225002438562854</cx>
      <cy>2.1346820274527403</cy>
    </calibration>
  </depth_map>
  <depth_map camera_id="131" level="3" path="3/d131.exr">
    <calibration type="frame">
      <resolution width="80" height="64"/>
      <f>92.644139480659646</f>
      <cx>1.2612501219281427</cx>
      <cy>1.0673410137263701</cy>
    </calibration>
  </depth_map>
  <depth_map camera_id="132" level="0" path="0/d132.exr">
    <calibration type="frame">
      <resolution width="640" height="512"/>
      <f>741.15311584527717</f>
      <cx>10.090000975425141</cx>
      <cy>8.5387281098109611</cy>
    </calibration>
  </depth_map>
  <depth_map camera_id="132" level="1" path="1/d132.exr">
    <calibration type="frame">
      <resolution width="320" height="256"/>
      <f>370.57655792263859</f>
      <cx>5.0450004877125707</cx>
      <cy>4.2693640549054805</cy>
    </calibration>
  </depth_map>
  <depth_map camera_id="132" level="2" path="2/d132.exr">
    <calibration type="frame">
      <resolution width="160" height="128"/>
      <f>185.28827896131929</f>
      <cx>2.5225002438562854</cx>
      <cy>2.1346820274527403</cy>
    </calibration>
  </depth_map>
  <depth_map camera_id="132" level="3" path="3/d132.exr">
    <calibration type="frame">
      <resolution width="80" height="64"/>
      <f>92.644139480659646</f>
      <cx>1.2612501219281427</cx>
      <cy>1.0673410137263701</cy>
    </calibration>
  </depth_map>
  <depth_map camera_id="133" level="0" path="0/d133.exr">
    <calibration type="frame">
      <resolution width="640" height="512"/>
      <f>741.15311584527717</f>
      <cx>10.090000975425141</cx>
      <cy>8.5387281098109611</cy>
    </calibration>
  </depth_map>
  <depth_map camera_id="133" level="1" path="1/d133.exr">
    <calibration type="frame">
      <resolution width="320" height="256"/>
      <f>370.57655792263859</f>
      <cx>5.0450004877125707</cx>
      <cy>4.2693640549054805</cy>
    </calibration>
  </depth_map>
  <depth_map camera_id="133" level="2" path="2/d133.exr">
    <calibration type="frame">
      <resolution width="160" height="128"/>
      <f>185.28827896131929</f>
      <cx>2.5225002438562854</cx>
      <cy>2.1346820274527403</cy>
    </calibration>
  </depth_map>
  <depth_map camera_id="133" level="3" path="3/d133.exr">
    <calibration type="frame">
      <resolution width="80" height="64"/>
      <f>92.644139480659646</f>
      <cx>1.2612501219281427</cx>
      <cy>1.0673410137263701</cy>
    </calibration>
  </depth_map>
  <depth_map camera_id="173" level="0" path="0/d173.exr">
    <calibration type="frame">
      <resolution width="640" height="512"/>
      <f>741.15311584527717</f>
      <cx>10.090000975425141</cx>
      <cy>8.5387281098109611</cy>
    </calibration>
  </depth_map>
  <depth_map camera_id="173" level="1" path="1/d173.exr">
    <calibration type="frame">
      <resolution width="320" height="256"/>
      <f>370.57655792263859</f>
      <cx>5.0450004877125707</cx>
      <cy>4.2693640549054805</cy>
    </calibration>
  </depth_map>
  <depth_map camera_id="173" level="2" path="2/d173.exr">
    <calibration type="frame">
      <resolution width="160" height="128"/>
      <f>185.28827896131929</f>
      <cx>2.5225002438562854</cx>
      <cy>2.1346820274527403</cy>
    </calibration>
  </depth_map>
  <depth_map camera_id="173" level="3" path="3/d173.exr">
    <calibration type="frame">
      <resolution width="80" height="64"/>
      <f>92.644139480659646</f>
      <cx>1.2612501219281427</cx>
      <cy>1.0673410137263701</cy>
    </calibration>
  </depth_map>
  <depth_map camera_id="174" level="0" path="0/d174.exr">
    <calibration type="frame">
      <resolution width="640" height="512"/>
      <f>741.15311584527717</f>
      <cx>10.090000975425141</cx>
      <cy>8.5387281098109611</cy>
    </calibration>
  </depth_map>
  <depth_map camera_id="174" level="1" path="1/d174.exr">
    <calibration type="frame">
      <resolution width="320" height="256"/>
      <f>370.57655792263859</f>
      <cx>5.0450004877125707</cx>
      <cy>4.2693640549054805</cy>
    </calibration>
  </depth_map>
  <depth_map camera_id="174" level="2" path="2/d174.exr">
    <calibration type="frame">
      <resolution width="160" height="128"/>
      <f>185.28827896131929</f>
      <cx>2.5225002438562854</cx>
      <cy>2.1346820274527403</cy>
    </calibration>
  </depth_map>
  <depth_map camera_id="174" level="3" path="3/d174.exr">
    <calibration type="frame">
      <resolution width="80" height="64"/>
      <f>92.644139480659646</f>
      <cx>1.2612501219281427</cx>
      <cy>1.0673410137263701</cy>
    </calibration>
  </depth_map>
  <depth_map camera_id="175" level="0" path="0/d175.exr">
    <calibration type="frame">
      <resolution width="640" height="512"/>
      <f>741.15311584527717</f>
      <cx>10.090000975425141</cx>
      <cy>8.5387281098109611</cy>
    </calibration>
  </depth_map>
  <depth_map camera_id="175" level="1" path="1/d175.exr">
    <calibration type="frame">
      <resolution width="320" height="256"/>
      <f>370.57655792263859</f>
      <cx>5.0450004877125707</cx>
      <cy>4.2693640549054805</cy>
    </calibration>
  </depth_map>
  <depth_map camera_id="175" level="2" path="2/d175.exr">
    <calibration type="frame">
      <resolution width="160" height="128"/>
      <f>185.28827896131929</f>
      <cx>2.5225002438562854</cx>
      <cy>2.1346820274527403</cy>
    </calibration>
  </depth_map>
  <depth_map camera_id="175" level="3" path="3/d175.exr">
    <calibration type="frame">
      <resolution width="80" height="64"/>
      <f>92.644139480659646</f>
      <cx>1.2612501219281427</cx>
      <cy>1.0673410137263701</cy>
    </calibration>
  </depth_map>
  <depth_map camera_id="176" level="0" path="0/d176.exr">
    <calibration type="frame">
      <resolution width="640" height="512"/>
      <f>741.15311584527717</f>
      <cx>10.090000975425141</cx>
      <cy>8.5387281098109611</cy>
    </calibration>
  </depth_map>
  <depth_map camera_id="176" level="1" path="1/d176.exr">
    <calibration type="frame">
      <resolution width="320" height="256"/>
      <f>370.57655792263859</f>
      <cx>5.0450004877125707</cx>
      <cy>4.2693640549054805</cy>
    </calibration>
  </depth_map>
  <depth_map camera_id="176" level="2" path="2/d176.exr">
    <calibration type="frame">
      <resolution width="160" height="128"/>
      <f>185.28827896131929</f>
      <cx>2.5225002438562854</cx>
      <cy>2.1346820274527403</cy>
    </calibration>
  </depth_map>
  <depth_map camera_id="176" level="3" path="3/d176.exr">
    <calibration type="frame">
      <resolution width="80" height="64"/>
      <f>92.644139480659646</f>
      <cx>1.2612501219281427</cx>
      <cy>1.0673410137263701</cy>
    </calibration>
  </depth_map>
  <depth_map camera_id="177" level="0" path="0/d177.exr">
    <calibration type="frame">
      <resolution width="640" height="512"/>
      <f>741.15311584527717</f>
      <cx>10.090000975425141</cx>
      <cy>8.5387281098109611</cy>
    </calibration>
  </depth_map>
  <depth_map camera_id="177" level="1" path="1/d177.exr">
    <calibration type="frame">
      <resolution width="320" height="256"/>
      <f>370.57655792263859</f>
      <cx>5.0450004877125707</cx>
      <cy>4.2693640549054805</cy>
    </calibration>
  </depth_map>
  <depth_map camera_id="177" level="2" path="2/d177.exr">
    <calibration type="frame">
      <resolution width="160" height="128"/>
      <f>185.28827896131929</f>
      <cx>2.5225002438562854</cx>
      <cy>2.1346820274527403</cy>
    </calibration>
  </depth_map>
  <depth_map camera_id="177" level="3" path="3/d177.exr">
    <calibration type="frame">
      <resolution width="80" height="64"/>
      <f>92.644139480659646</f>
      <cx>1.2612501219281427</cx>
      <cy>1.0673410137263701</cy>
    </calibration>
  </depth_map>
  <depth_map camera_id="178" level="0" path="0/d178.exr">
    <calibration type="frame">
      <resolution width="640" height="512"/>
      <f>741.15311584527717</f>
      <cx>10.090000975425141</cx>
      <cy>8.5387281098109611</cy>
    </calibration>
  </depth_map>
  <depth_map camera_id="178" level="1" path="1/d178.exr">
    <calibration type="frame">
      <resolution width="320" height="256"/>
      <f>370.57655792263859</f>
      <cx>5.0450004877125707</cx>
      <cy>4.2693640549054805</cy>
    </calibration>
  </depth_map>
  <depth_map camera_id="178" level="2" path="2/d178.exr">
    <calibration type="frame">
      <resolution width="160" height="128"/>
      <f>185.28827896131929</f>
      <cx>2.5225002438562854</cx>
      <cy>2.1346820274527403</cy>
    </calibration>
  </depth_map>
  <depth_map camera_id="178" level="3" path="3/d178.exr">
    <calibration type="frame">
      <resolution width="80" height="64"/>
      <f>92.644139480659646</f>
      <cx>1.2612501219281427</cx>
      <cy>1.0673410137263701</cy>
    </calibration>
  </depth_map>
  <depth_map camera_id="179" level="0" path="0/d179.exr">
    <calibration type="frame">
      <resolution width="640" height="512"/>
      <f>741.15311584527717</f>
      <cx>10.090000975425141</cx>
      <cy>8.5387281098109611</cy>
    </calibration>
  </depth_map>
  <depth_map camera_id="179" level="1" path="1/d179.exr">
    <calibration type="frame">
      <resolution width="320" height="256"/>
      <f>370.57655792263859</f>
      <cx>5.0450004877125707</cx>
      <cy>4.2693640549054805</cy>
    </calibration>
  </depth_map>
  <depth_map camera_id="179" level="2" path="2/d179.exr">
    <calibration type="frame">
      <resolution width="160" height="128"/>
      <f>185.28827896131929</f>
      <cx>2.5225002438562854</cx>
      <cy>2.1346820274527403</cy>
    </calibration>
  </depth_map>
  <depth_map camera_id="179" level="3" path="3/d179.exr">
    <calibration type="frame">
      <resolution width="80" height="64"/>
      <f>92.644139480659646</f>
      <cx>1.2612501219281427</cx>
      <cy>1.0673410137263701</cy>
    </calibration>
  </depth_map>
  <depth_map camera_id="180" level="0" path="0/d180.exr">
    <calibration type="frame">
      <resolution width="640" height="512"/>
      <f>741.15311584527717</f>
      <cx>10.090000975425141</cx>
      <cy>8.5387281098109611</cy>
    </calibration>
  </depth_map>
  <depth_map camera_id="180" level="1" path="1/d180.exr">
    <calibration type="frame">
      <resolution width="320" height="256"/>
      <f>370.57655792263859</f>
      <cx>5.0450004877125707</cx>
      <cy>4.2693640549054805</cy>
    </calibration>
  </depth_map>
  <depth_map camera_id="180" level="2" path="2/d180.exr">
    <calibration type="frame">
      <resolution width="160" height="128"/>
      <f>185.28827896131929</f>
      <cx>2.5225002438562854</cx>
      <cy>2.1346820274527403</cy>
    </calibration>
  </depth_map>
  <depth_map camera_id="180" level="3" path="3/d180.exr">
    <calibration type="frame">
      <resolution width="80" height="64"/>
      <f>92.644139480659646</f>
      <cx>1.2612501219281427</cx>
      <cy>1.0673410137263701</cy>
    </calibration>
  </depth_map>
  <depth_map camera_id="181" level="0" path="0/d181.exr">
    <calibration type="frame">
      <resolution width="640" height="512"/>
      <f>741.15311584527717</f>
      <cx>10.090000975425141</cx>
      <cy>8.5387281098109611</cy>
    </calibration>
  </depth_map>
  <depth_map camera_id="181" level="1" path="1/d181.exr">
    <calibration type="frame">
      <resolution width="320" height="256"/>
      <f>370.57655792263859</f>
      <cx>5.0450004877125707</cx>
      <cy>4.2693640549054805</cy>
    </calibration>
  </depth_map>
  <depth_map camera_id="181" level="2" path="2/d181.exr">
    <calibration type="frame">
      <resolution width="160" height="128"/>
      <f>185.28827896131929</f>
      <cx>2.5225002438562854</cx>
      <cy>2.1346820274527403</cy>
    </calibration>
  </depth_map>
  <depth_map camera_id="181" level="3" path="3/d181.exr">
    <calibration type="frame">
      <resolution width="80" height="64"/>
      <f>92.644139480659646</f>
      <cx>1.2612501219281427</cx>
      <cy>1.0673410137263701</cy>
    </calibration>
  </depth_map>
  <depth_map camera_id="220" level="0" path="0/d220.exr">
    <calibration type="frame">
      <resolution width="640" height="512"/>
      <f>741.15311584527717</f>
      <cx>10.090000975425141</cx>
      <cy>8.5387281098109611</cy>
    </calibration>
  </depth_map>
  <depth_map camera_id="220" level="1" path="1/d220.exr">
    <calibration type="frame">
      <resolution width="320" height="256"/>
      <f>370.57655792263859</f>
      <cx>5.0450004877125707</cx>
      <cy>4.2693640549054805</cy>
    </calibration>
  </depth_map>
  <depth_map camera_id="220" level="2" path="2/d220.exr">
    <calibration type="frame">
      <resolution width="160" height="128"/>
      <f>185.28827896131929</f>
      <cx>2.5225002438562854</cx>
      <cy>2.1346820274527403</cy>
    </calibration>
  </depth_map>
  <depth_map camera_id="220" level="3" path="3/d220.exr">
    <calibration type="frame">
      <resolution width="80" height="64"/>
      <f>92.644139480659646</f>
      <cx>1.2612501219281427</cx>
      <cy>1.0673410137263701</cy>
    </calibration>
  </depth_map>
  <depth_map camera_id="221" level="0" path="0/d221.exr">
    <calibration type="frame">
      <resolution width="640" height="512"/>
      <f>741.15311584527717</f>
      <cx>10.090000975425141</cx>
      <cy>8.5387281098109611</cy>
    </calibration>
  </depth_map>
  <depth_map camera_id="221" level="1" path="1/d221.exr">
    <calibration type="frame">
      <resolution width="320" height="256"/>
      <f>370.57655792263859</f>
      <cx>5.0450004877125707</cx>
      <cy>4.2693640549054805</cy>
    </calibration>
  </depth_map>
  <depth_map camera_id="221" level="2" path="2/d221.exr">
    <calibration type="frame">
      <resolution width="160" height="128"/>
      <f>185.28827896131929</f>
      <cx>2.5225002438562854</cx>
      <cy>2.1346820274527403</cy>
    </calibration>
  </depth_map>
  <depth_map camera_id="221" level="3" path="3/d221.exr">
    <calibration type="frame">
      <resolution width="80" height="64"/>
      <f>92.644139480659646</f>
      <cx>1.2612501219281427</cx>
      <cy>1.0673410137263701</cy>
    </calibration>
  </depth_map>
  <depth_map camera_id="222" level="0" path="0/d222.exr">
    <calibration type="frame">
      <resolution width="640" height="512"/>
      <f>741.15311584527717</f>
      <cx>10.090000975425141</cx>
      <cy>8.5387281098109611</cy>
    </calibration>
  </depth_map>
  <depth_map camera_id="222" level="1" path="1/d222.exr">
    <calibration type="frame">
      <resolution width="320" height="256"/>
      <f>370.57655792263859</f>
      <cx>5.0450004877125707</cx>
      <cy>4.2693640549054805</cy>
    </calibration>
  </depth_map>
  <depth_map camera_id="222" level="2" path="2/d222.exr">
    <calibration type="frame">
      <resolution width="160" height="128"/>
      <f>185.28827896131929</f>
      <cx>2.5225002438562854</cx>
      <cy>2.1346820274527403</cy>
    </calibration>
  </depth_map>
  <depth_map camera_id="222" level="3" path="3/d222.exr">
    <calibration type="frame">
      <resolution width="80" height="64"/>
      <f>92.644139480659646</f>
      <cx>1.2612501219281427</cx>
      <cy>1.0673410137263701</cy>
    </calibration>
  </depth_map>
  <depth_map camera_id="223" level="0" path="0/d223.exr">
    <calibration type="frame">
      <resolution width="640" height="512"/>
      <f>741.15311584527717</f>
      <cx>10.090000975425141</cx>
      <cy>8.5387281098109611</cy>
    </calibration>
  </depth_map>
  <depth_map camera_id="223" level="1" path="1/d223.exr">
    <calibration type="frame">
      <resolution width="320" height="256"/>
      <f>370.57655792263859</f>
      <cx>5.0450004877125707</cx>
      <cy>4.2693640549054805</cy>
    </calibration>
  </depth_map>
  <depth_map camera_id="223" level="2" path="2/d223.exr">
    <calibration type="frame">
      <resolution width="160" height="128"/>
      <f>185.28827896131929</f>
      <cx>2.5225002438562854</cx>
      <cy>2.1346820274527403</cy>
    </calibration>
  </depth_map>
  <depth_map camera_id="223" level="3" path="3/d223.exr">
    <calibration type="frame">
      <resolution width="80" height="64"/>
      <f>92.644139480659646</f>
      <cx>1.2612501219281427</cx>
      <cy>1.0673410137263701</cy>
    </calibration>
  </depth_map>
  <depth_map camera_id="224" level="0" path="0/d224.exr">
    <calibration type="frame">
      <resolution width="640" height="512"/>
      <f>741.15311584527717</f>
      <cx>10.090000975425141</cx>
      <cy>8.5387281098109611</cy>
    </calibration>
  </depth_map>
  <depth_map camera_id="224" level="1" path="1/d224.exr">
    <calibration type="frame">
      <resolution width="320" height="256"/>
      <f>370.57655792263859</f>
      <cx>5.0450004877125707</cx>
      <cy>4.2693640549054805</cy>
    </calibration>
  </depth_map>
  <depth_map camera_id="224" level="2" path="2/d224.exr">
    <calibration type="frame">
      <resolution width="160" height="128"/>
      <f>185.28827896131929</f>
      <cx>2.5225002438562854</cx>
      <cy>2.1346820274527403</cy>
    </calibration>
  </depth_map>
  <depth_map camera_id="224" level="3" path="3/d224.exr">
    <calibration type="frame">
      <resolution width="80" height="64"/>
      <f>92.644139480659646</f>
      <cx>1.2612501219281427</cx>
      <cy>1.0673410137263701</cy>
    </calibration>
  </depth_map>
  <depth_map camera_id="225" level="0" path="0/d225.exr">
    <calibration type="frame">
      <resolution width="640" height="512"/>
      <f>741.15311584527717</f>
      <cx>10.090000975425141</cx>
      <cy>8.5387281098109611</cy>
    </calibration>
  </depth_map>
  <depth_map camera_id="225" level="1" path="1/d225.exr">
    <calibration type="frame">
      <resolution width="320" height="256"/>
      <f>370.57655792263859</f>
      <cx>5.0450004877125707</cx>
      <cy>4.2693640549054805</cy>
    </calibration>
  </depth_map>
  <depth_map camera_id="225" level="2" path="2/d225.exr">
    <calibration type="frame">
      <resolution width="160" height="128"/>
      <f>185.28827896131929</f>
      <cx>2.5225002438562854</cx>
      <cy>2.1346820274527403</cy>
    </calibration>
  </depth_map>
  <depth_map camera_id="225" level="3" path="3/d225.exr">
    <calibration type="frame">
      <resolution width="80" height="64"/>
      <f>92.644139480659646</f>
      <cx>1.2612501219281427</cx>
      <cy>1.0673410137263701</cy>
    </calibration>
  </depth_map>
  <depth_map camera_id="226" level="0" path="0/d226.exr">
    <calibration type="frame">
      <resolution width="640" height="512"/>
      <f>741.15311584527717</f>
      <cx>10.090000975425141</cx>
      <cy>8.5387281098109611</cy>
    </calibration>
  </depth_map>
  <depth_map camera_id="226" level="1" path="1/d226.exr">
    <calibration type="frame">
      <resolution width="320" height="256"/>
      <f>370.57655792263859</f>
      <cx>5.0450004877125707</cx>
      <cy>4.2693640549054805</cy>
    </calibration>
  </depth_map>
  <depth_map camera_id="226" level="2" path="2/d226.exr">
    <calibration type="frame">
      <resolution width="160" height="128"/>
      <f>185.28827896131929</f>
      <cx>2.5225002438562854</cx>
      <cy>2.1346820274527403</cy>
    </calibration>
  </depth_map>
  <depth_map camera_id="226" level="3" path="3/d226.exr">
    <calibration type="frame">
      <resolution width="80" height="64"/>
      <f>92.644139480659646</f>
      <cx>1.2612501219281427</cx>
      <cy>1.0673410137263701</cy>
    </calibration>
  </depth_map>
  <depth_map camera_id="227" level="0" path="0/d227.exr">
    <calibration type="frame">
      <resolution width="640" height="512"/>
      <f>741.15311584527717</f>
      <cx>10.090000975425141</cx>
      <cy>8.5387281098109611</cy>
    </calibration>
  </depth_map>
  <depth_map camera_id="227" level="1" path="1/d227.exr">
    <calibration type="frame">
      <resolution width="320" height="256"/>
      <f>370.57655792263859</f>
      <cx>5.0450004877125707</cx>
      <cy>4.2693640549054805</cy>
    </calibration>
  </depth_map>
  <depth_map camera_id="227" level="2" path="2/d227.exr">
    <calibration type="frame">
      <resolution width="160" height="128"/>
      <f>185.28827896131929</f>
      <cx>2.5225002438562854</cx>
      <cy>2.1346820274527403</cy>
    </calibration>
  </depth_map>
  <depth_map camera_id="227" level="3" path="3/d227.exr">
    <calibration type="frame">
      <resolution width="80" height="64"/>
      <f>92.644139480659646</f>
      <cx>1.2612501219281427</cx>
      <cy>1.0673410137263701</cy>
    </calibration>
  </depth_map>
  <depth_map camera_id="228" level="0" path="0/d228.exr">
    <calibration type="frame">
      <resolution width="640" height="512"/>
      <f>741.15311584527717</f>
      <cx>10.090000975425141</cx>
      <cy>8.5387281098109611</cy>
    </calibration>
  </depth_map>
  <depth_map camera_id="228" level="1" path="1/d228.exr">
    <calibration type="frame">
      <resolution width="320" height="256"/>
      <f>370.57655792263859</f>
      <cx>5.0450004877125707</cx>
      <cy>4.2693640549054805</cy>
    </calibration>
  </depth_map>
  <depth_map camera_id="228" level="2" path="2/d228.exr">
    <calibration type="frame">
      <resolution width="160" height="128"/>
      <f>185.28827896131929</f>
      <cx>2.5225002438562854</cx>
      <cy>2.1346820274527403</cy>
    </calibration>
  </depth_map>
  <depth_map camera_id="228" level="3" path="3/d228.exr">
    <calibration type="frame">
      <resolution width="80" height="64"/>
      <f>92.644139480659646</f>
      <cx>1.2612501219281427</cx>
      <cy>1.0673410137263701</cy>
    </calibration>
  </depth_map>
</depth_maps>
