<?xml version="1.0" encoding="UTF-8"?>
<depth_maps version="1.5.0">
  <depth_map camera_id="49" level="0" path="0/d49.exr">
    <calibration type="frame">
      <resolution width="640" height="512"/>
      <f>741.15311584527717</f>
      <cx>10.090000975425141</cx>
      <cy>8.5387281098109611</cy>
    </calibration>
  </depth_map>
  <depth_map camera_id="49" level="1" path="1/d49.exr">
    <calibration type="frame">
      <resolution width="320" height="256"/>
      <f>370.57655792263859</f>
      <cx>5.0450004877125707</cx>
      <cy>4.2693640549054805</cy>
    </calibration>
  </depth_map>
  <depth_map camera_id="49" level="2" path="2/d49.exr">
    <calibration type="frame">
      <resolution width="160" height="128"/>
      <f>185.28827896131929</f>
      <cx>2.5225002438562854</cx>
      <cy>2.1346820274527403</cy>
    </calibration>
  </depth_map>
  <depth_map camera_id="49" level="3" path="3/d49.exr">
    <calibration type="frame">
      <resolution width="80" height="64"/>
      <f>92.644139480659646</f>
      <cx>1.2612501219281427</cx>
      <cy>1.0673410137263701</cy>
    </calibration>
  </depth_map>
  <depth_map camera_id="50" level="0" path="0/d50.exr">
    <calibration type="frame">
      <resolution width="640" height="512"/>
      <f>741.15311584527717</f>
      <cx>10.090000975425141</cx>
      <cy>8.5387281098109611</cy>
    </calibration>
  </depth_map>
  <depth_map camera_id="50" level="1" path="1/d50.exr">
    <calibration type="frame">
      <resolution width="320" height="256"/>
      <f>370.57655792263859</f>
      <cx>5.0450004877125707</cx>
      <cy>4.2693640549054805</cy>
    </calibration>
  </depth_map>
  <depth_map camera_id="50" level="2" path="2/d50.exr">
    <calibration type="frame">
      <resolution width="160" height="128"/>
      <f>185.28827896131929</f>
      <cx>2.5225002438562854</cx>
      <cy>2.1346820274527403</cy>
    </calibration>
  </depth_map>
  <depth_map camera_id="50" level="3" path="3/d50.exr">
    <calibration type="frame">
      <resolution width="80" height="64"/>
      <f>92.644139480659646</f>
      <cx>1.2612501219281427</cx>
      <cy>1.0673410137263701</cy>
    </calibration>
  </depth_map>
  <depth_map camera_id="51" level="0" path="0/d51.exr">
    <calibration type="frame">
      <resolution width="640" height="512"/>
      <f>741.15311584527717</f>
      <cx>10.090000975425141</cx>
      <cy>8.5387281098109611</cy>
    </calibration>
  </depth_map>
  <depth_map camera_id="51" level="1" path="1/d51.exr">
    <calibration type="frame">
      <resolution width="320" height="256"/>
      <f>370.57655792263859</f>
      <cx>5.0450004877125707</cx>
      <cy>4.2693640549054805</cy>
    </calibration>
  </depth_map>
  <depth_map camera_id="51" level="2" path="2/d51.exr">
    <calibration type="frame">
      <resolution width="160" height="128"/>
      <f>185.28827896131929</f>
      <cx>2.5225002438562854</cx>
      <cy>2.1346820274527403</cy>
    </calibration>
  </depth_map>
  <depth_map camera_id="51" level="3" path="3/d51.exr">
    <calibration type="frame">
      <resolution width="80" height="64"/>
      <f>92.644139480659646</f>
      <cx>1.2612501219281427</cx>
      <cy>1.0673410137263701</cy>
    </calibration>
  </depth_map>
  <depth_map camera_id="52" level="0" path="0/d52.exr">
    <calibration type="frame">
      <resolution width="640" height="512"/>
      <f>741.15311584527717</f>
      <cx>10.090000975425141</cx>
      <cy>8.5387281098109611</cy>
    </calibration>
  </depth_map>
  <depth_map camera_id="52" level="1" path="1/d52.exr">
    <calibration type="frame">
      <resolution width="320" height="256"/>
      <f>370.57655792263859</f>
      <cx>5.0450004877125707</cx>
      <cy>4.2693640549054805</cy>
    </calibration>
  </depth_map>
  <depth_map camera_id="52" level="2" path="2/d52.exr">
    <calibration type="frame">
      <resolution width="160" height="128"/>
      <f>185.28827896131929</f>
      <cx>2.5225002438562854</cx>
      <cy>2.1346820274527403</cy>
    </calibration>
  </depth_map>
  <depth_map camera_id="52" level="3" path="3/d52.exr">
    <calibration type="frame">
      <resolution width="80" height="64"/>
      <f>92.644139480659646</f>
      <cx>1.2612501219281427</cx>
      <cy>1.0673410137263701</cy>
    </calibration>
  </depth_map>
  <depth_map camera_id="53" level="0" path="0/d53.exr">
    <calibration type="frame">
      <resolution width="640" height="512"/>
      <f>741.15311584527717</f>
      <cx>10.090000975425141</cx>
      <cy>8.5387281098109611</cy>
    </calibration>
  </depth_map>
  <depth_map camera_id="53" level="1" path="1/d53.exr">
    <calibration type="frame">
      <resolution width="320" height="256"/>
      <f>370.57655792263859</f>
      <cx>5.0450004877125707</cx>
      <cy>4.2693640549054805</cy>
    </calibration>
  </depth_map>
  <depth_map camera_id="53" level="2" path="2/d53.exr">
    <calibration type="frame">
      <resolution width="160" height="128"/>
      <f>185.28827896131929</f>
      <cx>2.5225002438562854</cx>
      <cy>2.1346820274527403</cy>
    </calibration>
  </depth_map>
  <depth_map camera_id="53" level="3" path="3/d53.exr">
    <calibration type="frame">
      <resolution width="80" height="64"/>
      <f>92.644139480659646</f>
      <cx>1.2612501219281427</cx>
      <cy>1.0673410137263701</cy>
    </calibration>
  </depth_map>
  <depth_map camera_id="54" level="0" path="0/d54.exr">
    <calibration type="frame">
      <resolution width="640" height="512"/>
      <f>741.15311584527717</f>
      <cx>10.090000975425141</cx>
      <cy>8.5387281098109611</cy>
    </calibration>
  </depth_map>
  <depth_map camera_id="54" level="1" path="1/d54.exr">
    <calibration type="frame">
      <resolution width="320" height="256"/>
      <f>370.57655792263859</f>
      <cx>5.0450004877125707</cx>
      <cy>4.2693640549054805</cy>
    </calibration>
  </depth_map>
  <depth_map camera_id="54" level="2" path="2/d54.exr">
    <calibration type="frame">
      <resolution width="160" height="128"/>
      <f>185.28827896131929</f>
      <cx>2.5225002438562854</cx>
      <cy>2.1346820274527403</cy>
    </calibration>
  </depth_map>
  <depth_map camera_id="54" level="3" path="3/d54.exr">
    <calibration type="frame">
      <resolution width="80" height="64"/>
      <f>92.644139480659646</f>
      <cx>1.2612501219281427</cx>
      <cy>1.0673410137263701</cy>
    </calibration>
  </depth_map>
  <depth_map camera_id="61" level="0" path="0/d61.exr">
    <calibration type="frame">
      <resolution width="640" height="512"/>
      <f>741.15311584527717</f>
      <cx>10.090000975425141</cx>
      <cy>8.5387281098109611</cy>
    </calibration>
  </depth_map>
  <depth_map camera_id="61" level="1" path="1/d61.exr">
    <calibration type="frame">
      <resolution width="320" height="256"/>
      <f>370.57655792263859</f>
      <cx>5.0450004877125707</cx>
      <cy>4.2693640549054805</cy>
    </calibration>
  </depth_map>
  <depth_map camera_id="61" level="2" path="2/d61.exr">
    <calibration type="frame">
      <resolution width="160" height="128"/>
      <f>185.28827896131929</f>
      <cx>2.5225002438562854</cx>
      <cy>2.1346820274527403</cy>
    </calibration>
  </depth_map>
  <depth_map camera_id="61" level="3" path="3/d61.exr">
    <calibration type="frame">
      <resolution width="80" height="64"/>
      <f>92.644139480659646</f>
      <cx>1.2612501219281427</cx>
      <cy>1.0673410137263701</cy>
    </calibration>
  </depth_map>
  <depth_map camera_id="63" level="0" path="0/d63.exr">
    <calibration type="frame">
      <resolution width="640" height="512"/>
      <f>741.15311584527717</f>
      <cx>10.090000975425141</cx>
      <cy>8.5387281098109611</cy>
    </calibration>
  </depth_map>
  <depth_map camera_id="63" level="1" path="1/d63.exr">
    <calibration type="frame">
      <resolution width="320" height="256"/>
      <f>370.57655792263859</f>
      <cx>5.0450004877125707</cx>
      <cy>4.2693640549054805</cy>
    </calibration>
  </depth_map>
  <depth_map camera_id="63" level="2" path="2/d63.exr">
    <calibration type="frame">
      <resolution width="160" height="128"/>
      <f>185.28827896131929</f>
      <cx>2.5225002438562854</cx>
      <cy>2.1346820274527403</cy>
    </calibration>
  </depth_map>
  <depth_map camera_id="63" level="3" path="3/d63.exr">
    <calibration type="frame">
      <resolution width="80" height="64"/>
      <f>92.644139480659646</f>
      <cx>1.2612501219281427</cx>
      <cy>1.0673410137263701</cy>
    </calibration>
  </depth_map>
  <depth_map camera_id="66" level="0" path="0/d66.exr">
    <calibration type="frame">
      <resolution width="640" height="512"/>
      <f>741.15311584527717</f>
      <cx>10.090000975425141</cx>
      <cy>8.5387281098109611</cy>
    </calibration>
  </depth_map>
  <depth_map camera_id="66" level="1" path="1/d66.exr">
    <calibration type="frame">
      <resolution width="320" height="256"/>
      <f>370.57655792263859</f>
      <cx>5.0450004877125707</cx>
      <cy>4.2693640549054805</cy>
    </calibration>
  </depth_map>
  <depth_map camera_id="66" level="2" path="2/d66.exr">
    <calibration type="frame">
      <resolution width="160" height="128"/>
      <f>185.28827896131929</f>
      <cx>2.5225002438562854</cx>
      <cy>2.1346820274527403</cy>
    </calibration>
  </depth_map>
  <depth_map camera_id="66" level="3" path="3/d66.exr">
    <calibration type="frame">
      <resolution width="80" height="64"/>
      <f>92.644139480659646</f>
      <cx>1.2612501219281427</cx>
      <cy>1.0673410137263701</cy>
    </calibration>
  </depth_map>
  <depth_map camera_id="67" level="0" path="0/d67.exr">
    <calibration type="frame">
      <resolution width="640" height="512"/>
      <f>741.15311584527717</f>
      <cx>10.090000975425141</cx>
      <cy>8.5387281098109611</cy>
    </calibration>
  </depth_map>
  <depth_map camera_id="67" level="1" path="1/d67.exr">
    <calibration type="frame">
      <resolution width="320" height="256"/>
      <f>370.57655792263859</f>
      <cx>5.0450004877125707</cx>
      <cy>4.2693640549054805</cy>
    </calibration>
  </depth_map>
  <depth_map camera_id="67" level="2" path="2/d67.exr">
    <calibration type="frame">
      <resolution width="160" height="128"/>
      <f>185.28827896131929</f>
      <cx>2.5225002438562854</cx>
      <cy>2.1346820274527403</cy>
    </calibration>
  </depth_map>
  <depth_map camera_id="67" level="3" path="3/d67.exr">
    <calibration type="frame">
      <resolution width="80" height="64"/>
      <f>92.644139480659646</f>
      <cx>1.2612501219281427</cx>
      <cy>1.0673410137263701</cy>
    </calibration>
  </depth_map>
  <depth_map camera_id="68" level="0" path="0/d68.exr">
    <calibration type="frame">
      <resolution width="640" height="512"/>
      <f>741.15311584527717</f>
      <cx>10.090000975425141</cx>
      <cy>8.5387281098109611</cy>
    </calibration>
  </depth_map>
  <depth_map camera_id="68" level="1" path="1/d68.exr">
    <calibration type="frame">
      <resolution width="320" height="256"/>
      <f>370.57655792263859</f>
      <cx>5.0450004877125707</cx>
      <cy>4.2693640549054805</cy>
    </calibration>
  </depth_map>
  <depth_map camera_id="68" level="2" path="2/d68.exr">
    <calibration type="frame">
      <resolution width="160" height="128"/>
      <f>185.28827896131929</f>
      <cx>2.5225002438562854</cx>
      <cy>2.1346820274527403</cy>
    </calibration>
  </depth_map>
  <depth_map camera_id="68" level="3" path="3/d68.exr">
    <calibration type="frame">
      <resolution width="80" height="64"/>
      <f>92.644139480659646</f>
      <cx>1.2612501219281427</cx>
      <cy>1.0673410137263701</cy>
    </calibration>
  </depth_map>
  <depth_map camera_id="69" level="0" path="0/d69.exr">
    <calibration type="frame">
      <resolution width="640" height="512"/>
      <f>741.15311584527717</f>
      <cx>10.090000975425141</cx>
      <cy>8.5387281098109611</cy>
    </calibration>
  </depth_map>
  <depth_map camera_id="69" level="1" path="1/d69.exr">
    <calibration type="frame">
      <resolution width="320" height="256"/>
      <f>370.57655792263859</f>
      <cx>5.0450004877125707</cx>
      <cy>4.2693640549054805</cy>
    </calibration>
  </depth_map>
  <depth_map camera_id="69" level="2" path="2/d69.exr">
    <calibration type="frame">
      <resolution width="160" height="128"/>
      <f>185.28827896131929</f>
      <cx>2.5225002438562854</cx>
      <cy>2.1346820274527403</cy>
    </calibration>
  </depth_map>
  <depth_map camera_id="69" level="3" path="3/d69.exr">
    <calibration type="frame">
      <resolution width="80" height="64"/>
      <f>92.644139480659646</f>
      <cx>1.2612501219281427</cx>
      <cy>1.0673410137263701</cy>
    </calibration>
  </depth_map>
  <depth_map camera_id="70" level="0" path="0/d70.exr">
    <calibration type="frame">
      <resolution width="640" height="512"/>
      <f>741.15311584527717</f>
      <cx>10.090000975425141</cx>
      <cy>8.5387281098109611</cy>
    </calibration>
  </depth_map>
  <depth_map camera_id="70" level="1" path="1/d70.exr">
    <calibration type="frame">
      <resolution width="320" height="256"/>
      <f>370.57655792263859</f>
      <cx>5.0450004877125707</cx>
      <cy>4.2693640549054805</cy>
    </calibration>
  </depth_map>
  <depth_map camera_id="70" level="2" path="2/d70.exr">
    <calibration type="frame">
      <resolution width="160" height="128"/>
      <f>185.28827896131929</f>
      <cx>2.5225002438562854</cx>
      <cy>2.1346820274527403</cy>
    </calibration>
  </depth_map>
  <depth_map camera_id="70" level="3" path="3/d70.exr">
    <calibration type="frame">
      <resolution width="80" height="64"/>
      <f>92.644139480659646</f>
      <cx>1.2612501219281427</cx>
      <cy>1.0673410137263701</cy>
    </calibration>
  </depth_map>
  <depth_map camera_id="71" level="0" path="0/d71.exr">
    <calibration type="frame">
      <resolution width="640" height="512"/>
      <f>741.15311584527717</f>
      <cx>10.090000975425141</cx>
      <cy>8.5387281098109611</cy>
    </calibration>
  </depth_map>
  <depth_map camera_id="71" level="1" path="1/d71.exr">
    <calibration type="frame">
      <resolution width="320" height="256"/>
      <f>370.57655792263859</f>
      <cx>5.0450004877125707</cx>
      <cy>4.2693640549054805</cy>
    </calibration>
  </depth_map>
  <depth_map camera_id="71" level="2" path="2/d71.exr">
    <calibration type="frame">
      <resolution width="160" height="128"/>
      <f>185.28827896131929</f>
      <cx>2.5225002438562854</cx>
      <cy>2.1346820274527403</cy>
    </calibration>
  </depth_map>
  <depth_map camera_id="71" level="3" path="3/d71.exr">
    <calibration type="frame">
      <resolution width="80" height="64"/>
      <f>92.644139480659646</f>
      <cx>1.2612501219281427</cx>
      <cy>1.0673410137263701</cy>
    </calibration>
  </depth_map>
  <depth_map camera_id="96" level="0" path="0/d96.exr">
    <calibration type="frame">
      <resolution width="640" height="512"/>
      <f>741.15311584527717</f>
      <cx>10.090000975425141</cx>
      <cy>8.5387281098109611</cy>
    </calibration>
  </depth_map>
  <depth_map camera_id="96" level="1" path="1/d96.exr">
    <calibration type="frame">
      <resolution width="320" height="256"/>
      <f>370.57655792263859</f>
      <cx>5.0450004877125707</cx>
      <cy>4.2693640549054805</cy>
    </calibration>
  </depth_map>
  <depth_map camera_id="96" level="2" path="2/d96.exr">
    <calibration type="frame">
      <resolution width="160" height="128"/>
      <f>185.28827896131929</f>
      <cx>2.5225002438562854</cx>
      <cy>2.1346820274527403</cy>
    </calibration>
  </depth_map>
  <depth_map camera_id="96" level="3" path="3/d96.exr">
    <calibration type="frame">
      <resolution width="80" height="64"/>
      <f>92.644139480659646</f>
      <cx>1.2612501219281427</cx>
      <cy>1.0673410137263701</cy>
    </calibration>
  </depth_map>
  <depth_map camera_id="97" level="0" path="0/d97.exr">
    <calibration type="frame">
      <resolution width="640" height="512"/>
      <f>741.15311584527717</f>
      <cx>10.090000975425141</cx>
      <cy>8.5387281098109611</cy>
    </calibration>
  </depth_map>
  <depth_map camera_id="97" level="1" path="1/d97.exr">
    <calibration type="frame">
      <resolution width="320" height="256"/>
      <f>370.57655792263859</f>
      <cx>5.0450004877125707</cx>
      <cy>4.2693640549054805</cy>
    </calibration>
  </depth_map>
  <depth_map camera_id="97" level="2" path="2/d97.exr">
    <calibration type="frame">
      <resolution width="160" height="128"/>
      <f>185.28827896131929</f>
      <cx>2.5225002438562854</cx>
      <cy>2.1346820274527403</cy>
    </calibration>
  </depth_map>
  <depth_map camera_id="97" level="3" path="3/d97.exr">
    <calibration type="frame">
      <resolution width="80" height="64"/>
      <f>92.644139480659646</f>
      <cx>1.2612501219281427</cx>
      <cy>1.0673410137263701</cy>
    </calibration>
  </depth_map>
  <depth_map camera_id="98" level="0" path="0/d98.exr">
    <calibration type="frame">
      <resolution width="640" height="512"/>
      <f>741.15311584527717</f>
      <cx>10.090000975425141</cx>
      <cy>8.5387281098109611</cy>
    </calibration>
  </depth_map>
  <depth_map camera_id="98" level="1" path="1/d98.exr">
    <calibration type="frame">
      <resolution width="320" height="256"/>
      <f>370.57655792263859</f>
      <cx>5.0450004877125707</cx>
      <cy>4.2693640549054805</cy>
    </calibration>
  </depth_map>
  <depth_map camera_id="98" level="2" path="2/d98.exr">
    <calibration type="frame">
      <resolution width="160" height="128"/>
      <f>185.28827896131929</f>
      <cx>2.5225002438562854</cx>
      <cy>2.1346820274527403</cy>
    </calibration>
  </depth_map>
  <depth_map camera_id="98" level="3" path="3/d98.exr">
    <calibration type="frame">
      <resolution width="80" height="64"/>
      <f>92.644139480659646</f>
      <cx>1.2612501219281427</cx>
      <cy>1.0673410137263701</cy>
    </calibration>
  </depth_map>
  <depth_map camera_id="99" level="0" path="0/d99.exr">
    <calibration type="frame">
      <resolution width="640" height="512"/>
      <f>741.15311584527717</f>
      <cx>10.090000975425141</cx>
      <cy>8.5387281098109611</cy>
    </calibration>
  </depth_map>
  <depth_map camera_id="99" level="1" path="1/d99.exr">
    <calibration type="frame">
      <resolution width="320" height="256"/>
      <f>370.57655792263859</f>
      <cx>5.0450004877125707</cx>
      <cy>4.2693640549054805</cy>
    </calibration>
  </depth_map>
  <depth_map camera_id="99" level="2" path="2/d99.exr">
    <calibration type="frame">
      <resolution width="160" height="128"/>
      <f>185.28827896131929</f>
      <cx>2.5225002438562854</cx>
      <cy>2.1346820274527403</cy>
    </calibration>
  </depth_map>
  <depth_map camera_id="99" level="3" path="3/d99.exr">
    <calibration type="frame">
      <resolution width="80" height="64"/>
      <f>92.644139480659646</f>
      <cx>1.2612501219281427</cx>
      <cy>1.0673410137263701</cy>
    </calibration>
  </depth_map>
  <depth_map camera_id="100" level="0" path="0/d100.exr">
    <calibration type="frame">
      <resolution width="640" height="512"/>
      <f>741.15311584527717</f>
      <cx>10.090000975425141</cx>
      <cy>8.5387281098109611</cy>
    </calibration>
  </depth_map>
  <depth_map camera_id="100" level="1" path="1/d100.exr">
    <calibration type="frame">
      <resolution width="320" height="256"/>
      <f>370.57655792263859</f>
      <cx>5.0450004877125707</cx>
      <cy>4.2693640549054805</cy>
    </calibration>
  </depth_map>
  <depth_map camera_id="100" level="2" path="2/d100.exr">
    <calibration type="frame">
      <resolution width="160" height="128"/>
      <f>185.28827896131929</f>
      <cx>2.5225002438562854</cx>
      <cy>2.1346820274527403</cy>
    </calibration>
  </depth_map>
  <depth_map camera_id="100" level="3" path="3/d100.exr">
    <calibration type="frame">
      <resolution width="80" height="64"/>
      <f>92.644139480659646</f>
      <cx>1.2612501219281427</cx>
      <cy>1.0673410137263701</cy>
    </calibration>
  </depth_map>
  <depth_map camera_id="101" level="0" path="0/d101.exr">
    <calibration type="frame">
      <resolution width="640" height="512"/>
      <f>741.15311584527717</f>
      <cx>10.090000975425141</cx>
      <cy>8.5387281098109611</cy>
    </calibration>
  </depth_map>
  <depth_map camera_id="101" level="1" path="1/d101.exr">
    <calibration type="frame">
      <resolution width="320" height="256"/>
      <f>370.57655792263859</f>
      <cx>5.0450004877125707</cx>
      <cy>4.2693640549054805</cy>
    </calibration>
  </depth_map>
  <depth_map camera_id="101" level="2" path="2/d101.exr">
    <calibration type="frame">
      <resolution width="160" height="128"/>
      <f>185.28827896131929</f>
      <cx>2.5225002438562854</cx>
      <cy>2.1346820274527403</cy>
    </calibration>
  </depth_map>
  <depth_map camera_id="101" level="3" path="3/d101.exr">
    <calibration type="frame">
      <resolution width="80" height="64"/>
      <f>92.644139480659646</f>
      <cx>1.2612501219281427</cx>
      <cy>1.0673410137263701</cy>
    </calibration>
  </depth_map>
  <depth_map camera_id="102" level="0" path="0/d102.exr">
    <calibration type="frame">
      <resolution width="640" height="512"/>
      <f>741.15311584527717</f>
      <cx>10.090000975425141</cx>
      <cy>8.5387281098109611</cy>
    </calibration>
  </depth_map>
  <depth_map camera_id="102" level="1" path="1/d102.exr">
    <calibration type="frame">
      <resolution width="320" height="256"/>
      <f>370.57655792263859</f>
      <cx>5.0450004877125707</cx>
      <cy>4.2693640549054805</cy>
    </calibration>
  </depth_map>
  <depth_map camera_id="102" level="2" path="2/d102.exr">
    <calibration type="frame">
      <resolution width="160" height="128"/>
      <f>185.28827896131929</f>
      <cx>2.5225002438562854</cx>
      <cy>2.1346820274527403</cy>
    </calibration>
  </depth_map>
  <depth_map camera_id="102" level="3" path="3/d102.exr">
    <calibration type="frame">
      <resolution width="80" height="64"/>
      <f>92.644139480659646</f>
      <cx>1.2612501219281427</cx>
      <cy>1.0673410137263701</cy>
    </calibration>
  </depth_map>
  <depth_map camera_id="103" level="0" path="0/d103.exr">
    <calibration type="frame">
      <resolution width="640" height="512"/>
      <f>741.15311584527717</f>
      <cx>10.090000975425141</cx>
      <cy>8.5387281098109611</cy>
    </calibration>
  </depth_map>
  <depth_map camera_id="103" level="1" path="1/d103.exr">
    <calibration type="frame">
      <resolution width="320" height="256"/>
      <f>370.57655792263859</f>
      <cx>5.0450004877125707</cx>
      <cy>4.2693640549054805</cy>
    </calibration>
  </depth_map>
  <depth_map camera_id="103" level="2" path="2/d103.exr">
    <calibration type="frame">
      <resolution width="160" height="128"/>
      <f>185.28827896131929</f>
      <cx>2.5225002438562854</cx>
      <cy>2.1346820274527403</cy>
    </calibration>
  </depth_map>
  <depth_map camera_id="103" level="3" path="3/d103.exr">
    <calibration type="frame">
      <resolution width="80" height="64"/>
      <f>92.644139480659646</f>
      <cx>1.2612501219281427</cx>
      <cy>1.0673410137263701</cy>
    </calibration>
  </depth_map>
  <depth_map camera_id="104" level="0" path="0/d104.exr">
    <calibration type="frame">
      <resolution width="640" height="512"/>
      <f>741.15311584527717</f>
      <cx>10.090000975425141</cx>
      <cy>8.5387281098109611</cy>
    </calibration>
  </depth_map>
  <depth_map camera_id="104" level="1" path="1/d104.exr">
    <calibration type="frame">
      <resolution width="320" height="256"/>
      <f>370.57655792263859</f>
      <cx>5.0450004877125707</cx>
      <cy>4.2693640549054805</cy>
    </calibration>
  </depth_map>
  <depth_map camera_id="104" level="2" path="2/d104.exr">
    <calibration type="frame">
      <resolution width="160" height="128"/>
      <f>185.28827896131929</f>
      <cx>2.5225002438562854</cx>
      <cy>2.1346820274527403</cy>
    </calibration>
  </depth_map>
  <depth_map camera_id="104" level="3" path="3/d104.exr">
    <calibration type="frame">
      <resolution width="80" height="64"/>
      <f>92.644139480659646</f>
      <cx>1.2612501219281427</cx>
      <cy>1.0673410137263701</cy>
    </calibration>
  </depth_map>
  <depth_map camera_id="105" level="0" path="0/d105.exr">
    <calibration type="frame">
      <resolution width="640" height="512"/>
      <f>741.15311584527717</f>
      <cx>10.090000975425141</cx>
      <cy>8.5387281098109611</cy>
    </calibration>
  </depth_map>
  <depth_map camera_id="105" level="1" path="1/d105.exr">
    <calibration type="frame">
      <resolution width="320" height="256"/>
      <f>370.57655792263859</f>
      <cx>5.0450004877125707</cx>
      <cy>4.2693640549054805</cy>
    </calibration>
  </depth_map>
  <depth_map camera_id="105" level="2" path="2/d105.exr">
    <calibration type="frame">
      <resolution width="160" height="128"/>
      <f>185.28827896131929</f>
      <cx>2.5225002438562854</cx>
      <cy>2.1346820274527403</cy>
    </calibration>
  </depth_map>
  <depth_map camera_id="105" level="3" path="3/d105.exr">
    <calibration type="frame">
      <resolution width="80" height="64"/>
      <f>92.644139480659646</f>
      <cx>1.2612501219281427</cx>
      <cy>1.0673410137263701</cy>
    </calibration>
  </depth_map>
  <depth_map camera_id="106" level="0" path="0/d106.exr">
    <calibration type="frame">
      <resolution width="640" height="512"/>
      <f>741.15311584527717</f>
      <cx>10.090000975425141</cx>
      <cy>8.5387281098109611</cy>
    </calibration>
  </depth_map>
  <depth_map camera_id="106" level="1" path="1/d106.exr">
    <calibration type="frame">
      <resolution width="320" height="256"/>
      <f>370.57655792263859</f>
      <cx>5.0450004877125707</cx>
      <cy>4.2693640549054805</cy>
    </calibration>
  </depth_map>
  <depth_map camera_id="106" level="2" path="2/d106.exr">
    <calibration type="frame">
      <resolution width="160" height="128"/>
      <f>185.28827896131929</f>
      <cx>2.5225002438562854</cx>
      <cy>2.1346820274527403</cy>
    </calibration>
  </depth_map>
  <depth_map camera_id="106" level="3" path="3/d106.exr">
    <calibration type="frame">
      <resolution width="80" height="64"/>
      <f>92.644139480659646</f>
      <cx>1.2612501219281427</cx>
      <cy>1.0673410137263701</cy>
    </calibration>
  </depth_map>
  <depth_map camera_id="107" level="0" path="0/d107.exr">
    <calibration type="frame">
      <resolution width="640" height="512"/>
      <f>741.15311584527717</f>
      <cx>10.090000975425141</cx>
      <cy>8.5387281098109611</cy>
    </calibration>
  </depth_map>
  <depth_map camera_id="107" level="1" path="1/d107.exr">
    <calibration type="frame">
      <resolution width="320" height="256"/>
      <f>370.57655792263859</f>
      <cx>5.0450004877125707</cx>
      <cy>4.2693640549054805</cy>
    </calibration>
  </depth_map>
  <depth_map camera_id="107" level="2" path="2/d107.exr">
    <calibration type="frame">
      <resolution width="160" height="128"/>
      <f>185.28827896131929</f>
      <cx>2.5225002438562854</cx>
      <cy>2.1346820274527403</cy>
    </calibration>
  </depth_map>
  <depth_map camera_id="107" level="3" path="3/d107.exr">
    <calibration type="frame">
      <resolution width="80" height="64"/>
      <f>92.644139480659646</f>
      <cx>1.2612501219281427</cx>
      <cy>1.0673410137263701</cy>
    </calibration>
  </depth_map>
  <depth_map camera_id="108" level="0" path="0/d108.exr">
    <calibration type="frame">
      <resolution width="640" height="512"/>
      <f>741.15311584527717</f>
      <cx>10.090000975425141</cx>
      <cy>8.5387281098109611</cy>
    </calibration>
  </depth_map>
  <depth_map camera_id="108" level="1" path="1/d108.exr">
    <calibration type="frame">
      <resolution width="320" height="256"/>
      <f>370.57655792263859</f>
      <cx>5.0450004877125707</cx>
      <cy>4.2693640549054805</cy>
    </calibration>
  </depth_map>
  <depth_map camera_id="108" level="2" path="2/d108.exr">
    <calibration type="frame">
      <resolution width="160" height="128"/>
      <f>185.28827896131929</f>
      <cx>2.5225002438562854</cx>
      <cy>2.1346820274527403</cy>
    </calibration>
  </depth_map>
  <depth_map camera_id="108" level="3" path="3/d108.exr">
    <calibration type="frame">
      <resolution width="80" height="64"/>
      <f>92.644139480659646</f>
      <cx>1.2612501219281427</cx>
      <cy>1.0673410137263701</cy>
    </calibration>
  </depth_map>
  <depth_map camera_id="109" level="0" path="0/d109.exr">
    <calibration type="frame">
      <resolution width="640" height="512"/>
      <f>741.15311584527717</f>
      <cx>10.090000975425141</cx>
      <cy>8.5387281098109611</cy>
    </calibration>
  </depth_map>
  <depth_map camera_id="109" level="1" path="1/d109.exr">
    <calibration type="frame">
      <resolution width="320" height="256"/>
      <f>370.57655792263859</f>
      <cx>5.0450004877125707</cx>
      <cy>4.2693640549054805</cy>
    </calibration>
  </depth_map>
  <depth_map camera_id="109" level="2" path="2/d109.exr">
    <calibration type="frame">
      <resolution width="160" height="128"/>
      <f>185.28827896131929</f>
      <cx>2.5225002438562854</cx>
      <cy>2.1346820274527403</cy>
    </calibration>
  </depth_map>
  <depth_map camera_id="109" level="3" path="3/d109.exr">
    <calibration type="frame">
      <resolution width="80" height="64"/>
      <f>92.644139480659646</f>
      <cx>1.2612501219281427</cx>
      <cy>1.0673410137263701</cy>
    </calibration>
  </depth_map>
  <depth_map camera_id="110" level="0" path="0/d110.exr">
    <calibration type="frame">
      <resolution width="640" height="512"/>
      <f>741.15311584527717</f>
      <cx>10.090000975425141</cx>
      <cy>8.5387281098109611</cy>
    </calibration>
  </depth_map>
  <depth_map camera_id="110" level="1" path="1/d110.exr">
    <calibration type="frame">
      <resolution width="320" height="256"/>
      <f>370.57655792263859</f>
      <cx>5.0450004877125707</cx>
      <cy>4.2693640549054805</cy>
    </calibration>
  </depth_map>
  <depth_map camera_id="110" level="2" path="2/d110.exr">
    <calibration type="frame">
      <resolution width="160" height="128"/>
      <f>185.28827896131929</f>
      <cx>2.5225002438562854</cx>
      <cy>2.1346820274527403</cy>
    </calibration>
  </depth_map>
  <depth_map camera_id="110" level="3" path="3/d110.exr">
    <calibration type="frame">
      <resolution width="80" height="64"/>
      <f>92.644139480659646</f>
      <cx>1.2612501219281427</cx>
      <cy>1.0673410137263701</cy>
    </calibration>
  </depth_map>
  <depth_map camera_id="111" level="0" path="0/d111.exr">
    <calibration type="frame">
      <resolution width="640" height="512"/>
      <f>741.15311584527717</f>
      <cx>10.090000975425141</cx>
      <cy>8.5387281098109611</cy>
    </calibration>
  </depth_map>
  <depth_map camera_id="111" level="1" path="1/d111.exr">
    <calibration type="frame">
      <resolution width="320" height="256"/>
      <f>370.57655792263859</f>
      <cx>5.0450004877125707</cx>
      <cy>4.2693640549054805</cy>
    </calibration>
  </depth_map>
  <depth_map camera_id="111" level="2" path="2/d111.exr">
    <calibration type="frame">
      <resolution width="160" height="128"/>
      <f>185.28827896131929</f>
      <cx>2.5225002438562854</cx>
      <cy>2.1346820274527403</cy>
    </calibration>
  </depth_map>
  <depth_map camera_id="111" level="3" path="3/d111.exr">
    <calibration type="frame">
      <resolution width="80" height="64"/>
      <f>92.644139480659646</f>
      <cx>1.2612501219281427</cx>
      <cy>1.0673410137263701</cy>
    </calibration>
  </depth_map>
  <depth_map camera_id="112" level="0" path="0/d112.exr">
    <calibration type="frame">
      <resolution width="640" height="512"/>
      <f>741.15311584527717</f>
      <cx>10.090000975425141</cx>
      <cy>8.5387281098109611</cy>
    </calibration>
  </depth_map>
  <depth_map camera_id="112" level="1" path="1/d112.exr">
    <calibration type="frame">
      <resolution width="320" height="256"/>
      <f>370.57655792263859</f>
      <cx>5.0450004877125707</cx>
      <cy>4.2693640549054805</cy>
    </calibration>
  </depth_map>
  <depth_map camera_id="112" level="2" path="2/d112.exr">
    <calibration type="frame">
      <resolution width="160" height="128"/>
      <f>185.28827896131929</f>
      <cx>2.5225002438562854</cx>
      <cy>2.1346820274527403</cy>
    </calibration>
  </depth_map>
  <depth_map camera_id="112" level="3" path="3/d112.exr">
    <calibration type="frame">
      <resolution width="80" height="64"/>
      <f>92.644139480659646</f>
      <cx>1.2612501219281427</cx>
      <cy>1.0673410137263701</cy>
    </calibration>
  </depth_map>
  <depth_map camera_id="113" level="0" path="0/d113.exr">
    <calibration type="frame">
      <resolution width="640" height="512"/>
      <f>741.15311584527717</f>
      <cx>10.090000975425141</cx>
      <cy>8.5387281098109611</cy>
    </calibration>
  </depth_map>
  <depth_map camera_id="113" level="1" path="1/d113.exr">
    <calibration type="frame">
      <resolution width="320" height="256"/>
      <f>370.57655792263859</f>
      <cx>5.0450004877125707</cx>
      <cy>4.2693640549054805</cy>
    </calibration>
  </depth_map>
  <depth_map camera_id="113" level="2" path="2/d113.exr">
    <calibration type="frame">
      <resolution width="160" height="128"/>
      <f>185.28827896131929</f>
      <cx>2.5225002438562854</cx>
      <cy>2.1346820274527403</cy>
    </calibration>
  </depth_map>
  <depth_map camera_id="113" level="3" path="3/d113.exr">
    <calibration type="frame">
      <resolution width="80" height="64"/>
      <f>92.644139480659646</f>
      <cx>1.2612501219281427</cx>
      <cy>1.0673410137263701</cy>
    </calibration>
  </depth_map>
  <depth_map camera_id="114" level="0" path="0/d114.exr">
    <calibration type="frame">
      <resolution width="640" height="512"/>
      <f>741.15311584527717</f>
      <cx>10.090000975425141</cx>
      <cy>8.5387281098109611</cy>
    </calibration>
  </depth_map>
  <depth_map camera_id="114" level="1" path="1/d114.exr">
    <calibration type="frame">
      <resolution width="320" height="256"/>
      <f>370.57655792263859</f>
      <cx>5.0450004877125707</cx>
      <cy>4.2693640549054805</cy>
    </calibration>
  </depth_map>
  <depth_map camera_id="114" level="2" path="2/d114.exr">
    <calibration type="frame">
      <resolution width="160" height="128"/>
      <f>185.28827896131929</f>
      <cx>2.5225002438562854</cx>
      <cy>2.1346820274527403</cy>
    </calibration>
  </depth_map>
  <depth_map camera_id="114" level="3" path="3/d114.exr">
    <calibration type="frame">
      <resolution width="80" height="64"/>
      <f>92.644139480659646</f>
      <cx>1.2612501219281427</cx>
      <cy>1.0673410137263701</cy>
    </calibration>
  </depth_map>
  <depth_map camera_id="115" level="0" path="0/d115.exr">
    <calibration type="frame">
      <resolution width="640" height="512"/>
      <f>741.15311584527717</f>
      <cx>10.090000975425141</cx>
      <cy>8.5387281098109611</cy>
    </calibration>
  </depth_map>
  <depth_map camera_id="115" level="1" path="1/d115.exr">
    <calibration type="frame">
      <resolution width="320" height="256"/>
      <f>370.57655792263859</f>
      <cx>5.0450004877125707</cx>
      <cy>4.2693640549054805</cy>
    </calibration>
  </depth_map>
  <depth_map camera_id="115" level="2" path="2/d115.exr">
    <calibration type="frame">
      <resolution width="160" height="128"/>
      <f>185.28827896131929</f>
      <cx>2.5225002438562854</cx>
      <cy>2.1346820274527403</cy>
    </calibration>
  </depth_map>
  <depth_map camera_id="115" level="3" path="3/d115.exr">
    <calibration type="frame">
      <resolution width="80" height="64"/>
      <f>92.644139480659646</f>
      <cx>1.2612501219281427</cx>
      <cy>1.0673410137263701</cy>
    </calibration>
  </depth_map>
  <depth_map camera_id="116" level="0" path="0/d116.exr">
    <calibration type="frame">
      <resolution width="640" height="512"/>
      <f>741.15311584527717</f>
      <cx>10.090000975425141</cx>
      <cy>8.5387281098109611</cy>
    </calibration>
  </depth_map>
  <depth_map camera_id="116" level="1" path="1/d116.exr">
    <calibration type="frame">
      <resolution width="320" height="256"/>
      <f>370.57655792263859</f>
      <cx>5.0450004877125707</cx>
      <cy>4.2693640549054805</cy>
    </calibration>
  </depth_map>
  <depth_map camera_id="116" level="2" path="2/d116.exr">
    <calibration type="frame">
      <resolution width="160" height="128"/>
      <f>185.28827896131929</f>
      <cx>2.5225002438562854</cx>
      <cy>2.1346820274527403</cy>
    </calibration>
  </depth_map>
  <depth_map camera_id="116" level="3" path="3/d116.exr">
    <calibration type="frame">
      <resolution width="80" height="64"/>
      <f>92.644139480659646</f>
      <cx>1.2612501219281427</cx>
      <cy>1.0673410137263701</cy>
    </calibration>
  </depth_map>
  <depth_map camera_id="117" level="0" path="0/d117.exr">
    <calibration type="frame">
      <resolution width="640" height="512"/>
      <f>741.15311584527717</f>
      <cx>10.090000975425141</cx>
      <cy>8.5387281098109611</cy>
    </calibration>
  </depth_map>
  <depth_map camera_id="117" level="1" path="1/d117.exr">
    <calibration type="frame">
      <resolution width="320" height="256"/>
      <f>370.57655792263859</f>
      <cx>5.0450004877125707</cx>
      <cy>4.2693640549054805</cy>
    </calibration>
  </depth_map>
  <depth_map camera_id="117" level="2" path="2/d117.exr">
    <calibration type="frame">
      <resolution width="160" height="128"/>
      <f>185.28827896131929</f>
      <cx>2.5225002438562854</cx>
      <cy>2.1346820274527403</cy>
    </calibration>
  </depth_map>
  <depth_map camera_id="117" level="3" path="3/d117.exr">
    <calibration type="frame">
      <resolution width="80" height="64"/>
      <f>92.644139480659646</f>
      <cx>1.2612501219281427</cx>
      <cy>1.0673410137263701</cy>
    </calibration>
  </depth_map>
  <depth_map camera_id="118" level="0" path="0/d118.exr">
    <calibration type="frame">
      <resolution width="640" height="512"/>
      <f>741.15311584527717</f>
      <cx>10.090000975425141</cx>
      <cy>8.5387281098109611</cy>
    </calibration>
  </depth_map>
  <depth_map camera_id="118" level="1" path="1/d118.exr">
    <calibration type="frame">
      <resolution width="320" height="256"/>
      <f>370.57655792263859</f>
      <cx>5.0450004877125707</cx>
      <cy>4.2693640549054805</cy>
    </calibration>
  </depth_map>
  <depth_map camera_id="118" level="2" path="2/d118.exr">
    <calibration type="frame">
      <resolution width="160" height="128"/>
      <f>185.28827896131929</f>
      <cx>2.5225002438562854</cx>
      <cy>2.1346820274527403</cy>
    </calibration>
  </depth_map>
  <depth_map camera_id="118" level="3" path="3/d118.exr">
    <calibration type="frame">
      <resolution width="80" height="64"/>
      <f>92.644139480659646</f>
      <cx>1.2612501219281427</cx>
      <cy>1.0673410137263701</cy>
    </calibration>
  </depth_map>
  <depth_map camera_id="119" level="0" path="0/d119.exr">
    <calibration type="frame">
      <resolution width="640" height="512"/>
      <f>741.15311584527717</f>
      <cx>10.090000975425141</cx>
      <cy>8.5387281098109611</cy>
    </calibration>
  </depth_map>
  <depth_map camera_id="119" level="1" path="1/d119.exr">
    <calibration type="frame">
      <resolution width="320" height="256"/>
      <f>370.57655792263859</f>
      <cx>5.0450004877125707</cx>
      <cy>4.2693640549054805</cy>
    </calibration>
  </depth_map>
  <depth_map camera_id="119" level="2" path="2/d119.exr">
    <calibration type="frame">
      <resolution width="160" height="128"/>
      <f>185.28827896131929</f>
      <cx>2.5225002438562854</cx>
      <cy>2.1346820274527403</cy>
    </calibration>
  </depth_map>
  <depth_map camera_id="119" level="3" path="3/d119.exr">
    <calibration type="frame">
      <resolution width="80" height="64"/>
      <f>92.644139480659646</f>
      <cx>1.2612501219281427</cx>
      <cy>1.0673410137263701</cy>
    </calibration>
  </depth_map>
</depth_maps>
