<?xml version="1.0" encoding="UTF-8"?>
<depth_maps version="1.2.0">
  <blocks>
    <block path="data0.zip"/>
    <block path="data1.zip"/>
    <block path="data2.zip"/>
    <block path="data3.zip"/>
    <block path="data4.zip"/>
    <block path="data5.zip"/>
  </blocks>
  <meta>
    <property name="BuildDepthMaps/cameras" value=""/>
    <property name="BuildDepthMaps/downscale" value="1"/>
    <property name="BuildDepthMaps/duration" value="60.513"/>
    <property name="BuildDepthMaps/filter_mode" value="2"/>
    <property name="BuildDepthMaps/max_neighbors" value="-1"/>
    <property name="BuildDepthMaps/max_workgroup_size" value="100"/>
    <property name="BuildDepthMaps/ram_used" value="325197824"/>
    <property name="BuildDepthMaps/reuse_depth" value="false"/>
    <property name="BuildDepthMaps/subdivide_task" value="true"/>
    <property name="BuildDepthMaps/workitem_size_cameras" value="20"/>
    <property name="Info/LastSavedDateTime" value="2023:03:31 06:16:46"/>
    <property name="Info/LastSavedSoftwareVersion" value="1.7.3.12473"/>
    <property name="Info/OriginalDateTime" value="2023:03:31 06:15:53"/>
    <property name="Info/OriginalSoftwareVersion" value="1.7.3.12473"/>
  </meta>
</depth_maps>
