<?xml version="1.0" encoding="UTF-8"?>
<depth_maps version="1.5.0">
  <depth_map camera_id="2" level="0" path="0/d2.exr">
    <calibration type="frame">
      <resolution width="640" height="512"/>
      <f>741.15311584527717</f>
      <cx>10.090000975425141</cx>
      <cy>8.5387281098109611</cy>
    </calibration>
  </depth_map>
  <depth_map camera_id="2" level="1" path="1/d2.exr">
    <calibration type="frame">
      <resolution width="320" height="256"/>
      <f>370.57655792263859</f>
      <cx>5.0450004877125707</cx>
      <cy>4.2693640549054805</cy>
    </calibration>
  </depth_map>
  <depth_map camera_id="2" level="2" path="2/d2.exr">
    <calibration type="frame">
      <resolution width="160" height="128"/>
      <f>185.28827896131929</f>
      <cx>2.5225002438562854</cx>
      <cy>2.1346820274527403</cy>
    </calibration>
  </depth_map>
  <depth_map camera_id="2" level="3" path="3/d2.exr">
    <calibration type="frame">
      <resolution width="80" height="64"/>
      <f>92.644139480659646</f>
      <cx>1.2612501219281427</cx>
      <cy>1.0673410137263701</cy>
    </calibration>
  </depth_map>
  <depth_map camera_id="3" level="0" path="0/d3.exr">
    <calibration type="frame">
      <resolution width="640" height="512"/>
      <f>741.15311584527717</f>
      <cx>10.090000975425141</cx>
      <cy>8.5387281098109611</cy>
    </calibration>
  </depth_map>
  <depth_map camera_id="3" level="1" path="1/d3.exr">
    <calibration type="frame">
      <resolution width="320" height="256"/>
      <f>370.57655792263859</f>
      <cx>5.0450004877125707</cx>
      <cy>4.2693640549054805</cy>
    </calibration>
  </depth_map>
  <depth_map camera_id="3" level="2" path="2/d3.exr">
    <calibration type="frame">
      <resolution width="160" height="128"/>
      <f>185.28827896131929</f>
      <cx>2.5225002438562854</cx>
      <cy>2.1346820274527403</cy>
    </calibration>
  </depth_map>
  <depth_map camera_id="3" level="3" path="3/d3.exr">
    <calibration type="frame">
      <resolution width="80" height="64"/>
      <f>92.644139480659646</f>
      <cx>1.2612501219281427</cx>
      <cy>1.0673410137263701</cy>
    </calibration>
  </depth_map>
  <depth_map camera_id="4" level="0" path="0/d4.exr">
    <calibration type="frame">
      <resolution width="640" height="512"/>
      <f>741.15311584527717</f>
      <cx>10.090000975425141</cx>
      <cy>8.5387281098109611</cy>
    </calibration>
  </depth_map>
  <depth_map camera_id="4" level="1" path="1/d4.exr">
    <calibration type="frame">
      <resolution width="320" height="256"/>
      <f>370.57655792263859</f>
      <cx>5.0450004877125707</cx>
      <cy>4.2693640549054805</cy>
    </calibration>
  </depth_map>
  <depth_map camera_id="4" level="2" path="2/d4.exr">
    <calibration type="frame">
      <resolution width="160" height="128"/>
      <f>185.28827896131929</f>
      <cx>2.5225002438562854</cx>
      <cy>2.1346820274527403</cy>
    </calibration>
  </depth_map>
  <depth_map camera_id="4" level="3" path="3/d4.exr">
    <calibration type="frame">
      <resolution width="80" height="64"/>
      <f>92.644139480659646</f>
      <cx>1.2612501219281427</cx>
      <cy>1.0673410137263701</cy>
    </calibration>
  </depth_map>
  <depth_map camera_id="5" level="0" path="0/d5.exr">
    <calibration type="frame">
      <resolution width="640" height="512"/>
      <f>741.15311584527717</f>
      <cx>10.090000975425141</cx>
      <cy>8.5387281098109611</cy>
    </calibration>
  </depth_map>
  <depth_map camera_id="5" level="1" path="1/d5.exr">
    <calibration type="frame">
      <resolution width="320" height="256"/>
      <f>370.57655792263859</f>
      <cx>5.0450004877125707</cx>
      <cy>4.2693640549054805</cy>
    </calibration>
  </depth_map>
  <depth_map camera_id="5" level="2" path="2/d5.exr">
    <calibration type="frame">
      <resolution width="160" height="128"/>
      <f>185.28827896131929</f>
      <cx>2.5225002438562854</cx>
      <cy>2.1346820274527403</cy>
    </calibration>
  </depth_map>
  <depth_map camera_id="5" level="3" path="3/d5.exr">
    <calibration type="frame">
      <resolution width="80" height="64"/>
      <f>92.644139480659646</f>
      <cx>1.2612501219281427</cx>
      <cy>1.0673410137263701</cy>
    </calibration>
  </depth_map>
  <depth_map camera_id="14" level="0" path="0/d14.exr">
    <calibration type="frame">
      <resolution width="640" height="512"/>
      <f>741.15311584527717</f>
      <cx>10.090000975425141</cx>
      <cy>8.5387281098109611</cy>
    </calibration>
  </depth_map>
  <depth_map camera_id="14" level="1" path="1/d14.exr">
    <calibration type="frame">
      <resolution width="320" height="256"/>
      <f>370.57655792263859</f>
      <cx>5.0450004877125707</cx>
      <cy>4.2693640549054805</cy>
    </calibration>
  </depth_map>
  <depth_map camera_id="14" level="2" path="2/d14.exr">
    <calibration type="frame">
      <resolution width="160" height="128"/>
      <f>185.28827896131929</f>
      <cx>2.5225002438562854</cx>
      <cy>2.1346820274527403</cy>
    </calibration>
  </depth_map>
  <depth_map camera_id="14" level="3" path="3/d14.exr">
    <calibration type="frame">
      <resolution width="80" height="64"/>
      <f>92.644139480659646</f>
      <cx>1.2612501219281427</cx>
      <cy>1.0673410137263701</cy>
    </calibration>
  </depth_map>
  <depth_map camera_id="15" level="0" path="0/d15.exr">
    <calibration type="frame">
      <resolution width="640" height="512"/>
      <f>741.15311584527717</f>
      <cx>10.090000975425141</cx>
      <cy>8.5387281098109611</cy>
    </calibration>
  </depth_map>
  <depth_map camera_id="15" level="1" path="1/d15.exr">
    <calibration type="frame">
      <resolution width="320" height="256"/>
      <f>370.57655792263859</f>
      <cx>5.0450004877125707</cx>
      <cy>4.2693640549054805</cy>
    </calibration>
  </depth_map>
  <depth_map camera_id="15" level="2" path="2/d15.exr">
    <calibration type="frame">
      <resolution width="160" height="128"/>
      <f>185.28827896131929</f>
      <cx>2.5225002438562854</cx>
      <cy>2.1346820274527403</cy>
    </calibration>
  </depth_map>
  <depth_map camera_id="15" level="3" path="3/d15.exr">
    <calibration type="frame">
      <resolution width="80" height="64"/>
      <f>92.644139480659646</f>
      <cx>1.2612501219281427</cx>
      <cy>1.0673410137263701</cy>
    </calibration>
  </depth_map>
  <depth_map camera_id="16" level="0" path="0/d16.exr">
    <calibration type="frame">
      <resolution width="640" height="512"/>
      <f>741.15311584527717</f>
      <cx>10.090000975425141</cx>
      <cy>8.5387281098109611</cy>
    </calibration>
  </depth_map>
  <depth_map camera_id="16" level="1" path="1/d16.exr">
    <calibration type="frame">
      <resolution width="320" height="256"/>
      <f>370.57655792263859</f>
      <cx>5.0450004877125707</cx>
      <cy>4.2693640549054805</cy>
    </calibration>
  </depth_map>
  <depth_map camera_id="16" level="2" path="2/d16.exr">
    <calibration type="frame">
      <resolution width="160" height="128"/>
      <f>185.28827896131929</f>
      <cx>2.5225002438562854</cx>
      <cy>2.1346820274527403</cy>
    </calibration>
  </depth_map>
  <depth_map camera_id="16" level="3" path="3/d16.exr">
    <calibration type="frame">
      <resolution width="80" height="64"/>
      <f>92.644139480659646</f>
      <cx>1.2612501219281427</cx>
      <cy>1.0673410137263701</cy>
    </calibration>
  </depth_map>
  <depth_map camera_id="17" level="0" path="0/d17.exr">
    <calibration type="frame">
      <resolution width="640" height="512"/>
      <f>741.15311584527717</f>
      <cx>10.090000975425141</cx>
      <cy>8.5387281098109611</cy>
    </calibration>
  </depth_map>
  <depth_map camera_id="17" level="1" path="1/d17.exr">
    <calibration type="frame">
      <resolution width="320" height="256"/>
      <f>370.57655792263859</f>
      <cx>5.0450004877125707</cx>
      <cy>4.2693640549054805</cy>
    </calibration>
  </depth_map>
  <depth_map camera_id="17" level="2" path="2/d17.exr">
    <calibration type="frame">
      <resolution width="160" height="128"/>
      <f>185.28827896131929</f>
      <cx>2.5225002438562854</cx>
      <cy>2.1346820274527403</cy>
    </calibration>
  </depth_map>
  <depth_map camera_id="17" level="3" path="3/d17.exr">
    <calibration type="frame">
      <resolution width="80" height="64"/>
      <f>92.644139480659646</f>
      <cx>1.2612501219281427</cx>
      <cy>1.0673410137263701</cy>
    </calibration>
  </depth_map>
  <depth_map camera_id="18" level="0" path="0/d18.exr">
    <calibration type="frame">
      <resolution width="640" height="512"/>
      <f>741.15311584527717</f>
      <cx>10.090000975425141</cx>
      <cy>8.5387281098109611</cy>
    </calibration>
  </depth_map>
  <depth_map camera_id="18" level="1" path="1/d18.exr">
    <calibration type="frame">
      <resolution width="320" height="256"/>
      <f>370.57655792263859</f>
      <cx>5.0450004877125707</cx>
      <cy>4.2693640549054805</cy>
    </calibration>
  </depth_map>
  <depth_map camera_id="18" level="2" path="2/d18.exr">
    <calibration type="frame">
      <resolution width="160" height="128"/>
      <f>185.28827896131929</f>
      <cx>2.5225002438562854</cx>
      <cy>2.1346820274527403</cy>
    </calibration>
  </depth_map>
  <depth_map camera_id="18" level="3" path="3/d18.exr">
    <calibration type="frame">
      <resolution width="80" height="64"/>
      <f>92.644139480659646</f>
      <cx>1.2612501219281427</cx>
      <cy>1.0673410137263701</cy>
    </calibration>
  </depth_map>
  <depth_map camera_id="21" level="0" path="0/d21.exr">
    <calibration type="frame">
      <resolution width="640" height="512"/>
      <f>741.15311584527717</f>
      <cx>10.090000975425141</cx>
      <cy>8.5387281098109611</cy>
    </calibration>
  </depth_map>
  <depth_map camera_id="21" level="1" path="1/d21.exr">
    <calibration type="frame">
      <resolution width="320" height="256"/>
      <f>370.57655792263859</f>
      <cx>5.0450004877125707</cx>
      <cy>4.2693640549054805</cy>
    </calibration>
  </depth_map>
  <depth_map camera_id="21" level="2" path="2/d21.exr">
    <calibration type="frame">
      <resolution width="160" height="128"/>
      <f>185.28827896131929</f>
      <cx>2.5225002438562854</cx>
      <cy>2.1346820274527403</cy>
    </calibration>
  </depth_map>
  <depth_map camera_id="21" level="3" path="3/d21.exr">
    <calibration type="frame">
      <resolution width="80" height="64"/>
      <f>92.644139480659646</f>
      <cx>1.2612501219281427</cx>
      <cy>1.0673410137263701</cy>
    </calibration>
  </depth_map>
  <depth_map camera_id="22" level="0" path="0/d22.exr">
    <calibration type="frame">
      <resolution width="640" height="512"/>
      <f>741.15311584527717</f>
      <cx>10.090000975425141</cx>
      <cy>8.5387281098109611</cy>
    </calibration>
  </depth_map>
  <depth_map camera_id="22" level="1" path="1/d22.exr">
    <calibration type="frame">
      <resolution width="320" height="256"/>
      <f>370.57655792263859</f>
      <cx>5.0450004877125707</cx>
      <cy>4.2693640549054805</cy>
    </calibration>
  </depth_map>
  <depth_map camera_id="22" level="2" path="2/d22.exr">
    <calibration type="frame">
      <resolution width="160" height="128"/>
      <f>185.28827896131929</f>
      <cx>2.5225002438562854</cx>
      <cy>2.1346820274527403</cy>
    </calibration>
  </depth_map>
  <depth_map camera_id="22" level="3" path="3/d22.exr">
    <calibration type="frame">
      <resolution width="80" height="64"/>
      <f>92.644139480659646</f>
      <cx>1.2612501219281427</cx>
      <cy>1.0673410137263701</cy>
    </calibration>
  </depth_map>
  <depth_map camera_id="23" level="0" path="0/d23.exr">
    <calibration type="frame">
      <resolution width="640" height="512"/>
      <f>741.15311584527717</f>
      <cx>10.090000975425141</cx>
      <cy>8.5387281098109611</cy>
    </calibration>
  </depth_map>
  <depth_map camera_id="23" level="1" path="1/d23.exr">
    <calibration type="frame">
      <resolution width="320" height="256"/>
      <f>370.57655792263859</f>
      <cx>5.0450004877125707</cx>
      <cy>4.2693640549054805</cy>
    </calibration>
  </depth_map>
  <depth_map camera_id="23" level="2" path="2/d23.exr">
    <calibration type="frame">
      <resolution width="160" height="128"/>
      <f>185.28827896131929</f>
      <cx>2.5225002438562854</cx>
      <cy>2.1346820274527403</cy>
    </calibration>
  </depth_map>
  <depth_map camera_id="23" level="3" path="3/d23.exr">
    <calibration type="frame">
      <resolution width="80" height="64"/>
      <f>92.644139480659646</f>
      <cx>1.2612501219281427</cx>
      <cy>1.0673410137263701</cy>
    </calibration>
  </depth_map>
  <depth_map camera_id="24" level="0" path="0/d24.exr">
    <calibration type="frame">
      <resolution width="640" height="512"/>
      <f>741.15311584527717</f>
      <cx>10.090000975425141</cx>
      <cy>8.5387281098109611</cy>
    </calibration>
  </depth_map>
  <depth_map camera_id="24" level="1" path="1/d24.exr">
    <calibration type="frame">
      <resolution width="320" height="256"/>
      <f>370.57655792263859</f>
      <cx>5.0450004877125707</cx>
      <cy>4.2693640549054805</cy>
    </calibration>
  </depth_map>
  <depth_map camera_id="24" level="2" path="2/d24.exr">
    <calibration type="frame">
      <resolution width="160" height="128"/>
      <f>185.28827896131929</f>
      <cx>2.5225002438562854</cx>
      <cy>2.1346820274527403</cy>
    </calibration>
  </depth_map>
  <depth_map camera_id="24" level="3" path="3/d24.exr">
    <calibration type="frame">
      <resolution width="80" height="64"/>
      <f>92.644139480659646</f>
      <cx>1.2612501219281427</cx>
      <cy>1.0673410137263701</cy>
    </calibration>
  </depth_map>
  <depth_map camera_id="25" level="0" path="0/d25.exr">
    <calibration type="frame">
      <resolution width="640" height="512"/>
      <f>741.15311584527717</f>
      <cx>10.090000975425141</cx>
      <cy>8.5387281098109611</cy>
    </calibration>
  </depth_map>
  <depth_map camera_id="25" level="1" path="1/d25.exr">
    <calibration type="frame">
      <resolution width="320" height="256"/>
      <f>370.57655792263859</f>
      <cx>5.0450004877125707</cx>
      <cy>4.2693640549054805</cy>
    </calibration>
  </depth_map>
  <depth_map camera_id="25" level="2" path="2/d25.exr">
    <calibration type="frame">
      <resolution width="160" height="128"/>
      <f>185.28827896131929</f>
      <cx>2.5225002438562854</cx>
      <cy>2.1346820274527403</cy>
    </calibration>
  </depth_map>
  <depth_map camera_id="25" level="3" path="3/d25.exr">
    <calibration type="frame">
      <resolution width="80" height="64"/>
      <f>92.644139480659646</f>
      <cx>1.2612501219281427</cx>
      <cy>1.0673410137263701</cy>
    </calibration>
  </depth_map>
  <depth_map camera_id="55" level="0" path="0/d55.exr">
    <calibration type="frame">
      <resolution width="640" height="512"/>
      <f>741.15311584527717</f>
      <cx>10.090000975425141</cx>
      <cy>8.5387281098109611</cy>
    </calibration>
  </depth_map>
  <depth_map camera_id="55" level="1" path="1/d55.exr">
    <calibration type="frame">
      <resolution width="320" height="256"/>
      <f>370.57655792263859</f>
      <cx>5.0450004877125707</cx>
      <cy>4.2693640549054805</cy>
    </calibration>
  </depth_map>
  <depth_map camera_id="55" level="2" path="2/d55.exr">
    <calibration type="frame">
      <resolution width="160" height="128"/>
      <f>185.28827896131929</f>
      <cx>2.5225002438562854</cx>
      <cy>2.1346820274527403</cy>
    </calibration>
  </depth_map>
  <depth_map camera_id="55" level="3" path="3/d55.exr">
    <calibration type="frame">
      <resolution width="80" height="64"/>
      <f>92.644139480659646</f>
      <cx>1.2612501219281427</cx>
      <cy>1.0673410137263701</cy>
    </calibration>
  </depth_map>
  <depth_map camera_id="56" level="0" path="0/d56.exr">
    <calibration type="frame">
      <resolution width="640" height="512"/>
      <f>741.15311584527717</f>
      <cx>10.090000975425141</cx>
      <cy>8.5387281098109611</cy>
    </calibration>
  </depth_map>
  <depth_map camera_id="56" level="1" path="1/d56.exr">
    <calibration type="frame">
      <resolution width="320" height="256"/>
      <f>370.57655792263859</f>
      <cx>5.0450004877125707</cx>
      <cy>4.2693640549054805</cy>
    </calibration>
  </depth_map>
  <depth_map camera_id="56" level="2" path="2/d56.exr">
    <calibration type="frame">
      <resolution width="160" height="128"/>
      <f>185.28827896131929</f>
      <cx>2.5225002438562854</cx>
      <cy>2.1346820274527403</cy>
    </calibration>
  </depth_map>
  <depth_map camera_id="56" level="3" path="3/d56.exr">
    <calibration type="frame">
      <resolution width="80" height="64"/>
      <f>92.644139480659646</f>
      <cx>1.2612501219281427</cx>
      <cy>1.0673410137263701</cy>
    </calibration>
  </depth_map>
  <depth_map camera_id="57" level="0" path="0/d57.exr">
    <calibration type="frame">
      <resolution width="640" height="512"/>
      <f>741.15311584527717</f>
      <cx>10.090000975425141</cx>
      <cy>8.5387281098109611</cy>
    </calibration>
  </depth_map>
  <depth_map camera_id="57" level="1" path="1/d57.exr">
    <calibration type="frame">
      <resolution width="320" height="256"/>
      <f>370.57655792263859</f>
      <cx>5.0450004877125707</cx>
      <cy>4.2693640549054805</cy>
    </calibration>
  </depth_map>
  <depth_map camera_id="57" level="2" path="2/d57.exr">
    <calibration type="frame">
      <resolution width="160" height="128"/>
      <f>185.28827896131929</f>
      <cx>2.5225002438562854</cx>
      <cy>2.1346820274527403</cy>
    </calibration>
  </depth_map>
  <depth_map camera_id="57" level="3" path="3/d57.exr">
    <calibration type="frame">
      <resolution width="80" height="64"/>
      <f>92.644139480659646</f>
      <cx>1.2612501219281427</cx>
      <cy>1.0673410137263701</cy>
    </calibration>
  </depth_map>
  <depth_map camera_id="58" level="0" path="0/d58.exr">
    <calibration type="frame">
      <resolution width="640" height="512"/>
      <f>741.15311584527717</f>
      <cx>10.090000975425141</cx>
      <cy>8.5387281098109611</cy>
    </calibration>
  </depth_map>
  <depth_map camera_id="58" level="1" path="1/d58.exr">
    <calibration type="frame">
      <resolution width="320" height="256"/>
      <f>370.57655792263859</f>
      <cx>5.0450004877125707</cx>
      <cy>4.2693640549054805</cy>
    </calibration>
  </depth_map>
  <depth_map camera_id="58" level="2" path="2/d58.exr">
    <calibration type="frame">
      <resolution width="160" height="128"/>
      <f>185.28827896131929</f>
      <cx>2.5225002438562854</cx>
      <cy>2.1346820274527403</cy>
    </calibration>
  </depth_map>
  <depth_map camera_id="58" level="3" path="3/d58.exr">
    <calibration type="frame">
      <resolution width="80" height="64"/>
      <f>92.644139480659646</f>
      <cx>1.2612501219281427</cx>
      <cy>1.0673410137263701</cy>
    </calibration>
  </depth_map>
  <depth_map camera_id="59" level="0" path="0/d59.exr">
    <calibration type="frame">
      <resolution width="640" height="512"/>
      <f>741.15311584527717</f>
      <cx>10.090000975425141</cx>
      <cy>8.5387281098109611</cy>
    </calibration>
  </depth_map>
  <depth_map camera_id="59" level="1" path="1/d59.exr">
    <calibration type="frame">
      <resolution width="320" height="256"/>
      <f>370.57655792263859</f>
      <cx>5.0450004877125707</cx>
      <cy>4.2693640549054805</cy>
    </calibration>
  </depth_map>
  <depth_map camera_id="59" level="2" path="2/d59.exr">
    <calibration type="frame">
      <resolution width="160" height="128"/>
      <f>185.28827896131929</f>
      <cx>2.5225002438562854</cx>
      <cy>2.1346820274527403</cy>
    </calibration>
  </depth_map>
  <depth_map camera_id="59" level="3" path="3/d59.exr">
    <calibration type="frame">
      <resolution width="80" height="64"/>
      <f>92.644139480659646</f>
      <cx>1.2612501219281427</cx>
      <cy>1.0673410137263701</cy>
    </calibration>
  </depth_map>
  <depth_map camera_id="60" level="0" path="0/d60.exr">
    <calibration type="frame">
      <resolution width="640" height="512"/>
      <f>741.15311584527717</f>
      <cx>10.090000975425141</cx>
      <cy>8.5387281098109611</cy>
    </calibration>
  </depth_map>
  <depth_map camera_id="60" level="1" path="1/d60.exr">
    <calibration type="frame">
      <resolution width="320" height="256"/>
      <f>370.57655792263859</f>
      <cx>5.0450004877125707</cx>
      <cy>4.2693640549054805</cy>
    </calibration>
  </depth_map>
  <depth_map camera_id="60" level="2" path="2/d60.exr">
    <calibration type="frame">
      <resolution width="160" height="128"/>
      <f>185.28827896131929</f>
      <cx>2.5225002438562854</cx>
      <cy>2.1346820274527403</cy>
    </calibration>
  </depth_map>
  <depth_map camera_id="60" level="3" path="3/d60.exr">
    <calibration type="frame">
      <resolution width="80" height="64"/>
      <f>92.644139480659646</f>
      <cx>1.2612501219281427</cx>
      <cy>1.0673410137263701</cy>
    </calibration>
  </depth_map>
  <depth_map camera_id="64" level="0" path="0/d64.exr">
    <calibration type="frame">
      <resolution width="640" height="512"/>
      <f>741.15311584527717</f>
      <cx>10.090000975425141</cx>
      <cy>8.5387281098109611</cy>
    </calibration>
  </depth_map>
  <depth_map camera_id="64" level="1" path="1/d64.exr">
    <calibration type="frame">
      <resolution width="320" height="256"/>
      <f>370.57655792263859</f>
      <cx>5.0450004877125707</cx>
      <cy>4.2693640549054805</cy>
    </calibration>
  </depth_map>
  <depth_map camera_id="64" level="2" path="2/d64.exr">
    <calibration type="frame">
      <resolution width="160" height="128"/>
      <f>185.28827896131929</f>
      <cx>2.5225002438562854</cx>
      <cy>2.1346820274527403</cy>
    </calibration>
  </depth_map>
  <depth_map camera_id="64" level="3" path="3/d64.exr">
    <calibration type="frame">
      <resolution width="80" height="64"/>
      <f>92.644139480659646</f>
      <cx>1.2612501219281427</cx>
      <cy>1.0673410137263701</cy>
    </calibration>
  </depth_map>
  <depth_map camera_id="65" level="0" path="0/d65.exr">
    <calibration type="frame">
      <resolution width="640" height="512"/>
      <f>741.15311584527717</f>
      <cx>10.090000975425141</cx>
      <cy>8.5387281098109611</cy>
    </calibration>
  </depth_map>
  <depth_map camera_id="65" level="1" path="1/d65.exr">
    <calibration type="frame">
      <resolution width="320" height="256"/>
      <f>370.57655792263859</f>
      <cx>5.0450004877125707</cx>
      <cy>4.2693640549054805</cy>
    </calibration>
  </depth_map>
  <depth_map camera_id="65" level="2" path="2/d65.exr">
    <calibration type="frame">
      <resolution width="160" height="128"/>
      <f>185.28827896131929</f>
      <cx>2.5225002438562854</cx>
      <cy>2.1346820274527403</cy>
    </calibration>
  </depth_map>
  <depth_map camera_id="65" level="3" path="3/d65.exr">
    <calibration type="frame">
      <resolution width="80" height="64"/>
      <f>92.644139480659646</f>
      <cx>1.2612501219281427</cx>
      <cy>1.0673410137263701</cy>
    </calibration>
  </depth_map>
  <depth_map camera_id="142" level="0" path="0/d142.exr">
    <calibration type="frame">
      <resolution width="640" height="512"/>
      <f>741.15311584527717</f>
      <cx>10.090000975425141</cx>
      <cy>8.5387281098109611</cy>
    </calibration>
  </depth_map>
  <depth_map camera_id="142" level="1" path="1/d142.exr">
    <calibration type="frame">
      <resolution width="320" height="256"/>
      <f>370.57655792263859</f>
      <cx>5.0450004877125707</cx>
      <cy>4.2693640549054805</cy>
    </calibration>
  </depth_map>
  <depth_map camera_id="142" level="2" path="2/d142.exr">
    <calibration type="frame">
      <resolution width="160" height="128"/>
      <f>185.28827896131929</f>
      <cx>2.5225002438562854</cx>
      <cy>2.1346820274527403</cy>
    </calibration>
  </depth_map>
  <depth_map camera_id="142" level="3" path="3/d142.exr">
    <calibration type="frame">
      <resolution width="80" height="64"/>
      <f>92.644139480659646</f>
      <cx>1.2612501219281427</cx>
      <cy>1.0673410137263701</cy>
    </calibration>
  </depth_map>
  <depth_map camera_id="143" level="0" path="0/d143.exr">
    <calibration type="frame">
      <resolution width="640" height="512"/>
      <f>741.15311584527717</f>
      <cx>10.090000975425141</cx>
      <cy>8.5387281098109611</cy>
    </calibration>
  </depth_map>
  <depth_map camera_id="143" level="1" path="1/d143.exr">
    <calibration type="frame">
      <resolution width="320" height="256"/>
      <f>370.57655792263859</f>
      <cx>5.0450004877125707</cx>
      <cy>4.2693640549054805</cy>
    </calibration>
  </depth_map>
  <depth_map camera_id="143" level="2" path="2/d143.exr">
    <calibration type="frame">
      <resolution width="160" height="128"/>
      <f>185.28827896131929</f>
      <cx>2.5225002438562854</cx>
      <cy>2.1346820274527403</cy>
    </calibration>
  </depth_map>
  <depth_map camera_id="143" level="3" path="3/d143.exr">
    <calibration type="frame">
      <resolution width="80" height="64"/>
      <f>92.644139480659646</f>
      <cx>1.2612501219281427</cx>
      <cy>1.0673410137263701</cy>
    </calibration>
  </depth_map>
  <depth_map camera_id="144" level="0" path="0/d144.exr">
    <calibration type="frame">
      <resolution width="640" height="512"/>
      <f>741.15311584527717</f>
      <cx>10.090000975425141</cx>
      <cy>8.5387281098109611</cy>
    </calibration>
  </depth_map>
  <depth_map camera_id="144" level="1" path="1/d144.exr">
    <calibration type="frame">
      <resolution width="320" height="256"/>
      <f>370.57655792263859</f>
      <cx>5.0450004877125707</cx>
      <cy>4.2693640549054805</cy>
    </calibration>
  </depth_map>
  <depth_map camera_id="144" level="2" path="2/d144.exr">
    <calibration type="frame">
      <resolution width="160" height="128"/>
      <f>185.28827896131929</f>
      <cx>2.5225002438562854</cx>
      <cy>2.1346820274527403</cy>
    </calibration>
  </depth_map>
  <depth_map camera_id="144" level="3" path="3/d144.exr">
    <calibration type="frame">
      <resolution width="80" height="64"/>
      <f>92.644139480659646</f>
      <cx>1.2612501219281427</cx>
      <cy>1.0673410137263701</cy>
    </calibration>
  </depth_map>
  <depth_map camera_id="145" level="0" path="0/d145.exr">
    <calibration type="frame">
      <resolution width="640" height="512"/>
      <f>741.15311584527717</f>
      <cx>10.090000975425141</cx>
      <cy>8.5387281098109611</cy>
    </calibration>
  </depth_map>
  <depth_map camera_id="145" level="1" path="1/d145.exr">
    <calibration type="frame">
      <resolution width="320" height="256"/>
      <f>370.57655792263859</f>
      <cx>5.0450004877125707</cx>
      <cy>4.2693640549054805</cy>
    </calibration>
  </depth_map>
  <depth_map camera_id="145" level="2" path="2/d145.exr">
    <calibration type="frame">
      <resolution width="160" height="128"/>
      <f>185.28827896131929</f>
      <cx>2.5225002438562854</cx>
      <cy>2.1346820274527403</cy>
    </calibration>
  </depth_map>
  <depth_map camera_id="145" level="3" path="3/d145.exr">
    <calibration type="frame">
      <resolution width="80" height="64"/>
      <f>92.644139480659646</f>
      <cx>1.2612501219281427</cx>
      <cy>1.0673410137263701</cy>
    </calibration>
  </depth_map>
  <depth_map camera_id="161" level="0" path="0/d161.exr">
    <calibration type="frame">
      <resolution width="640" height="512"/>
      <f>741.15311584527717</f>
      <cx>10.090000975425141</cx>
      <cy>8.5387281098109611</cy>
    </calibration>
  </depth_map>
  <depth_map camera_id="161" level="1" path="1/d161.exr">
    <calibration type="frame">
      <resolution width="320" height="256"/>
      <f>370.57655792263859</f>
      <cx>5.0450004877125707</cx>
      <cy>4.2693640549054805</cy>
    </calibration>
  </depth_map>
  <depth_map camera_id="161" level="2" path="2/d161.exr">
    <calibration type="frame">
      <resolution width="160" height="128"/>
      <f>185.28827896131929</f>
      <cx>2.5225002438562854</cx>
      <cy>2.1346820274527403</cy>
    </calibration>
  </depth_map>
  <depth_map camera_id="161" level="3" path="3/d161.exr">
    <calibration type="frame">
      <resolution width="80" height="64"/>
      <f>92.644139480659646</f>
      <cx>1.2612501219281427</cx>
      <cy>1.0673410137263701</cy>
    </calibration>
  </depth_map>
  <depth_map camera_id="162" level="0" path="0/d162.exr">
    <calibration type="frame">
      <resolution width="640" height="512"/>
      <f>741.15311584527717</f>
      <cx>10.090000975425141</cx>
      <cy>8.5387281098109611</cy>
    </calibration>
  </depth_map>
  <depth_map camera_id="162" level="1" path="1/d162.exr">
    <calibration type="frame">
      <resolution width="320" height="256"/>
      <f>370.57655792263859</f>
      <cx>5.0450004877125707</cx>
      <cy>4.2693640549054805</cy>
    </calibration>
  </depth_map>
  <depth_map camera_id="162" level="2" path="2/d162.exr">
    <calibration type="frame">
      <resolution width="160" height="128"/>
      <f>185.28827896131929</f>
      <cx>2.5225002438562854</cx>
      <cy>2.1346820274527403</cy>
    </calibration>
  </depth_map>
  <depth_map camera_id="162" level="3" path="3/d162.exr">
    <calibration type="frame">
      <resolution width="80" height="64"/>
      <f>92.644139480659646</f>
      <cx>1.2612501219281427</cx>
      <cy>1.0673410137263701</cy>
    </calibration>
  </depth_map>
  <depth_map camera_id="163" level="0" path="0/d163.exr">
    <calibration type="frame">
      <resolution width="640" height="512"/>
      <f>741.15311584527717</f>
      <cx>10.090000975425141</cx>
      <cy>8.5387281098109611</cy>
    </calibration>
  </depth_map>
  <depth_map camera_id="163" level="1" path="1/d163.exr">
    <calibration type="frame">
      <resolution width="320" height="256"/>
      <f>370.57655792263859</f>
      <cx>5.0450004877125707</cx>
      <cy>4.2693640549054805</cy>
    </calibration>
  </depth_map>
  <depth_map camera_id="163" level="2" path="2/d163.exr">
    <calibration type="frame">
      <resolution width="160" height="128"/>
      <f>185.28827896131929</f>
      <cx>2.5225002438562854</cx>
      <cy>2.1346820274527403</cy>
    </calibration>
  </depth_map>
  <depth_map camera_id="163" level="3" path="3/d163.exr">
    <calibration type="frame">
      <resolution width="80" height="64"/>
      <f>92.644139480659646</f>
      <cx>1.2612501219281427</cx>
      <cy>1.0673410137263701</cy>
    </calibration>
  </depth_map>
  <depth_map camera_id="164" level="0" path="0/d164.exr">
    <calibration type="frame">
      <resolution width="640" height="512"/>
      <f>741.15311584527717</f>
      <cx>10.090000975425141</cx>
      <cy>8.5387281098109611</cy>
    </calibration>
  </depth_map>
  <depth_map camera_id="164" level="1" path="1/d164.exr">
    <calibration type="frame">
      <resolution width="320" height="256"/>
      <f>370.57655792263859</f>
      <cx>5.0450004877125707</cx>
      <cy>4.2693640549054805</cy>
    </calibration>
  </depth_map>
  <depth_map camera_id="164" level="2" path="2/d164.exr">
    <calibration type="frame">
      <resolution width="160" height="128"/>
      <f>185.28827896131929</f>
      <cx>2.5225002438562854</cx>
      <cy>2.1346820274527403</cy>
    </calibration>
  </depth_map>
  <depth_map camera_id="164" level="3" path="3/d164.exr">
    <calibration type="frame">
      <resolution width="80" height="64"/>
      <f>92.644139480659646</f>
      <cx>1.2612501219281427</cx>
      <cy>1.0673410137263701</cy>
    </calibration>
  </depth_map>
  <depth_map camera_id="189" level="0" path="0/d189.exr">
    <calibration type="frame">
      <resolution width="640" height="512"/>
      <f>741.15311584527717</f>
      <cx>10.090000975425141</cx>
      <cy>8.5387281098109611</cy>
    </calibration>
  </depth_map>
  <depth_map camera_id="189" level="1" path="1/d189.exr">
    <calibration type="frame">
      <resolution width="320" height="256"/>
      <f>370.57655792263859</f>
      <cx>5.0450004877125707</cx>
      <cy>4.2693640549054805</cy>
    </calibration>
  </depth_map>
  <depth_map camera_id="189" level="2" path="2/d189.exr">
    <calibration type="frame">
      <resolution width="160" height="128"/>
      <f>185.28827896131929</f>
      <cx>2.5225002438562854</cx>
      <cy>2.1346820274527403</cy>
    </calibration>
  </depth_map>
  <depth_map camera_id="189" level="3" path="3/d189.exr">
    <calibration type="frame">
      <resolution width="80" height="64"/>
      <f>92.644139480659646</f>
      <cx>1.2612501219281427</cx>
      <cy>1.0673410137263701</cy>
    </calibration>
  </depth_map>
  <depth_map camera_id="190" level="0" path="0/d190.exr">
    <calibration type="frame">
      <resolution width="640" height="512"/>
      <f>741.15311584527717</f>
      <cx>10.090000975425141</cx>
      <cy>8.5387281098109611</cy>
    </calibration>
  </depth_map>
  <depth_map camera_id="190" level="1" path="1/d190.exr">
    <calibration type="frame">
      <resolution width="320" height="256"/>
      <f>370.57655792263859</f>
      <cx>5.0450004877125707</cx>
      <cy>4.2693640549054805</cy>
    </calibration>
  </depth_map>
  <depth_map camera_id="190" level="2" path="2/d190.exr">
    <calibration type="frame">
      <resolution width="160" height="128"/>
      <f>185.28827896131929</f>
      <cx>2.5225002438562854</cx>
      <cy>2.1346820274527403</cy>
    </calibration>
  </depth_map>
  <depth_map camera_id="190" level="3" path="3/d190.exr">
    <calibration type="frame">
      <resolution width="80" height="64"/>
      <f>92.644139480659646</f>
      <cx>1.2612501219281427</cx>
      <cy>1.0673410137263701</cy>
    </calibration>
  </depth_map>
  <depth_map camera_id="191" level="0" path="0/d191.exr">
    <calibration type="frame">
      <resolution width="640" height="512"/>
      <f>741.15311584527717</f>
      <cx>10.090000975425141</cx>
      <cy>8.5387281098109611</cy>
    </calibration>
  </depth_map>
  <depth_map camera_id="191" level="1" path="1/d191.exr">
    <calibration type="frame">
      <resolution width="320" height="256"/>
      <f>370.57655792263859</f>
      <cx>5.0450004877125707</cx>
      <cy>4.2693640549054805</cy>
    </calibration>
  </depth_map>
  <depth_map camera_id="191" level="2" path="2/d191.exr">
    <calibration type="frame">
      <resolution width="160" height="128"/>
      <f>185.28827896131929</f>
      <cx>2.5225002438562854</cx>
      <cy>2.1346820274527403</cy>
    </calibration>
  </depth_map>
  <depth_map camera_id="191" level="3" path="3/d191.exr">
    <calibration type="frame">
      <resolution width="80" height="64"/>
      <f>92.644139480659646</f>
      <cx>1.2612501219281427</cx>
      <cy>1.0673410137263701</cy>
    </calibration>
  </depth_map>
  <depth_map camera_id="192" level="0" path="0/d192.exr">
    <calibration type="frame">
      <resolution width="640" height="512"/>
      <f>741.15311584527717</f>
      <cx>10.090000975425141</cx>
      <cy>8.5387281098109611</cy>
    </calibration>
  </depth_map>
  <depth_map camera_id="192" level="1" path="1/d192.exr">
    <calibration type="frame">
      <resolution width="320" height="256"/>
      <f>370.57655792263859</f>
      <cx>5.0450004877125707</cx>
      <cy>4.2693640549054805</cy>
    </calibration>
  </depth_map>
  <depth_map camera_id="192" level="2" path="2/d192.exr">
    <calibration type="frame">
      <resolution width="160" height="128"/>
      <f>185.28827896131929</f>
      <cx>2.5225002438562854</cx>
      <cy>2.1346820274527403</cy>
    </calibration>
  </depth_map>
  <depth_map camera_id="192" level="3" path="3/d192.exr">
    <calibration type="frame">
      <resolution width="80" height="64"/>
      <f>92.644139480659646</f>
      <cx>1.2612501219281427</cx>
      <cy>1.0673410137263701</cy>
    </calibration>
  </depth_map>
  <depth_map camera_id="208" level="0" path="0/d208.exr">
    <calibration type="frame">
      <resolution width="640" height="512"/>
      <f>741.15311584527717</f>
      <cx>10.090000975425141</cx>
      <cy>8.5387281098109611</cy>
    </calibration>
  </depth_map>
  <depth_map camera_id="208" level="1" path="1/d208.exr">
    <calibration type="frame">
      <resolution width="320" height="256"/>
      <f>370.57655792263859</f>
      <cx>5.0450004877125707</cx>
      <cy>4.2693640549054805</cy>
    </calibration>
  </depth_map>
  <depth_map camera_id="208" level="2" path="2/d208.exr">
    <calibration type="frame">
      <resolution width="160" height="128"/>
      <f>185.28827896131929</f>
      <cx>2.5225002438562854</cx>
      <cy>2.1346820274527403</cy>
    </calibration>
  </depth_map>
  <depth_map camera_id="208" level="3" path="3/d208.exr">
    <calibration type="frame">
      <resolution width="80" height="64"/>
      <f>92.644139480659646</f>
      <cx>1.2612501219281427</cx>
      <cy>1.0673410137263701</cy>
    </calibration>
  </depth_map>
  <depth_map camera_id="209" level="0" path="0/d209.exr">
    <calibration type="frame">
      <resolution width="640" height="512"/>
      <f>741.15311584527717</f>
      <cx>10.090000975425141</cx>
      <cy>8.5387281098109611</cy>
    </calibration>
  </depth_map>
  <depth_map camera_id="209" level="1" path="1/d209.exr">
    <calibration type="frame">
      <resolution width="320" height="256"/>
      <f>370.57655792263859</f>
      <cx>5.0450004877125707</cx>
      <cy>4.2693640549054805</cy>
    </calibration>
  </depth_map>
  <depth_map camera_id="209" level="2" path="2/d209.exr">
    <calibration type="frame">
      <resolution width="160" height="128"/>
      <f>185.28827896131929</f>
      <cx>2.5225002438562854</cx>
      <cy>2.1346820274527403</cy>
    </calibration>
  </depth_map>
  <depth_map camera_id="209" level="3" path="3/d209.exr">
    <calibration type="frame">
      <resolution width="80" height="64"/>
      <f>92.644139480659646</f>
      <cx>1.2612501219281427</cx>
      <cy>1.0673410137263701</cy>
    </calibration>
  </depth_map>
  <depth_map camera_id="210" level="0" path="0/d210.exr">
    <calibration type="frame">
      <resolution width="640" height="512"/>
      <f>741.15311584527717</f>
      <cx>10.090000975425141</cx>
      <cy>8.5387281098109611</cy>
    </calibration>
  </depth_map>
  <depth_map camera_id="210" level="1" path="1/d210.exr">
    <calibration type="frame">
      <resolution width="320" height="256"/>
      <f>370.57655792263859</f>
      <cx>5.0450004877125707</cx>
      <cy>4.2693640549054805</cy>
    </calibration>
  </depth_map>
  <depth_map camera_id="210" level="2" path="2/d210.exr">
    <calibration type="frame">
      <resolution width="160" height="128"/>
      <f>185.28827896131929</f>
      <cx>2.5225002438562854</cx>
      <cy>2.1346820274527403</cy>
    </calibration>
  </depth_map>
  <depth_map camera_id="210" level="3" path="3/d210.exr">
    <calibration type="frame">
      <resolution width="80" height="64"/>
      <f>92.644139480659646</f>
      <cx>1.2612501219281427</cx>
      <cy>1.0673410137263701</cy>
    </calibration>
  </depth_map>
  <depth_map camera_id="211" level="0" path="0/d211.exr">
    <calibration type="frame">
      <resolution width="640" height="512"/>
      <f>741.15311584527717</f>
      <cx>10.090000975425141</cx>
      <cy>8.5387281098109611</cy>
    </calibration>
  </depth_map>
  <depth_map camera_id="211" level="1" path="1/d211.exr">
    <calibration type="frame">
      <resolution width="320" height="256"/>
      <f>370.57655792263859</f>
      <cx>5.0450004877125707</cx>
      <cy>4.2693640549054805</cy>
    </calibration>
  </depth_map>
  <depth_map camera_id="211" level="2" path="2/d211.exr">
    <calibration type="frame">
      <resolution width="160" height="128"/>
      <f>185.28827896131929</f>
      <cx>2.5225002438562854</cx>
      <cy>2.1346820274527403</cy>
    </calibration>
  </depth_map>
  <depth_map camera_id="211" level="3" path="3/d211.exr">
    <calibration type="frame">
      <resolution width="80" height="64"/>
      <f>92.644139480659646</f>
      <cx>1.2612501219281427</cx>
      <cy>1.0673410137263701</cy>
    </calibration>
  </depth_map>
</depth_maps>
