<?xml version="1.0" encoding="UTF-8"?>
<orthomosaic version="1.2.0">
  <images level_count="10">
    <image id="224">
      <extent>
        <left>2507708.7012370061</left>
        <top>1139149.0444740488</top>
        <right>2507747.7566508013</right>
        <bottom>1139107.8080436392</bottom>
      </extent>
      <center>
        <x>2507729.9083132911</x>
        <y>1139128.9247386078</y>
      </center>
      <pyramid>
        <level index="0" path="0/c224.tif" mask="0/m224.tif"/>
        <level index="1" path="1/c224.tif" mask="1/m224.tif"/>
        <level index="2" path="2/c224.tif" mask="2/m224.tif"/>
        <level index="3" path="3/c224.tif" mask="3/m224.tif"/>
        <level index="4" path="4/c224.tif" mask="4/m224.tif"/>
        <level index="5" path="5/c224.tif" mask="5/m224.tif"/>
        <level index="6" path="6/c224.tif" mask="6/m224.tif"/>
        <level index="7" path="7/c224.tif" mask="7/m224.tif"/>
        <level index="8" path="8/c224.tif" mask="8/m224.tif"/>
        <level index="9" path="9/c224.tif" mask="9/m224.tif"/>
      </pyramid>
    </image>
    <image id="230">
      <extent>
        <left>2507684.4564476633</left>
        <top>1139160.3553276544</top>
        <right>2507723.308976192</right>
        <bottom>1139119.4232251444</bottom>
      </extent>
      <center>
        <x>2507704.8139143884</x>
        <y>1139140.109013221</y>
      </center>
      <pyramid>
        <level index="0" path="0/c230.tif" mask="0/m230.tif"/>
        <level index="1" path="1/c230.tif" mask="1/m230.tif"/>
        <level index="2" path="2/c230.tif" mask="2/m230.tif"/>
        <level index="3" path="3/c230.tif" mask="3/m230.tif"/>
        <level index="4" path="4/c230.tif" mask="4/m230.tif"/>
        <level index="5" path="5/c230.tif" mask="5/m230.tif"/>
        <level index="6" path="6/c230.tif" mask="6/m230.tif"/>
        <level index="7" path="7/c230.tif" mask="7/m230.tif"/>
        <level index="8" path="8/c230.tif" mask="8/m230.tif"/>
        <level index="9" path="9/c230.tif" mask="9/m230.tif"/>
      </pyramid>
    </image>
    <image id="223">
      <extent>
        <left>2507711.4401881034</left>
        <top>1139153.0514580617</top>
        <right>2507750.5463232151</right>
        <bottom>1139112.2207981851</bottom>
      </extent>
      <center>
        <x>2507732.5175362639</x>
        <y>1139132.74967928</y>
      </center>
      <pyramid>
        <level index="0" path="0/c223.tif" mask="0/m223.tif"/>
        <level index="1" path="1/c223.tif" mask="1/m223.tif"/>
        <level index="2" path="2/c223.tif" mask="2/m223.tif"/>
        <level index="3" path="3/c223.tif" mask="3/m223.tif"/>
        <level index="4" path="4/c223.tif" mask="4/m223.tif"/>
        <level index="5" path="5/c223.tif" mask="5/m223.tif"/>
        <level index="6" path="6/c223.tif" mask="6/m223.tif"/>
        <level index="7" path="7/c223.tif" mask="7/m223.tif"/>
        <level index="8" path="8/c223.tif" mask="8/m223.tif"/>
        <level index="9" path="9/c223.tif" mask="9/m223.tif"/>
      </pyramid>
    </image>
    <image id="226">
      <extent>
        <left>2507705.3029087926</left>
        <top>1139148.0807690332</top>
        <right>2507744.459765221</right>
        <bottom>1139107.0979452066</bottom>
      </extent>
      <center>
        <x>2507725.925661169</x>
        <y>1139127.7514286048</y>
      </center>
      <pyramid>
        <level index="0" path="0/c226.tif" mask="0/m226.tif"/>
        <level index="1" path="1/c226.tif" mask="1/m226.tif"/>
        <level index="2" path="2/c226.tif" mask="2/m226.tif"/>
        <level index="3" path="3/c226.tif" mask="3/m226.tif"/>
        <level index="4" path="4/c226.tif" mask="4/m226.tif"/>
        <level index="5" path="5/c226.tif" mask="5/m226.tif"/>
        <level index="6" path="6/c226.tif" mask="6/m226.tif"/>
        <level index="7" path="7/c226.tif" mask="7/m226.tif"/>
        <level index="8" path="8/c226.tif" mask="8/m226.tif"/>
        <level index="9" path="9/c226.tif" mask="9/m226.tif"/>
      </pyramid>
    </image>
    <image id="233">
      <extent>
        <left>2507669.1893313616</left>
        <top>1139169.282279379</top>
        <right>2507708.0925812069</right>
        <bottom>1139128.6545047688</bottom>
      </extent>
      <center>
        <x>2507689.6031230558</x>
        <y>1139149.2645844484</y>
      </center>
      <pyramid>
        <level index="0" path="0/c233.tif" mask="0/m233.tif"/>
        <level index="1" path="1/c233.tif" mask="1/m233.tif"/>
        <level index="2" path="2/c233.tif" mask="2/m233.tif"/>
        <level index="3" path="3/c233.tif" mask="3/m233.tif"/>
        <level index="4" path="4/c233.tif" mask="4/m233.tif"/>
        <level index="5" path="5/c233.tif" mask="5/m233.tif"/>
        <level index="6" path="6/c233.tif" mask="6/m233.tif"/>
        <level index="7" path="7/c233.tif" mask="7/m233.tif"/>
        <level index="8" path="8/c233.tif" mask="8/m233.tif"/>
        <level index="9" path="9/c233.tif" mask="9/m233.tif"/>
      </pyramid>
    </image>
    <image id="231">
      <extent>
        <left>2507679.4350373182</left>
        <top>1139163.1450000685</top>
        <right>2507718.1354018971</right>
        <bottom>1139122.6186680915</bottom>
      </extent>
      <center>
        <x>2507699.7282230668</x>
        <y>1139143.1873841973</y>
      </center>
      <pyramid>
        <level index="0" path="0/c231.tif" mask="0/m231.tif"/>
        <level index="1" path="1/c231.tif" mask="1/m231.tif"/>
        <level index="2" path="2/c231.tif" mask="2/m231.tif"/>
        <level index="3" path="3/c231.tif" mask="3/m231.tif"/>
        <level index="4" path="4/c231.tif" mask="4/m231.tif"/>
        <level index="5" path="5/c231.tif" mask="5/m231.tif"/>
        <level index="6" path="6/c231.tif" mask="6/m231.tif"/>
        <level index="7" path="7/c231.tif" mask="7/m231.tif"/>
        <level index="8" path="8/c231.tif" mask="8/m231.tif"/>
        <level index="9" path="9/c231.tif" mask="9/m231.tif"/>
      </pyramid>
    </image>
    <image id="225">
      <extent>
        <left>2507706.824548291</left>
        <top>1139146.2548016349</top>
        <right>2507745.8292407696</right>
        <bottom>1139105.5763057081</bottom>
      </extent>
      <center>
        <x>2507727.8555938452</x>
        <y>1139126.0803073349</y>
      </center>
      <pyramid>
        <level index="0" path="0/c225.tif" mask="0/m225.tif"/>
        <level index="1" path="1/c225.tif" mask="1/m225.tif"/>
        <level index="2" path="2/c225.tif" mask="2/m225.tif"/>
        <level index="3" path="3/c225.tif" mask="3/m225.tif"/>
        <level index="4" path="4/c225.tif" mask="4/m225.tif"/>
        <level index="5" path="5/c225.tif" mask="5/m225.tif"/>
        <level index="6" path="6/c225.tif" mask="6/m225.tif"/>
        <level index="7" path="7/c225.tif" mask="7/m225.tif"/>
        <level index="8" path="8/c225.tif" mask="8/m225.tif"/>
        <level index="9" path="9/c225.tif" mask="9/m225.tif"/>
      </pyramid>
    </image>
    <image id="232">
      <extent>
        <left>2507674.5657909228</left>
        <top>1139165.9346724823</top>
        <right>2507713.4183194516</right>
        <bottom>1139125.4590618219</bottom>
      </extent>
      <center>
        <x>2507695.0113341119</x>
        <y>1139146.0225855522</y>
      </center>
      <pyramid>
        <level index="0" path="0/c232.tif" mask="0/m232.tif"/>
        <level index="1" path="1/c232.tif" mask="1/m232.tif"/>
        <level index="2" path="2/c232.tif" mask="2/m232.tif"/>
        <level index="3" path="3/c232.tif" mask="3/m232.tif"/>
        <level index="4" path="4/c232.tif" mask="4/m232.tif"/>
        <level index="5" path="5/c232.tif" mask="5/m232.tif"/>
        <level index="6" path="6/c232.tif" mask="6/m232.tif"/>
        <level index="7" path="7/c232.tif" mask="7/m232.tif"/>
        <level index="8" path="8/c232.tif" mask="8/m232.tif"/>
        <level index="9" path="9/c232.tif" mask="9/m232.tif"/>
      </pyramid>
    </image>
    <image id="229">
      <extent>
        <left>2507689.8836285411</left>
        <top>1139157.0584420743</top>
        <right>2507728.6347144367</right>
        <bottom>1139116.1770608809</bottom>
      </extent>
      <center>
        <x>2507710.3510359749</x>
        <y>1139136.8195254742</y>
      </center>
      <pyramid>
        <level index="0" path="0/c229.tif" mask="0/m229.tif"/>
        <level index="1" path="1/c229.tif" mask="1/m229.tif"/>
        <level index="2" path="2/c229.tif" mask="2/m229.tif"/>
        <level index="3" path="3/c229.tif" mask="3/m229.tif"/>
        <level index="4" path="4/c229.tif" mask="4/m229.tif"/>
        <level index="5" path="5/c229.tif" mask="5/m229.tif"/>
        <level index="6" path="6/c229.tif" mask="6/m229.tif"/>
        <level index="7" path="7/c229.tif" mask="7/m229.tif"/>
        <level index="8" path="8/c229.tif" mask="8/m229.tif"/>
        <level index="9" path="9/c229.tif" mask="9/m229.tif"/>
      </pyramid>
    </image>
    <image id="227">
      <extent>
        <left>2507699.9771705479</left>
        <top>1139151.022605397</top>
        <right>2507738.8296990767</right>
        <bottom>1139110.1919455205</bottom>
      </extent>
      <center>
        <x>2507720.4036664721</x>
        <y>1139130.8598311944</y>
      </center>
      <pyramid>
        <level index="0" path="0/c227.tif" mask="0/m227.tif"/>
        <level index="1" path="1/c227.tif" mask="1/m227.tif"/>
        <level index="2" path="2/c227.tif" mask="2/m227.tif"/>
        <level index="3" path="3/c227.tif" mask="3/m227.tif"/>
        <level index="4" path="4/c227.tif" mask="4/m227.tif"/>
        <level index="5" path="5/c227.tif" mask="5/m227.tif"/>
        <level index="6" path="6/c227.tif" mask="6/m227.tif"/>
        <level index="7" path="7/c227.tif" mask="7/m227.tif"/>
        <level index="8" path="8/c227.tif" mask="8/m227.tif"/>
        <level index="9" path="9/c227.tif" mask="9/m227.tif"/>
      </pyramid>
    </image>
    <image id="228">
      <extent>
        <left>2507694.9557602028</left>
        <top>1139154.0658843939</top>
        <right>2507733.8082887316</right>
        <bottom>1139113.2352245173</bottom>
      </extent>
      <center>
        <x>2507715.4587136842</x>
        <y>1139133.7434872654</y>
      </center>
      <pyramid>
        <level index="0" path="0/c228.tif" mask="0/m228.tif"/>
        <level index="1" path="1/c228.tif" mask="1/m228.tif"/>
        <level index="2" path="2/c228.tif" mask="2/m228.tif"/>
        <level index="3" path="3/c228.tif" mask="3/m228.tif"/>
        <level index="4" path="4/c228.tif" mask="4/m228.tif"/>
        <level index="5" path="5/c228.tif" mask="5/m228.tif"/>
        <level index="6" path="6/c228.tif" mask="6/m228.tif"/>
        <level index="7" path="7/c228.tif" mask="7/m228.tif"/>
        <level index="8" path="8/c228.tif" mask="8/m228.tif"/>
        <level index="9" path="9/c228.tif" mask="9/m228.tif"/>
      </pyramid>
    </image>
  </images>
</orthomosaic>
