<?xml version="1.0" encoding="UTF-8"?>
<orthomosaic version="1.2.0">
  <images level_count="10">
    <image id="196">
      <extent>
        <left>2507679.2671604892</left>
        <top>1139124.8799429468</top>
        <right>2507720.2133434894</right>
        <bottom>1139082.1803969468</bottom>
      </extent>
      <center>
        <x>2507700.4316376373</x>
        <y>1139104.8045726302</y>
      </center>
      <pyramid>
        <level index="0" path="0/c196.tif" mask="0/m196.tif"/>
        <level index="1" path="1/c196.tif" mask="1/m196.tif"/>
        <level index="2" path="2/c196.tif" mask="2/m196.tif"/>
        <level index="3" path="3/c196.tif" mask="3/m196.tif"/>
        <level index="4" path="4/c196.tif" mask="4/m196.tif"/>
        <level index="5" path="5/c196.tif" mask="5/m196.tif"/>
        <level index="6" path="6/c196.tif" mask="6/m196.tif"/>
        <level index="7" path="7/c196.tif" mask="7/m196.tif"/>
        <level index="8" path="8/c196.tif" mask="8/m196.tif"/>
        <level index="9" path="9/c196.tif" mask="9/m196.tif"/>
      </pyramid>
    </image>
    <image id="184">
      <extent>
        <left>2507661.4756829892</left>
        <top>1139146.2297159468</top>
        <right>2507700.9779199893</right>
        <bottom>1139105.0772549468</bottom>
      </extent>
      <center>
        <x>2507681.5289905723</x>
        <y>1139126.8503875567</y>
      </center>
      <pyramid>
        <level index="0" path="0/c184.tif" mask="0/m184.tif"/>
        <level index="1" path="1/c184.tif" mask="1/m184.tif"/>
        <level index="2" path="2/c184.tif" mask="2/m184.tif"/>
        <level index="3" path="3/c184.tif" mask="3/m184.tif"/>
        <level index="4" path="4/c184.tif" mask="4/m184.tif"/>
        <level index="5" path="5/c184.tif" mask="5/m184.tif"/>
        <level index="6" path="6/c184.tif" mask="6/m184.tif"/>
        <level index="7" path="7/c184.tif" mask="7/m184.tif"/>
        <level index="8" path="8/c184.tif" mask="8/m184.tif"/>
        <level index="9" path="9/c184.tif" mask="9/m184.tif"/>
      </pyramid>
    </image>
    <image id="199">
      <extent>
        <left>2507664.9308394892</left>
        <top>1139135.245412447</top>
        <right>2507705.1550494893</right>
        <bottom>1139092.7005749471</bottom>
      </extent>
      <center>
        <x>2507685.0219120812</x>
        <y>1139115.6648589773</y>
      </center>
      <pyramid>
        <level index="0" path="0/c199.tif" mask="0/m199.tif"/>
        <level index="1" path="1/c199.tif" mask="1/m199.tif"/>
        <level index="2" path="2/c199.tif" mask="2/m199.tif"/>
        <level index="3" path="3/c199.tif" mask="3/m199.tif"/>
        <level index="4" path="4/c199.tif" mask="4/m199.tif"/>
        <level index="5" path="5/c199.tif" mask="5/m199.tif"/>
        <level index="6" path="6/c199.tif" mask="6/m199.tif"/>
        <level index="7" path="7/c199.tif" mask="7/m199.tif"/>
        <level index="8" path="8/c199.tif" mask="8/m199.tif"/>
        <level index="9" path="9/c199.tif" mask="9/m199.tif"/>
      </pyramid>
    </image>
    <image id="190">
      <extent>
        <left>2507690.9218674893</left>
        <top>1139126.478597447</top>
        <right>2507731.8680504896</right>
        <bottom>1139084.2947464471</bottom>
      </extent>
      <center>
        <x>2507711.920092795</x>
        <y>1139106.85168192</y>
      </center>
      <pyramid>
        <level index="0" path="0/c190.tif" mask="0/m190.tif"/>
        <level index="1" path="1/c190.tif" mask="1/m190.tif"/>
        <level index="2" path="2/c190.tif" mask="2/m190.tif"/>
        <level index="3" path="3/c190.tif" mask="3/m190.tif"/>
        <level index="4" path="4/c190.tif" mask="4/m190.tif"/>
        <level index="5" path="5/c190.tif" mask="5/m190.tif"/>
        <level index="6" path="6/c190.tif" mask="6/m190.tif"/>
        <level index="7" path="7/c190.tif" mask="7/m190.tif"/>
        <level index="8" path="8/c190.tif" mask="8/m190.tif"/>
        <level index="9" path="9/c190.tif" mask="9/m190.tif"/>
      </pyramid>
    </image>
    <image id="195">
      <extent>
        <left>2507684.2694019894</left>
        <top>1139121.4763559469</top>
        <right>2507725.2155849896</right>
        <bottom>1139079.498782947</bottom>
      </extent>
      <center>
        <x>2507705.1273336858</x>
        <y>1139101.318535063</y>
      </center>
      <pyramid>
        <level index="0" path="0/c195.tif" mask="0/m195.tif"/>
        <level index="1" path="1/c195.tif" mask="1/m195.tif"/>
        <level index="2" path="2/c195.tif" mask="2/m195.tif"/>
        <level index="3" path="3/c195.tif" mask="3/m195.tif"/>
        <level index="4" path="4/c195.tif" mask="4/m195.tif"/>
        <level index="5" path="5/c195.tif" mask="5/m195.tif"/>
        <level index="6" path="6/c195.tif" mask="6/m195.tif"/>
        <level index="7" path="7/c195.tif" mask="7/m195.tif"/>
        <level index="8" path="8/c195.tif" mask="8/m195.tif"/>
        <level index="9" path="9/c195.tif" mask="9/m195.tif"/>
      </pyramid>
    </image>
    <image id="193">
      <extent>
        <left>2507689.1685044891</left>
        <top>1139118.1243384469</top>
        <right>2507730.5788129889</right>
        <bottom>1139076.9718774469</bottom>
      </extent>
      <center>
        <x>2507710.4249794055</x>
        <y>1139097.9471402979</y>
      </center>
      <pyramid>
        <level index="0" path="0/c193.tif" mask="0/m193.tif"/>
        <level index="1" path="1/c193.tif" mask="1/m193.tif"/>
        <level index="2" path="2/c193.tif" mask="2/m193.tif"/>
        <level index="3" path="3/c193.tif" mask="3/m193.tif"/>
        <level index="4" path="4/c193.tif" mask="4/m193.tif"/>
        <level index="5" path="5/c193.tif" mask="5/m193.tif"/>
        <level index="6" path="6/c193.tif" mask="6/m193.tif"/>
        <level index="7" path="7/c193.tif" mask="7/m193.tif"/>
        <level index="8" path="8/c193.tif" mask="8/m193.tif"/>
        <level index="9" path="9/c193.tif" mask="9/m193.tif"/>
      </pyramid>
    </image>
    <image id="188">
      <extent>
        <left>2507681.1752319895</left>
        <top>1139132.976354447</top>
        <right>2507721.5025809896</right>
        <bottom>1139091.3597679469</bottom>
      </extent>
      <center>
        <x>2507701.7234748323</x>
        <y>1139113.3473225508</y>
      </center>
      <pyramid>
        <level index="0" path="0/c188.tif" mask="0/m188.tif"/>
        <level index="1" path="1/c188.tif" mask="1/m188.tif"/>
        <level index="2" path="2/c188.tif" mask="2/m188.tif"/>
        <level index="3" path="3/c188.tif" mask="3/m188.tif"/>
        <level index="4" path="4/c188.tif" mask="4/m188.tif"/>
        <level index="5" path="5/c188.tif" mask="5/m188.tif"/>
        <level index="6" path="6/c188.tif" mask="6/m188.tif"/>
        <level index="7" path="7/c188.tif" mask="7/m188.tif"/>
        <level index="8" path="8/c188.tif" mask="8/m188.tif"/>
        <level index="9" path="9/c188.tif" mask="9/m188.tif"/>
      </pyramid>
    </image>
    <image id="201">
      <extent>
        <left>2507654.9263564893</left>
        <top>1139142.155725447</top>
        <right>2507694.9442884894</right>
        <bottom>1139100.2812914471</bottom>
      </extent>
      <center>
        <x>2507675.6480852943</x>
        <y>1139122.488585534</y>
      </center>
      <pyramid>
        <level index="0" path="0/c201.tif" mask="0/m201.tif"/>
        <level index="1" path="1/c201.tif" mask="1/m201.tif"/>
        <level index="2" path="2/c201.tif" mask="2/m201.tif"/>
        <level index="3" path="3/c201.tif" mask="3/m201.tif"/>
        <level index="4" path="4/c201.tif" mask="4/m201.tif"/>
        <level index="5" path="5/c201.tif" mask="5/m201.tif"/>
        <level index="6" path="6/c201.tif" mask="6/m201.tif"/>
        <level index="7" path="7/c201.tif" mask="7/m201.tif"/>
        <level index="8" path="8/c201.tif" mask="8/m201.tif"/>
        <level index="9" path="9/c201.tif" mask="9/m201.tif"/>
      </pyramid>
    </image>
    <image id="183">
      <extent>
        <left>2507656.4218719895</left>
        <top>1139149.530163947</top>
        <right>2507695.7694004895</right>
        <bottom>1139108.687119947</bottom>
      </extent>
      <center>
        <x>2507676.6822914351</x>
        <y>1139130.3229606659</y>
      </center>
      <pyramid>
        <level index="0" path="0/c183.tif" mask="0/m183.tif"/>
        <level index="1" path="1/c183.tif" mask="1/m183.tif"/>
        <level index="2" path="2/c183.tif" mask="2/m183.tif"/>
        <level index="3" path="3/c183.tif" mask="3/m183.tif"/>
        <level index="4" path="4/c183.tif" mask="4/m183.tif"/>
        <level index="5" path="5/c183.tif" mask="5/m183.tif"/>
        <level index="6" path="6/c183.tif" mask="6/m183.tif"/>
        <level index="7" path="7/c183.tif" mask="7/m183.tif"/>
        <level index="8" path="8/c183.tif" mask="8/m183.tif"/>
        <level index="9" path="9/c183.tif" mask="9/m183.tif"/>
      </pyramid>
    </image>
    <image id="192">
      <extent>
        <left>2507693.5003424892</left>
        <top>1139123.6938444469</top>
        <right>2507734.6012339895</right>
        <bottom>1139081.561562947</bottom>
      </extent>
      <center>
        <x>2507714.4840457924</x>
        <y>1139103.5350214406</y>
      </center>
      <pyramid>
        <level index="0" path="0/c192.tif" mask="0/m192.tif"/>
        <level index="1" path="1/c192.tif" mask="1/m192.tif"/>
        <level index="2" path="2/c192.tif" mask="2/m192.tif"/>
        <level index="3" path="3/c192.tif" mask="3/m192.tif"/>
        <level index="4" path="4/c192.tif" mask="4/m192.tif"/>
        <level index="5" path="5/c192.tif" mask="5/m192.tif"/>
        <level index="6" path="6/c192.tif" mask="6/m192.tif"/>
        <level index="7" path="7/c192.tif" mask="7/m192.tif"/>
        <level index="8" path="8/c192.tif" mask="8/m192.tif"/>
        <level index="9" path="9/c192.tif" mask="9/m192.tif"/>
      </pyramid>
    </image>
    <image id="191">
      <extent>
        <left>2507695.1505664894</left>
        <top>1139124.261108947</top>
        <right>2507735.8904714896</right>
        <bottom>1139082.3866749471</bottom>
      </extent>
      <center>
        <x>2507715.6670999788</x>
        <y>1139104.2743119388</y>
      </center>
      <pyramid>
        <level index="0" path="0/c191.tif" mask="0/m191.tif"/>
        <level index="1" path="1/c191.tif" mask="1/m191.tif"/>
        <level index="2" path="2/c191.tif" mask="2/m191.tif"/>
        <level index="3" path="3/c191.tif" mask="3/m191.tif"/>
        <level index="4" path="4/c191.tif" mask="4/m191.tif"/>
        <level index="5" path="5/c191.tif" mask="5/m191.tif"/>
        <level index="6" path="6/c191.tif" mask="6/m191.tif"/>
        <level index="7" path="7/c191.tif" mask="7/m191.tif"/>
        <level index="8" path="8/c191.tif" mask="8/m191.tif"/>
        <level index="9" path="9/c191.tif" mask="9/m191.tif"/>
      </pyramid>
    </image>
    <image id="198">
      <extent>
        <left>2507669.6752334894</left>
        <top>1139131.790255947</top>
        <right>2507710.3119994896</right>
        <bottom>1139089.2969879471</bottom>
      </extent>
      <center>
        <x>2507689.6457834188</x>
        <y>1139112.2561131038</y>
      </center>
      <pyramid>
        <level index="0" path="0/c198.tif" mask="0/m198.tif"/>
        <level index="1" path="1/c198.tif" mask="1/m198.tif"/>
        <level index="2" path="2/c198.tif" mask="2/m198.tif"/>
        <level index="3" path="3/c198.tif" mask="3/m198.tif"/>
        <level index="4" path="4/c198.tif" mask="4/m198.tif"/>
        <level index="5" path="5/c198.tif" mask="5/m198.tif"/>
        <level index="6" path="6/c198.tif" mask="6/m198.tif"/>
        <level index="7" path="7/c198.tif" mask="7/m198.tif"/>
        <level index="8" path="8/c198.tif" mask="8/m198.tif"/>
        <level index="9" path="9/c198.tif" mask="9/m198.tif"/>
      </pyramid>
    </image>
    <image id="185">
      <extent>
        <left>2507666.3747854894</left>
        <top>1139143.0324069469</top>
        <right>2507706.0833004895</right>
        <bottom>1139101.7252374468</bottom>
      </extent>
      <center>
        <x>2507686.3843447454</x>
        <y>1139123.3969119131</y>
      </center>
      <pyramid>
        <level index="0" path="0/c185.tif" mask="0/m185.tif"/>
        <level index="1" path="1/c185.tif" mask="1/m185.tif"/>
        <level index="2" path="2/c185.tif" mask="2/m185.tif"/>
        <level index="3" path="3/c185.tif" mask="3/m185.tif"/>
        <level index="4" path="4/c185.tif" mask="4/m185.tif"/>
        <level index="5" path="5/c185.tif" mask="5/m185.tif"/>
        <level index="6" path="6/c185.tif" mask="6/m185.tif"/>
        <level index="7" path="7/c185.tif" mask="7/m185.tif"/>
        <level index="8" path="8/c185.tif" mask="8/m185.tif"/>
        <level index="9" path="9/c185.tif" mask="9/m185.tif"/>
      </pyramid>
    </image>
    <image id="182">
      <extent>
        <left>2507651.3164914893</left>
        <top>1139153.1915984468</top>
        <right>2507690.8187284893</right>
        <bottom>1139112.1938459468</bottom>
      </extent>
      <center>
        <x>2507671.7658825051</x>
        <y>1139132.9194654513</y>
      </center>
      <pyramid>
        <level index="0" path="0/c182.tif" mask="0/m182.tif"/>
        <level index="1" path="1/c182.tif" mask="1/m182.tif"/>
        <level index="2" path="2/c182.tif" mask="2/m182.tif"/>
        <level index="3" path="3/c182.tif" mask="3/m182.tif"/>
        <level index="4" path="4/c182.tif" mask="4/m182.tif"/>
        <level index="5" path="5/c182.tif" mask="5/m182.tif"/>
        <level index="6" path="6/c182.tif" mask="6/m182.tif"/>
        <level index="7" path="7/c182.tif" mask="7/m182.tif"/>
        <level index="8" path="8/c182.tif" mask="8/m182.tif"/>
        <level index="9" path="9/c182.tif" mask="9/m182.tif"/>
      </pyramid>
    </image>
    <image id="197">
      <extent>
        <left>2507674.7806139896</left>
        <top>1139128.231960447</top>
        <right>2507715.5720884898</right>
        <bottom>1139085.6355534471</bottom>
      </extent>
      <center>
        <x>2507695.3523978367</x>
        <y>1139108.3942056443</y>
      </center>
      <pyramid>
        <level index="0" path="0/c197.tif" mask="0/m197.tif"/>
        <level index="1" path="1/c197.tif" mask="1/m197.tif"/>
        <level index="2" path="2/c197.tif" mask="2/m197.tif"/>
        <level index="3" path="3/c197.tif" mask="3/m197.tif"/>
        <level index="4" path="4/c197.tif" mask="4/m197.tif"/>
        <level index="5" path="5/c197.tif" mask="5/m197.tif"/>
        <level index="6" path="6/c197.tif" mask="6/m197.tif"/>
        <level index="7" path="7/c197.tif" mask="7/m197.tif"/>
        <level index="8" path="8/c197.tif" mask="8/m197.tif"/>
        <level index="9" path="9/c197.tif" mask="9/m197.tif"/>
      </pyramid>
    </image>
    <image id="189">
      <extent>
        <left>2507686.2806124892</left>
        <top>1139129.830614947</top>
        <right>2507726.7111004894</right>
        <bottom>1139087.6983334471</bottom>
      </extent>
      <center>
        <x>2507706.8234266303</x>
        <y>1139110.0981875807</y>
      </center>
      <pyramid>
        <level index="0" path="0/c189.tif" mask="0/m189.tif"/>
        <level index="1" path="1/c189.tif" mask="1/m189.tif"/>
        <level index="2" path="2/c189.tif" mask="2/m189.tif"/>
        <level index="3" path="3/c189.tif" mask="3/m189.tif"/>
        <level index="4" path="4/c189.tif" mask="4/m189.tif"/>
        <level index="5" path="5/c189.tif" mask="5/m189.tif"/>
        <level index="6" path="6/c189.tif" mask="6/m189.tif"/>
        <level index="7" path="7/c189.tif" mask="7/m189.tif"/>
        <level index="8" path="8/c189.tif" mask="8/m189.tif"/>
        <level index="9" path="9/c189.tif" mask="9/m189.tif"/>
      </pyramid>
    </image>
    <image id="200">
      <extent>
        <left>2507659.9285979895</left>
        <top>1139138.752138447</top>
        <right>2507700.0496689896</right>
        <bottom>1139096.6714264471</bottom>
      </extent>
      <center>
        <x>2507680.466104934</x>
        <y>1139119.1977608271</y>
      </center>
      <pyramid>
        <level index="0" path="0/c200.tif" mask="0/m200.tif"/>
        <level index="1" path="1/c200.tif" mask="1/m200.tif"/>
        <level index="2" path="2/c200.tif" mask="2/m200.tif"/>
        <level index="3" path="3/c200.tif" mask="3/m200.tif"/>
        <level index="4" path="4/c200.tif" mask="4/m200.tif"/>
        <level index="5" path="5/c200.tif" mask="5/m200.tif"/>
        <level index="6" path="6/c200.tif" mask="6/m200.tif"/>
        <level index="7" path="7/c200.tif" mask="7/m200.tif"/>
        <level index="8" path="8/c200.tif" mask="8/m200.tif"/>
        <level index="9" path="9/c200.tif" mask="9/m200.tif"/>
      </pyramid>
    </image>
    <image id="187">
      <extent>
        <left>2507676.3792684893</left>
        <top>1139136.3283719469</top>
        <right>2507716.3972004894</right>
        <bottom>1139094.6086464471</bottom>
      </extent>
      <center>
        <x>2507696.490819145</x>
        <y>1139116.7360959225</y>
      </center>
      <pyramid>
        <level index="0" path="0/c187.tif" mask="0/m187.tif"/>
        <level index="1" path="1/c187.tif" mask="1/m187.tif"/>
        <level index="2" path="2/c187.tif" mask="2/m187.tif"/>
        <level index="3" path="3/c187.tif" mask="3/m187.tif"/>
        <level index="4" path="4/c187.tif" mask="4/m187.tif"/>
        <level index="5" path="5/c187.tif" mask="5/m187.tif"/>
        <level index="6" path="6/c187.tif" mask="6/m187.tif"/>
        <level index="7" path="7/c187.tif" mask="7/m187.tif"/>
        <level index="8" path="8/c187.tif" mask="8/m187.tif"/>
        <level index="9" path="9/c187.tif" mask="9/m187.tif"/>
      </pyramid>
    </image>
    <image id="186">
      <extent>
        <left>2507671.3254574891</left>
        <top>1139139.6288199469</top>
        <right>2507711.2402504892</right>
        <bottom>1139097.9606639468</bottom>
      </extent>
      <center>
        <x>2507691.338868238</x>
        <y>1139120.0566532679</y>
      </center>
      <pyramid>
        <level index="0" path="0/c186.tif" mask="0/m186.tif"/>
        <level index="1" path="1/c186.tif" mask="1/m186.tif"/>
        <level index="2" path="2/c186.tif" mask="2/m186.tif"/>
        <level index="3" path="3/c186.tif" mask="3/m186.tif"/>
        <level index="4" path="4/c186.tif" mask="4/m186.tif"/>
        <level index="5" path="5/c186.tif" mask="5/m186.tif"/>
        <level index="6" path="6/c186.tif" mask="6/m186.tif"/>
        <level index="7" path="7/c186.tif" mask="7/m186.tif"/>
        <level index="8" path="8/c186.tif" mask="8/m186.tif"/>
        <level index="9" path="9/c186.tif" mask="9/m186.tif"/>
      </pyramid>
    </image>
  </images>
</orthomosaic>
