<?xml version="1.0" encoding="UTF-8"?>
<orthomosaic version="1.2.0">
  <images level_count="10">
    <image id="64">
      <extent>
        <left>2507602.7951279096</left>
        <top>1139183.7378546149</top>
        <right>2507641.5969351218</right>
        <bottom>1139143.4144079043</bottom>
      </extent>
      <center>
        <x>2507622.3079649732</x>
        <y>1139164.3840616283</y>
      </center>
      <pyramid>
        <level index="0" path="0/c64.tif" mask="0/m64.tif"/>
        <level index="1" path="1/c64.tif" mask="1/m64.tif"/>
        <level index="2" path="2/c64.tif" mask="2/m64.tif"/>
        <level index="3" path="3/c64.tif" mask="3/m64.tif"/>
        <level index="4" path="4/c64.tif" mask="4/m64.tif"/>
        <level index="5" path="5/c64.tif" mask="5/m64.tif"/>
        <level index="6" path="6/c64.tif" mask="6/m64.tif"/>
        <level index="7" path="7/c64.tif" mask="7/m64.tif"/>
        <level index="8" path="8/c64.tif" mask="8/m64.tif"/>
        <level index="9" path="9/c64.tif" mask="9/m64.tif"/>
      </pyramid>
    </image>
    <image id="66">
      <extent>
        <left>2507612.7872272832</left>
        <top>1139176.8904768715</top>
        <right>2507651.9948050282</right>
        <bottom>1139136.3641448945</bottom>
      </extent>
      <center>
        <x>2507632.712362729</x>
        <y>1139157.3118410949</y>
      </center>
      <pyramid>
        <level index="0" path="0/c66.tif" mask="0/m66.tif"/>
        <level index="1" path="1/c66.tif" mask="1/m66.tif"/>
        <level index="2" path="2/c66.tif" mask="2/m66.tif"/>
        <level index="3" path="3/c66.tif" mask="3/m66.tif"/>
        <level index="4" path="4/c66.tif" mask="4/m66.tif"/>
        <level index="5" path="5/c66.tif" mask="5/m66.tif"/>
        <level index="6" path="6/c66.tif" mask="6/m66.tif"/>
        <level index="7" path="7/c66.tif" mask="7/m66.tif"/>
        <level index="8" path="8/c66.tif" mask="8/m66.tif"/>
        <level index="9" path="9/c66.tif" mask="9/m66.tif"/>
      </pyramid>
    </image>
    <image id="70">
      <extent>
        <left>2507633.1771965632</left>
        <top>1139163.4493279681</top>
        <right>2507671.8775611422</right>
        <bottom>1139123.0751599409</bottom>
      </extent>
      <center>
        <x>2507653.1509201676</x>
        <y>1139143.7812484514</y>
      </center>
      <pyramid>
        <level index="0" path="0/c70.tif" mask="0/m70.tif"/>
        <level index="1" path="1/c70.tif" mask="1/m70.tif"/>
        <level index="2" path="2/c70.tif" mask="2/m70.tif"/>
        <level index="3" path="3/c70.tif" mask="3/m70.tif"/>
        <level index="4" path="4/c70.tif" mask="4/m70.tif"/>
        <level index="5" path="5/c70.tif" mask="5/m70.tif"/>
        <level index="6" path="6/c70.tif" mask="6/m70.tif"/>
        <level index="7" path="7/c70.tif" mask="7/m70.tif"/>
        <level index="8" path="8/c70.tif" mask="8/m70.tif"/>
        <level index="9" path="9/c70.tif" mask="9/m70.tif"/>
      </pyramid>
    </image>
    <image id="74">
      <extent>
        <left>2507652.7556247776</left>
        <top>1139150.4646709142</top>
        <right>2507691.8617598894</right>
        <bottom>1139109.6340110376</bottom>
      </extent>
      <center>
        <x>2507673.3849626631</x>
        <y>1139130.3861086858</y>
      </center>
      <pyramid>
        <level index="0" path="0/c74.tif" mask="0/m74.tif"/>
        <level index="1" path="1/c74.tif" mask="1/m74.tif"/>
        <level index="2" path="2/c74.tif" mask="2/m74.tif"/>
        <level index="3" path="3/c74.tif" mask="3/m74.tif"/>
        <level index="4" path="4/c74.tif" mask="4/m74.tif"/>
        <level index="5" path="5/c74.tif" mask="5/m74.tif"/>
        <level index="6" path="6/c74.tif" mask="6/m74.tif"/>
        <level index="7" path="7/c74.tif" mask="7/m74.tif"/>
        <level index="8" path="8/c74.tif" mask="8/m74.tif"/>
        <level index="9" path="9/c74.tif" mask="9/m74.tif"/>
      </pyramid>
    </image>
    <image id="71">
      <extent>
        <left>2507637.7928363755</left>
        <top>1139160.3553276544</top>
        <right>2507676.4932009545</right>
        <bottom>1139119.9811596272</bottom>
      </extent>
      <center>
        <x>2507657.8238963019</x>
        <y>1139140.4496012793</y>
      </center>
      <pyramid>
        <level index="0" path="0/c71.tif" mask="0/m71.tif"/>
        <level index="1" path="1/c71.tif" mask="1/m71.tif"/>
        <level index="2" path="2/c71.tif" mask="2/m71.tif"/>
        <level index="3" path="3/c71.tif" mask="3/m71.tif"/>
        <level index="4" path="4/c71.tif" mask="4/m71.tif"/>
        <level index="5" path="5/c71.tif" mask="5/m71.tif"/>
        <level index="6" path="6/c71.tif" mask="6/m71.tif"/>
        <level index="7" path="7/c71.tif" mask="7/m71.tif"/>
        <level index="8" path="8/c71.tif" mask="8/m71.tif"/>
        <level index="9" path="9/c71.tif" mask="9/m71.tif"/>
      </pyramid>
    </image>
    <image id="61">
      <extent>
        <left>2507592.549421953</left>
        <top>1139190.4330684084</top>
        <right>2507631.5541144316</right>
        <bottom>1139150.0081790646</bottom>
      </extent>
      <center>
        <x>2507612.2477606162</x>
        <y>1139171.2566961108</y>
      </center>
      <pyramid>
        <level index="0" path="0/c61.tif" mask="0/m61.tif"/>
        <level index="1" path="1/c61.tif" mask="1/m61.tif"/>
        <level index="2" path="2/c61.tif" mask="2/m61.tif"/>
        <level index="3" path="3/c61.tif" mask="3/m61.tif"/>
        <level index="4" path="4/c61.tif" mask="4/m61.tif"/>
        <level index="5" path="5/c61.tif" mask="5/m61.tif"/>
        <level index="6" path="6/c61.tif" mask="6/m61.tif"/>
        <level index="7" path="7/c61.tif" mask="7/m61.tif"/>
        <level index="8" path="8/c61.tif" mask="8/m61.tif"/>
        <level index="9" path="9/c61.tif" mask="9/m61.tif"/>
      </pyramid>
    </image>
    <image id="60">
      <extent>
        <left>2507596.6071272823</left>
        <top>1139196.4181837691</top>
        <right>2507635.7132623941</right>
        <bottom>1139155.5368025757</bottom>
      </extent>
      <center>
        <x>2507615.8738553114</x>
        <y>1139176.6692165078</y>
      </center>
      <pyramid>
        <level index="0" path="0/c60.tif" mask="0/m60.tif"/>
        <level index="1" path="1/c60.tif" mask="1/m60.tif"/>
        <level index="2" path="2/c60.tif" mask="2/m60.tif"/>
        <level index="3" path="3/c60.tif" mask="3/m60.tif"/>
        <level index="4" path="4/c60.tif" mask="4/m60.tif"/>
        <level index="5" path="5/c60.tif" mask="5/m60.tif"/>
        <level index="6" path="6/c60.tif" mask="6/m60.tif"/>
        <level index="7" path="7/c60.tif" mask="7/m60.tif"/>
        <level index="8" path="8/c60.tif" mask="8/m60.tif"/>
        <level index="9" path="9/c60.tif" mask="9/m60.tif"/>
      </pyramid>
    </image>
    <image id="63">
      <extent>
        <left>2507597.9766028309</left>
        <top>1139187.0854615117</top>
        <right>2507636.7784100431</right>
        <bottom>1139146.6098508514</bottom>
      </extent>
      <center>
        <x>2507617.437044505</x>
        <y>1139167.7526004559</y>
      </center>
      <pyramid>
        <level index="0" path="0/c63.tif" mask="0/m63.tif"/>
        <level index="1" path="1/c63.tif" mask="1/m63.tif"/>
        <level index="2" path="2/c63.tif" mask="2/m63.tif"/>
        <level index="3" path="3/c63.tif" mask="3/m63.tif"/>
        <level index="4" path="4/c63.tif" mask="4/m63.tif"/>
        <level index="5" path="5/c63.tif" mask="5/m63.tif"/>
        <level index="6" path="6/c63.tif" mask="6/m63.tif"/>
        <level index="7" path="7/c63.tif" mask="7/m63.tif"/>
        <level index="8" path="8/c63.tif" mask="8/m63.tif"/>
        <level index="9" path="9/c63.tif" mask="9/m63.tif"/>
      </pyramid>
    </image>
    <image id="80">
      <extent>
        <left>2507682.9348081644</left>
        <top>1139131.5456198161</top>
        <right>2507722.0916645927</right>
        <bottom>1139090.4613533563</bottom>
      </extent>
      <center>
        <x>2507703.8059720639</x>
        <y>1139111.0576272092</y>
      </center>
      <pyramid>
        <level index="0" path="0/c80.tif" mask="0/m80.tif"/>
        <level index="1" path="1/c80.tif" mask="1/m80.tif"/>
        <level index="2" path="2/c80.tif" mask="2/m80.tif"/>
        <level index="3" path="3/c80.tif" mask="3/m80.tif"/>
        <level index="4" path="4/c80.tif" mask="4/m80.tif"/>
        <level index="5" path="5/c80.tif" mask="5/m80.tif"/>
        <level index="6" path="6/c80.tif" mask="6/m80.tif"/>
        <level index="7" path="7/c80.tif" mask="7/m80.tif"/>
        <level index="8" path="8/c80.tif" mask="8/m80.tif"/>
        <level index="9" path="9/c80.tif" mask="9/m80.tif"/>
      </pyramid>
    </image>
    <image id="77">
      <extent>
        <left>2507667.9720197627</left>
        <top>1139140.9797847068</top>
        <right>2507706.9767122413</right>
        <bottom>1139099.7433542972</bottom>
      </extent>
      <center>
        <x>2507688.52666503</x>
        <y>1139120.6227726194</y>
      </center>
      <pyramid>
        <level index="0" path="0/c77.tif" mask="0/m77.tif"/>
        <level index="1" path="1/c77.tif" mask="1/m77.tif"/>
        <level index="2" path="2/c77.tif" mask="2/m77.tif"/>
        <level index="3" path="3/c77.tif" mask="3/m77.tif"/>
        <level index="4" path="4/c77.tif" mask="4/m77.tif"/>
        <level index="5" path="5/c77.tif" mask="5/m77.tif"/>
        <level index="6" path="6/c77.tif" mask="6/m77.tif"/>
        <level index="7" path="7/c77.tif" mask="7/m77.tif"/>
        <level index="8" path="8/c77.tif" mask="8/m77.tif"/>
        <level index="9" path="9/c77.tif" mask="9/m77.tif"/>
      </pyramid>
    </image>
    <image id="67">
      <extent>
        <left>2507617.5550310453</left>
        <top>1139173.6443126081</top>
        <right>2507656.6611661571</right>
        <bottom>1139133.1687019477</bottom>
      </extent>
      <center>
        <x>2507637.6078726426</x>
        <y>1139154.0572825188</y>
      </center>
      <pyramid>
        <level index="0" path="0/c67.tif" mask="0/m67.tif"/>
        <level index="1" path="1/c67.tif" mask="1/m67.tif"/>
        <level index="2" path="2/c67.tif" mask="2/m67.tif"/>
        <level index="3" path="3/c67.tif" mask="3/m67.tif"/>
        <level index="4" path="4/c67.tif" mask="4/m67.tif"/>
        <level index="5" path="5/c67.tif" mask="5/m67.tif"/>
        <level index="6" path="6/c67.tif" mask="6/m67.tif"/>
        <level index="7" path="7/c67.tif" mask="7/m67.tif"/>
        <level index="8" path="8/c67.tif" mask="8/m67.tif"/>
        <level index="9" path="9/c67.tif" mask="9/m67.tif"/>
      </pyramid>
    </image>
    <image id="79">
      <extent>
        <left>2507677.8119551861</left>
        <top>1139134.6903414463</top>
        <right>2507716.9180902978</right>
        <bottom>1139093.6060749865</bottom>
      </extent>
      <center>
        <x>2507698.7184280287</x>
        <y>1139114.2577351222</y>
      </center>
      <pyramid>
        <level index="0" path="0/c79.tif" mask="0/m79.tif"/>
        <level index="1" path="1/c79.tif" mask="1/m79.tif"/>
        <level index="2" path="2/c79.tif" mask="2/m79.tif"/>
        <level index="3" path="3/c79.tif" mask="3/m79.tif"/>
        <level index="4" path="4/c79.tif" mask="4/m79.tif"/>
        <level index="5" path="5/c79.tif" mask="5/m79.tif"/>
        <level index="6" path="6/c79.tif" mask="6/m79.tif"/>
        <level index="7" path="7/c79.tif" mask="7/m79.tif"/>
        <level index="8" path="8/c79.tif" mask="8/m79.tif"/>
        <level index="9" path="9/c79.tif" mask="9/m79.tif"/>
      </pyramid>
    </image>
    <image id="72">
      <extent>
        <left>2507643.017131987</left>
        <top>1139157.0077207577</top>
        <right>2507681.8696605158</right>
        <bottom>1139116.582831414</bottom>
      </extent>
      <center>
        <x>2507663.1791662574</x>
        <y>1139137.0106585179</y>
      </center>
      <pyramid>
        <level index="0" path="0/c72.tif" mask="0/m72.tif"/>
        <level index="1" path="1/c72.tif" mask="1/m72.tif"/>
        <level index="2" path="2/c72.tif" mask="2/m72.tif"/>
        <level index="3" path="3/c72.tif" mask="3/m72.tif"/>
        <level index="4" path="4/c72.tif" mask="4/m72.tif"/>
        <level index="5" path="5/c72.tif" mask="5/m72.tif"/>
        <level index="6" path="6/c72.tif" mask="6/m72.tif"/>
        <level index="7" path="7/c72.tif" mask="7/m72.tif"/>
        <level index="8" path="8/c72.tif" mask="8/m72.tif"/>
        <level index="9" path="9/c72.tif" mask="9/m72.tif"/>
      </pyramid>
    </image>
    <image id="75">
      <extent>
        <left>2507657.8784777559</left>
        <top>1139147.319949284</top>
        <right>2507696.7817276013</right>
        <bottom>1139106.6414533572</bottom>
      </extent>
      <center>
        <x>2507678.3751188703</x>
        <y>1139127.1950633607</y>
      </center>
      <pyramid>
        <level index="0" path="0/c75.tif" mask="0/m75.tif"/>
        <level index="1" path="1/c75.tif" mask="1/m75.tif"/>
        <level index="2" path="2/c75.tif" mask="2/m75.tif"/>
        <level index="3" path="3/c75.tif" mask="3/m75.tif"/>
        <level index="4" path="4/c75.tif" mask="4/m75.tif"/>
        <level index="5" path="5/c75.tif" mask="5/m75.tif"/>
        <level index="6" path="6/c75.tif" mask="6/m75.tif"/>
        <level index="7" path="7/c75.tif" mask="7/m75.tif"/>
        <level index="8" path="8/c75.tif" mask="8/m75.tif"/>
        <level index="9" path="9/c75.tif" mask="9/m75.tif"/>
      </pyramid>
    </image>
    <image id="69">
      <extent>
        <left>2507627.9529009517</left>
        <top>1139166.6954922315</top>
        <right>2507666.9068721137</right>
        <bottom>1139126.4227668375</bottom>
      </extent>
      <center>
        <x>2507647.9703453872</x>
        <y>1139147.1542700604</y>
      </center>
      <pyramid>
        <level index="0" path="0/c69.tif" mask="0/m69.tif"/>
        <level index="1" path="1/c69.tif" mask="1/m69.tif"/>
        <level index="2" path="2/c69.tif" mask="2/m69.tif"/>
        <level index="3" path="3/c69.tif" mask="3/m69.tif"/>
        <level index="4" path="4/c69.tif" mask="4/m69.tif"/>
        <level index="5" path="5/c69.tif" mask="5/m69.tif"/>
        <level index="6" path="6/c69.tif" mask="6/m69.tif"/>
        <level index="7" path="7/c69.tif" mask="7/m69.tif"/>
        <level index="8" path="8/c69.tif" mask="8/m69.tif"/>
        <level index="9" path="9/c69.tif" mask="9/m69.tif"/>
      </pyramid>
    </image>
    <image id="73">
      <extent>
        <left>2507648.1907062819</left>
        <top>1139153.6601138611</top>
        <right>2507686.8910708609</right>
        <bottom>1139113.2352245173</bottom>
      </extent>
      <center>
        <x>2507668.2027887851</x>
        <y>1139133.753220075</y>
      </center>
      <pyramid>
        <level index="0" path="0/c73.tif" mask="0/m73.tif"/>
        <level index="1" path="1/c73.tif" mask="1/m73.tif"/>
        <level index="2" path="2/c73.tif" mask="2/m73.tif"/>
        <level index="3" path="3/c73.tif" mask="3/m73.tif"/>
        <level index="4" path="4/c73.tif" mask="4/m73.tif"/>
        <level index="5" path="5/c73.tif" mask="5/m73.tif"/>
        <level index="6" path="6/c73.tif" mask="6/m73.tif"/>
        <level index="7" path="7/c73.tif" mask="7/m73.tif"/>
        <level index="8" path="8/c73.tif" mask="8/m73.tif"/>
        <level index="9" path="9/c73.tif" mask="9/m73.tif"/>
      </pyramid>
    </image>
    <image id="78">
      <extent>
        <left>2507672.841266158</left>
        <top>1139137.7336204434</top>
        <right>2507711.9981225864</right>
        <bottom>1139096.9029605668</bottom>
      </extent>
      <center>
        <x>2507693.6779340655</x>
        <y>1139117.4267372631</y>
      </center>
      <pyramid>
        <level index="0" path="0/c78.tif" mask="0/m78.tif"/>
        <level index="1" path="1/c78.tif" mask="1/m78.tif"/>
        <level index="2" path="2/c78.tif" mask="2/m78.tif"/>
        <level index="3" path="3/c78.tif" mask="3/m78.tif"/>
        <level index="4" path="4/c78.tif" mask="4/m78.tif"/>
        <level index="5" path="5/c78.tif" mask="5/m78.tif"/>
        <level index="6" path="6/c78.tif" mask="6/m78.tif"/>
        <level index="7" path="7/c78.tif" mask="7/m78.tif"/>
        <level index="8" path="8/c78.tif" mask="8/m78.tif"/>
        <level index="9" path="9/c78.tif" mask="9/m78.tif"/>
      </pyramid>
    </image>
    <image id="65">
      <extent>
        <left>2507607.7658169381</left>
        <top>1139180.4916903514</top>
        <right>2507646.5676241503</right>
        <bottom>1139139.9653583744</bottom>
      </extent>
      <center>
        <x>2507627.2578888144</x>
        <y>1139161.0028282178</y>
      </center>
      <pyramid>
        <level index="0" path="0/c65.tif" mask="0/m65.tif"/>
        <level index="1" path="1/c65.tif" mask="1/m65.tif"/>
        <level index="2" path="2/c65.tif" mask="2/m65.tif"/>
        <level index="3" path="3/c65.tif" mask="3/m65.tif"/>
        <level index="4" path="4/c65.tif" mask="4/m65.tif"/>
        <level index="5" path="5/c65.tif" mask="5/m65.tif"/>
        <level index="6" path="6/c65.tif" mask="6/m65.tif"/>
        <level index="7" path="7/c65.tif" mask="7/m65.tif"/>
        <level index="8" path="8/c65.tif" mask="8/m65.tif"/>
        <level index="9" path="9/c65.tif" mask="9/m65.tif"/>
      </pyramid>
    </image>
    <image id="68">
      <extent>
        <left>2507622.5257200738</left>
        <top>1139170.2459843948</top>
        <right>2507661.9869044018</right>
        <bottom>1139129.7703737344</bottom>
      </extent>
      <center>
        <x>2507642.9064312391</x>
        <y>1139150.4845107535</y>
      </center>
      <pyramid>
        <level index="0" path="0/c68.tif" mask="0/m68.tif"/>
        <level index="1" path="1/c68.tif" mask="1/m68.tif"/>
        <level index="2" path="2/c68.tif" mask="2/m68.tif"/>
        <level index="3" path="3/c68.tif" mask="3/m68.tif"/>
        <level index="4" path="4/c68.tif" mask="4/m68.tif"/>
        <level index="5" path="5/c68.tif" mask="5/m68.tif"/>
        <level index="6" path="6/c68.tif" mask="6/m68.tif"/>
        <level index="7" path="7/c68.tif" mask="7/m68.tif"/>
        <level index="8" path="8/c68.tif" mask="8/m68.tif"/>
        <level index="9" path="9/c68.tif" mask="9/m68.tif"/>
      </pyramid>
    </image>
    <image id="76">
      <extent>
        <left>2507662.9506094176</left>
        <top>1139144.1752276537</top>
        <right>2507701.853859263</right>
        <bottom>1139103.3445677771</bottom>
      </extent>
      <center>
        <x>2507683.4779016301</x>
        <y>1139123.8497671217</y>
      </center>
      <pyramid>
        <level index="0" path="0/c76.tif" mask="0/m76.tif"/>
        <level index="1" path="1/c76.tif" mask="1/m76.tif"/>
        <level index="2" path="2/c76.tif" mask="2/m76.tif"/>
        <level index="3" path="3/c76.tif" mask="3/m76.tif"/>
        <level index="4" path="4/c76.tif" mask="4/m76.tif"/>
        <level index="5" path="5/c76.tif" mask="5/m76.tif"/>
        <level index="6" path="6/c76.tif" mask="6/m76.tif"/>
        <level index="7" path="7/c76.tif" mask="7/m76.tif"/>
        <level index="8" path="8/c76.tif" mask="8/m76.tif"/>
        <level index="9" path="9/c76.tif" mask="9/m76.tif"/>
      </pyramid>
    </image>
  </images>
</orthomosaic>
