<?xml version="1.0" encoding="UTF-8"?>
<depth_maps version="1.5.0">
  <depth_map camera_id="0" level="0" path="0/d0.exr">
    <calibration type="frame">
      <resolution width="640" height="512"/>
      <f>741.15311584527717</f>
      <cx>10.090000975425141</cx>
      <cy>8.5387281098109611</cy>
    </calibration>
  </depth_map>
  <depth_map camera_id="0" level="1" path="1/d0.exr">
    <calibration type="frame">
      <resolution width="320" height="256"/>
      <f>370.57655792263859</f>
      <cx>5.0450004877125707</cx>
      <cy>4.2693640549054805</cy>
    </calibration>
  </depth_map>
  <depth_map camera_id="0" level="2" path="2/d0.exr">
    <calibration type="frame">
      <resolution width="160" height="128"/>
      <f>185.28827896131929</f>
      <cx>2.5225002438562854</cx>
      <cy>2.1346820274527403</cy>
    </calibration>
  </depth_map>
  <depth_map camera_id="0" level="3" path="3/d0.exr">
    <calibration type="frame">
      <resolution width="80" height="64"/>
      <f>92.644139480659646</f>
      <cx>1.2612501219281427</cx>
      <cy>1.0673410137263701</cy>
    </calibration>
  </depth_map>
  <depth_map camera_id="1" level="0" path="0/d1.exr">
    <calibration type="frame">
      <resolution width="640" height="512"/>
      <f>741.15311584527717</f>
      <cx>10.090000975425141</cx>
      <cy>8.5387281098109611</cy>
    </calibration>
  </depth_map>
  <depth_map camera_id="1" level="1" path="1/d1.exr">
    <calibration type="frame">
      <resolution width="320" height="256"/>
      <f>370.57655792263859</f>
      <cx>5.0450004877125707</cx>
      <cy>4.2693640549054805</cy>
    </calibration>
  </depth_map>
  <depth_map camera_id="1" level="2" path="2/d1.exr">
    <calibration type="frame">
      <resolution width="160" height="128"/>
      <f>185.28827896131929</f>
      <cx>2.5225002438562854</cx>
      <cy>2.1346820274527403</cy>
    </calibration>
  </depth_map>
  <depth_map camera_id="1" level="3" path="3/d1.exr">
    <calibration type="frame">
      <resolution width="80" height="64"/>
      <f>92.644139480659646</f>
      <cx>1.2612501219281427</cx>
      <cy>1.0673410137263701</cy>
    </calibration>
  </depth_map>
  <depth_map camera_id="32" level="0" path="0/d32.exr">
    <calibration type="frame">
      <resolution width="640" height="512"/>
      <f>741.15311584527717</f>
      <cx>10.090000975425141</cx>
      <cy>8.5387281098109611</cy>
    </calibration>
  </depth_map>
  <depth_map camera_id="32" level="1" path="1/d32.exr">
    <calibration type="frame">
      <resolution width="320" height="256"/>
      <f>370.57655792263859</f>
      <cx>5.0450004877125707</cx>
      <cy>4.2693640549054805</cy>
    </calibration>
  </depth_map>
  <depth_map camera_id="32" level="2" path="2/d32.exr">
    <calibration type="frame">
      <resolution width="160" height="128"/>
      <f>185.28827896131929</f>
      <cx>2.5225002438562854</cx>
      <cy>2.1346820274527403</cy>
    </calibration>
  </depth_map>
  <depth_map camera_id="32" level="3" path="3/d32.exr">
    <calibration type="frame">
      <resolution width="80" height="64"/>
      <f>92.644139480659646</f>
      <cx>1.2612501219281427</cx>
      <cy>1.0673410137263701</cy>
    </calibration>
  </depth_map>
  <depth_map camera_id="134" level="0" path="0/d134.exr">
    <calibration type="frame">
      <resolution width="640" height="512"/>
      <f>741.15311584527717</f>
      <cx>10.090000975425141</cx>
      <cy>8.5387281098109611</cy>
    </calibration>
  </depth_map>
  <depth_map camera_id="134" level="1" path="1/d134.exr">
    <calibration type="frame">
      <resolution width="320" height="256"/>
      <f>370.57655792263859</f>
      <cx>5.0450004877125707</cx>
      <cy>4.2693640549054805</cy>
    </calibration>
  </depth_map>
  <depth_map camera_id="134" level="2" path="2/d134.exr">
    <calibration type="frame">
      <resolution width="160" height="128"/>
      <f>185.28827896131929</f>
      <cx>2.5225002438562854</cx>
      <cy>2.1346820274527403</cy>
    </calibration>
  </depth_map>
  <depth_map camera_id="134" level="3" path="3/d134.exr">
    <calibration type="frame">
      <resolution width="80" height="64"/>
      <f>92.644139480659646</f>
      <cx>1.2612501219281427</cx>
      <cy>1.0673410137263701</cy>
    </calibration>
  </depth_map>
  <depth_map camera_id="135" level="0" path="0/d135.exr">
    <calibration type="frame">
      <resolution width="640" height="512"/>
      <f>741.15311584527717</f>
      <cx>10.090000975425141</cx>
      <cy>8.5387281098109611</cy>
    </calibration>
  </depth_map>
  <depth_map camera_id="135" level="1" path="1/d135.exr">
    <calibration type="frame">
      <resolution width="320" height="256"/>
      <f>370.57655792263859</f>
      <cx>5.0450004877125707</cx>
      <cy>4.2693640549054805</cy>
    </calibration>
  </depth_map>
  <depth_map camera_id="135" level="2" path="2/d135.exr">
    <calibration type="frame">
      <resolution width="160" height="128"/>
      <f>185.28827896131929</f>
      <cx>2.5225002438562854</cx>
      <cy>2.1346820274527403</cy>
    </calibration>
  </depth_map>
  <depth_map camera_id="135" level="3" path="3/d135.exr">
    <calibration type="frame">
      <resolution width="80" height="64"/>
      <f>92.644139480659646</f>
      <cx>1.2612501219281427</cx>
      <cy>1.0673410137263701</cy>
    </calibration>
  </depth_map>
  <depth_map camera_id="136" level="0" path="0/d136.exr">
    <calibration type="frame">
      <resolution width="640" height="512"/>
      <f>741.15311584527717</f>
      <cx>10.090000975425141</cx>
      <cy>8.5387281098109611</cy>
    </calibration>
  </depth_map>
  <depth_map camera_id="136" level="1" path="1/d136.exr">
    <calibration type="frame">
      <resolution width="320" height="256"/>
      <f>370.57655792263859</f>
      <cx>5.0450004877125707</cx>
      <cy>4.2693640549054805</cy>
    </calibration>
  </depth_map>
  <depth_map camera_id="136" level="2" path="2/d136.exr">
    <calibration type="frame">
      <resolution width="160" height="128"/>
      <f>185.28827896131929</f>
      <cx>2.5225002438562854</cx>
      <cy>2.1346820274527403</cy>
    </calibration>
  </depth_map>
  <depth_map camera_id="136" level="3" path="3/d136.exr">
    <calibration type="frame">
      <resolution width="80" height="64"/>
      <f>92.644139480659646</f>
      <cx>1.2612501219281427</cx>
      <cy>1.0673410137263701</cy>
    </calibration>
  </depth_map>
  <depth_map camera_id="137" level="0" path="0/d137.exr">
    <calibration type="frame">
      <resolution width="640" height="512"/>
      <f>741.15311584527717</f>
      <cx>10.090000975425141</cx>
      <cy>8.5387281098109611</cy>
    </calibration>
  </depth_map>
  <depth_map camera_id="137" level="1" path="1/d137.exr">
    <calibration type="frame">
      <resolution width="320" height="256"/>
      <f>370.57655792263859</f>
      <cx>5.0450004877125707</cx>
      <cy>4.2693640549054805</cy>
    </calibration>
  </depth_map>
  <depth_map camera_id="137" level="2" path="2/d137.exr">
    <calibration type="frame">
      <resolution width="160" height="128"/>
      <f>185.28827896131929</f>
      <cx>2.5225002438562854</cx>
      <cy>2.1346820274527403</cy>
    </calibration>
  </depth_map>
  <depth_map camera_id="137" level="3" path="3/d137.exr">
    <calibration type="frame">
      <resolution width="80" height="64"/>
      <f>92.644139480659646</f>
      <cx>1.2612501219281427</cx>
      <cy>1.0673410137263701</cy>
    </calibration>
  </depth_map>
  <depth_map camera_id="138" level="0" path="0/d138.exr">
    <calibration type="frame">
      <resolution width="640" height="512"/>
      <f>741.15311584527717</f>
      <cx>10.090000975425141</cx>
      <cy>8.5387281098109611</cy>
    </calibration>
  </depth_map>
  <depth_map camera_id="138" level="1" path="1/d138.exr">
    <calibration type="frame">
      <resolution width="320" height="256"/>
      <f>370.57655792263859</f>
      <cx>5.0450004877125707</cx>
      <cy>4.2693640549054805</cy>
    </calibration>
  </depth_map>
  <depth_map camera_id="138" level="2" path="2/d138.exr">
    <calibration type="frame">
      <resolution width="160" height="128"/>
      <f>185.28827896131929</f>
      <cx>2.5225002438562854</cx>
      <cy>2.1346820274527403</cy>
    </calibration>
  </depth_map>
  <depth_map camera_id="138" level="3" path="3/d138.exr">
    <calibration type="frame">
      <resolution width="80" height="64"/>
      <f>92.644139480659646</f>
      <cx>1.2612501219281427</cx>
      <cy>1.0673410137263701</cy>
    </calibration>
  </depth_map>
  <depth_map camera_id="139" level="0" path="0/d139.exr">
    <calibration type="frame">
      <resolution width="640" height="512"/>
      <f>741.15311584527717</f>
      <cx>10.090000975425141</cx>
      <cy>8.5387281098109611</cy>
    </calibration>
  </depth_map>
  <depth_map camera_id="139" level="1" path="1/d139.exr">
    <calibration type="frame">
      <resolution width="320" height="256"/>
      <f>370.57655792263859</f>
      <cx>5.0450004877125707</cx>
      <cy>4.2693640549054805</cy>
    </calibration>
  </depth_map>
  <depth_map camera_id="139" level="2" path="2/d139.exr">
    <calibration type="frame">
      <resolution width="160" height="128"/>
      <f>185.28827896131929</f>
      <cx>2.5225002438562854</cx>
      <cy>2.1346820274527403</cy>
    </calibration>
  </depth_map>
  <depth_map camera_id="139" level="3" path="3/d139.exr">
    <calibration type="frame">
      <resolution width="80" height="64"/>
      <f>92.644139480659646</f>
      <cx>1.2612501219281427</cx>
      <cy>1.0673410137263701</cy>
    </calibration>
  </depth_map>
  <depth_map camera_id="140" level="0" path="0/d140.exr">
    <calibration type="frame">
      <resolution width="640" height="512"/>
      <f>741.15311584527717</f>
      <cx>10.090000975425141</cx>
      <cy>8.5387281098109611</cy>
    </calibration>
  </depth_map>
  <depth_map camera_id="140" level="1" path="1/d140.exr">
    <calibration type="frame">
      <resolution width="320" height="256"/>
      <f>370.57655792263859</f>
      <cx>5.0450004877125707</cx>
      <cy>4.2693640549054805</cy>
    </calibration>
  </depth_map>
  <depth_map camera_id="140" level="2" path="2/d140.exr">
    <calibration type="frame">
      <resolution width="160" height="128"/>
      <f>185.28827896131929</f>
      <cx>2.5225002438562854</cx>
      <cy>2.1346820274527403</cy>
    </calibration>
  </depth_map>
  <depth_map camera_id="140" level="3" path="3/d140.exr">
    <calibration type="frame">
      <resolution width="80" height="64"/>
      <f>92.644139480659646</f>
      <cx>1.2612501219281427</cx>
      <cy>1.0673410137263701</cy>
    </calibration>
  </depth_map>
  <depth_map camera_id="141" level="0" path="0/d141.exr">
    <calibration type="frame">
      <resolution width="640" height="512"/>
      <f>741.15311584527717</f>
      <cx>10.090000975425141</cx>
      <cy>8.5387281098109611</cy>
    </calibration>
  </depth_map>
  <depth_map camera_id="141" level="1" path="1/d141.exr">
    <calibration type="frame">
      <resolution width="320" height="256"/>
      <f>370.57655792263859</f>
      <cx>5.0450004877125707</cx>
      <cy>4.2693640549054805</cy>
    </calibration>
  </depth_map>
  <depth_map camera_id="141" level="2" path="2/d141.exr">
    <calibration type="frame">
      <resolution width="160" height="128"/>
      <f>185.28827896131929</f>
      <cx>2.5225002438562854</cx>
      <cy>2.1346820274527403</cy>
    </calibration>
  </depth_map>
  <depth_map camera_id="141" level="3" path="3/d141.exr">
    <calibration type="frame">
      <resolution width="80" height="64"/>
      <f>92.644139480659646</f>
      <cx>1.2612501219281427</cx>
      <cy>1.0673410137263701</cy>
    </calibration>
  </depth_map>
  <depth_map camera_id="165" level="0" path="0/d165.exr">
    <calibration type="frame">
      <resolution width="640" height="512"/>
      <f>741.15311584527717</f>
      <cx>10.090000975425141</cx>
      <cy>8.5387281098109611</cy>
    </calibration>
  </depth_map>
  <depth_map camera_id="165" level="1" path="1/d165.exr">
    <calibration type="frame">
      <resolution width="320" height="256"/>
      <f>370.57655792263859</f>
      <cx>5.0450004877125707</cx>
      <cy>4.2693640549054805</cy>
    </calibration>
  </depth_map>
  <depth_map camera_id="165" level="2" path="2/d165.exr">
    <calibration type="frame">
      <resolution width="160" height="128"/>
      <f>185.28827896131929</f>
      <cx>2.5225002438562854</cx>
      <cy>2.1346820274527403</cy>
    </calibration>
  </depth_map>
  <depth_map camera_id="165" level="3" path="3/d165.exr">
    <calibration type="frame">
      <resolution width="80" height="64"/>
      <f>92.644139480659646</f>
      <cx>1.2612501219281427</cx>
      <cy>1.0673410137263701</cy>
    </calibration>
  </depth_map>
  <depth_map camera_id="166" level="0" path="0/d166.exr">
    <calibration type="frame">
      <resolution width="640" height="512"/>
      <f>741.15311584527717</f>
      <cx>10.090000975425141</cx>
      <cy>8.5387281098109611</cy>
    </calibration>
  </depth_map>
  <depth_map camera_id="166" level="1" path="1/d166.exr">
    <calibration type="frame">
      <resolution width="320" height="256"/>
      <f>370.57655792263859</f>
      <cx>5.0450004877125707</cx>
      <cy>4.2693640549054805</cy>
    </calibration>
  </depth_map>
  <depth_map camera_id="166" level="2" path="2/d166.exr">
    <calibration type="frame">
      <resolution width="160" height="128"/>
      <f>185.28827896131929</f>
      <cx>2.5225002438562854</cx>
      <cy>2.1346820274527403</cy>
    </calibration>
  </depth_map>
  <depth_map camera_id="166" level="3" path="3/d166.exr">
    <calibration type="frame">
      <resolution width="80" height="64"/>
      <f>92.644139480659646</f>
      <cx>1.2612501219281427</cx>
      <cy>1.0673410137263701</cy>
    </calibration>
  </depth_map>
  <depth_map camera_id="167" level="0" path="0/d167.exr">
    <calibration type="frame">
      <resolution width="640" height="512"/>
      <f>741.15311584527717</f>
      <cx>10.090000975425141</cx>
      <cy>8.5387281098109611</cy>
    </calibration>
  </depth_map>
  <depth_map camera_id="167" level="1" path="1/d167.exr">
    <calibration type="frame">
      <resolution width="320" height="256"/>
      <f>370.57655792263859</f>
      <cx>5.0450004877125707</cx>
      <cy>4.2693640549054805</cy>
    </calibration>
  </depth_map>
  <depth_map camera_id="167" level="2" path="2/d167.exr">
    <calibration type="frame">
      <resolution width="160" height="128"/>
      <f>185.28827896131929</f>
      <cx>2.5225002438562854</cx>
      <cy>2.1346820274527403</cy>
    </calibration>
  </depth_map>
  <depth_map camera_id="167" level="3" path="3/d167.exr">
    <calibration type="frame">
      <resolution width="80" height="64"/>
      <f>92.644139480659646</f>
      <cx>1.2612501219281427</cx>
      <cy>1.0673410137263701</cy>
    </calibration>
  </depth_map>
  <depth_map camera_id="168" level="0" path="0/d168.exr">
    <calibration type="frame">
      <resolution width="640" height="512"/>
      <f>741.15311584527717</f>
      <cx>10.090000975425141</cx>
      <cy>8.5387281098109611</cy>
    </calibration>
  </depth_map>
  <depth_map camera_id="168" level="1" path="1/d168.exr">
    <calibration type="frame">
      <resolution width="320" height="256"/>
      <f>370.57655792263859</f>
      <cx>5.0450004877125707</cx>
      <cy>4.2693640549054805</cy>
    </calibration>
  </depth_map>
  <depth_map camera_id="168" level="2" path="2/d168.exr">
    <calibration type="frame">
      <resolution width="160" height="128"/>
      <f>185.28827896131929</f>
      <cx>2.5225002438562854</cx>
      <cy>2.1346820274527403</cy>
    </calibration>
  </depth_map>
  <depth_map camera_id="168" level="3" path="3/d168.exr">
    <calibration type="frame">
      <resolution width="80" height="64"/>
      <f>92.644139480659646</f>
      <cx>1.2612501219281427</cx>
      <cy>1.0673410137263701</cy>
    </calibration>
  </depth_map>
  <depth_map camera_id="169" level="0" path="0/d169.exr">
    <calibration type="frame">
      <resolution width="640" height="512"/>
      <f>741.15311584527717</f>
      <cx>10.090000975425141</cx>
      <cy>8.5387281098109611</cy>
    </calibration>
  </depth_map>
  <depth_map camera_id="169" level="1" path="1/d169.exr">
    <calibration type="frame">
      <resolution width="320" height="256"/>
      <f>370.57655792263859</f>
      <cx>5.0450004877125707</cx>
      <cy>4.2693640549054805</cy>
    </calibration>
  </depth_map>
  <depth_map camera_id="169" level="2" path="2/d169.exr">
    <calibration type="frame">
      <resolution width="160" height="128"/>
      <f>185.28827896131929</f>
      <cx>2.5225002438562854</cx>
      <cy>2.1346820274527403</cy>
    </calibration>
  </depth_map>
  <depth_map camera_id="169" level="3" path="3/d169.exr">
    <calibration type="frame">
      <resolution width="80" height="64"/>
      <f>92.644139480659646</f>
      <cx>1.2612501219281427</cx>
      <cy>1.0673410137263701</cy>
    </calibration>
  </depth_map>
  <depth_map camera_id="170" level="0" path="0/d170.exr">
    <calibration type="frame">
      <resolution width="640" height="512"/>
      <f>741.15311584527717</f>
      <cx>10.090000975425141</cx>
      <cy>8.5387281098109611</cy>
    </calibration>
  </depth_map>
  <depth_map camera_id="170" level="1" path="1/d170.exr">
    <calibration type="frame">
      <resolution width="320" height="256"/>
      <f>370.57655792263859</f>
      <cx>5.0450004877125707</cx>
      <cy>4.2693640549054805</cy>
    </calibration>
  </depth_map>
  <depth_map camera_id="170" level="2" path="2/d170.exr">
    <calibration type="frame">
      <resolution width="160" height="128"/>
      <f>185.28827896131929</f>
      <cx>2.5225002438562854</cx>
      <cy>2.1346820274527403</cy>
    </calibration>
  </depth_map>
  <depth_map camera_id="170" level="3" path="3/d170.exr">
    <calibration type="frame">
      <resolution width="80" height="64"/>
      <f>92.644139480659646</f>
      <cx>1.2612501219281427</cx>
      <cy>1.0673410137263701</cy>
    </calibration>
  </depth_map>
  <depth_map camera_id="171" level="0" path="0/d171.exr">
    <calibration type="frame">
      <resolution width="640" height="512"/>
      <f>741.15311584527717</f>
      <cx>10.090000975425141</cx>
      <cy>8.5387281098109611</cy>
    </calibration>
  </depth_map>
  <depth_map camera_id="171" level="1" path="1/d171.exr">
    <calibration type="frame">
      <resolution width="320" height="256"/>
      <f>370.57655792263859</f>
      <cx>5.0450004877125707</cx>
      <cy>4.2693640549054805</cy>
    </calibration>
  </depth_map>
  <depth_map camera_id="171" level="2" path="2/d171.exr">
    <calibration type="frame">
      <resolution width="160" height="128"/>
      <f>185.28827896131929</f>
      <cx>2.5225002438562854</cx>
      <cy>2.1346820274527403</cy>
    </calibration>
  </depth_map>
  <depth_map camera_id="171" level="3" path="3/d171.exr">
    <calibration type="frame">
      <resolution width="80" height="64"/>
      <f>92.644139480659646</f>
      <cx>1.2612501219281427</cx>
      <cy>1.0673410137263701</cy>
    </calibration>
  </depth_map>
  <depth_map camera_id="172" level="0" path="0/d172.exr">
    <calibration type="frame">
      <resolution width="640" height="512"/>
      <f>741.15311584527717</f>
      <cx>10.090000975425141</cx>
      <cy>8.5387281098109611</cy>
    </calibration>
  </depth_map>
  <depth_map camera_id="172" level="1" path="1/d172.exr">
    <calibration type="frame">
      <resolution width="320" height="256"/>
      <f>370.57655792263859</f>
      <cx>5.0450004877125707</cx>
      <cy>4.2693640549054805</cy>
    </calibration>
  </depth_map>
  <depth_map camera_id="172" level="2" path="2/d172.exr">
    <calibration type="frame">
      <resolution width="160" height="128"/>
      <f>185.28827896131929</f>
      <cx>2.5225002438562854</cx>
      <cy>2.1346820274527403</cy>
    </calibration>
  </depth_map>
  <depth_map camera_id="172" level="3" path="3/d172.exr">
    <calibration type="frame">
      <resolution width="80" height="64"/>
      <f>92.644139480659646</f>
      <cx>1.2612501219281427</cx>
      <cy>1.0673410137263701</cy>
    </calibration>
  </depth_map>
  <depth_map camera_id="182" level="0" path="0/d182.exr">
    <calibration type="frame">
      <resolution width="640" height="512"/>
      <f>741.15311584527717</f>
      <cx>10.090000975425141</cx>
      <cy>8.5387281098109611</cy>
    </calibration>
  </depth_map>
  <depth_map camera_id="182" level="1" path="1/d182.exr">
    <calibration type="frame">
      <resolution width="320" height="256"/>
      <f>370.57655792263859</f>
      <cx>5.0450004877125707</cx>
      <cy>4.2693640549054805</cy>
    </calibration>
  </depth_map>
  <depth_map camera_id="182" level="2" path="2/d182.exr">
    <calibration type="frame">
      <resolution width="160" height="128"/>
      <f>185.28827896131929</f>
      <cx>2.5225002438562854</cx>
      <cy>2.1346820274527403</cy>
    </calibration>
  </depth_map>
  <depth_map camera_id="182" level="3" path="3/d182.exr">
    <calibration type="frame">
      <resolution width="80" height="64"/>
      <f>92.644139480659646</f>
      <cx>1.2612501219281427</cx>
      <cy>1.0673410137263701</cy>
    </calibration>
  </depth_map>
  <depth_map camera_id="183" level="0" path="0/d183.exr">
    <calibration type="frame">
      <resolution width="640" height="512"/>
      <f>741.15311584527717</f>
      <cx>10.090000975425141</cx>
      <cy>8.5387281098109611</cy>
    </calibration>
  </depth_map>
  <depth_map camera_id="183" level="1" path="1/d183.exr">
    <calibration type="frame">
      <resolution width="320" height="256"/>
      <f>370.57655792263859</f>
      <cx>5.0450004877125707</cx>
      <cy>4.2693640549054805</cy>
    </calibration>
  </depth_map>
  <depth_map camera_id="183" level="2" path="2/d183.exr">
    <calibration type="frame">
      <resolution width="160" height="128"/>
      <f>185.28827896131929</f>
      <cx>2.5225002438562854</cx>
      <cy>2.1346820274527403</cy>
    </calibration>
  </depth_map>
  <depth_map camera_id="183" level="3" path="3/d183.exr">
    <calibration type="frame">
      <resolution width="80" height="64"/>
      <f>92.644139480659646</f>
      <cx>1.2612501219281427</cx>
      <cy>1.0673410137263701</cy>
    </calibration>
  </depth_map>
  <depth_map camera_id="184" level="0" path="0/d184.exr">
    <calibration type="frame">
      <resolution width="640" height="512"/>
      <f>741.15311584527717</f>
      <cx>10.090000975425141</cx>
      <cy>8.5387281098109611</cy>
    </calibration>
  </depth_map>
  <depth_map camera_id="184" level="1" path="1/d184.exr">
    <calibration type="frame">
      <resolution width="320" height="256"/>
      <f>370.57655792263859</f>
      <cx>5.0450004877125707</cx>
      <cy>4.2693640549054805</cy>
    </calibration>
  </depth_map>
  <depth_map camera_id="184" level="2" path="2/d184.exr">
    <calibration type="frame">
      <resolution width="160" height="128"/>
      <f>185.28827896131929</f>
      <cx>2.5225002438562854</cx>
      <cy>2.1346820274527403</cy>
    </calibration>
  </depth_map>
  <depth_map camera_id="184" level="3" path="3/d184.exr">
    <calibration type="frame">
      <resolution width="80" height="64"/>
      <f>92.644139480659646</f>
      <cx>1.2612501219281427</cx>
      <cy>1.0673410137263701</cy>
    </calibration>
  </depth_map>
  <depth_map camera_id="185" level="0" path="0/d185.exr">
    <calibration type="frame">
      <resolution width="640" height="512"/>
      <f>741.15311584527717</f>
      <cx>10.090000975425141</cx>
      <cy>8.5387281098109611</cy>
    </calibration>
  </depth_map>
  <depth_map camera_id="185" level="1" path="1/d185.exr">
    <calibration type="frame">
      <resolution width="320" height="256"/>
      <f>370.57655792263859</f>
      <cx>5.0450004877125707</cx>
      <cy>4.2693640549054805</cy>
    </calibration>
  </depth_map>
  <depth_map camera_id="185" level="2" path="2/d185.exr">
    <calibration type="frame">
      <resolution width="160" height="128"/>
      <f>185.28827896131929</f>
      <cx>2.5225002438562854</cx>
      <cy>2.1346820274527403</cy>
    </calibration>
  </depth_map>
  <depth_map camera_id="185" level="3" path="3/d185.exr">
    <calibration type="frame">
      <resolution width="80" height="64"/>
      <f>92.644139480659646</f>
      <cx>1.2612501219281427</cx>
      <cy>1.0673410137263701</cy>
    </calibration>
  </depth_map>
  <depth_map camera_id="186" level="0" path="0/d186.exr">
    <calibration type="frame">
      <resolution width="640" height="512"/>
      <f>741.15311584527717</f>
      <cx>10.090000975425141</cx>
      <cy>8.5387281098109611</cy>
    </calibration>
  </depth_map>
  <depth_map camera_id="186" level="1" path="1/d186.exr">
    <calibration type="frame">
      <resolution width="320" height="256"/>
      <f>370.57655792263859</f>
      <cx>5.0450004877125707</cx>
      <cy>4.2693640549054805</cy>
    </calibration>
  </depth_map>
  <depth_map camera_id="186" level="2" path="2/d186.exr">
    <calibration type="frame">
      <resolution width="160" height="128"/>
      <f>185.28827896131929</f>
      <cx>2.5225002438562854</cx>
      <cy>2.1346820274527403</cy>
    </calibration>
  </depth_map>
  <depth_map camera_id="186" level="3" path="3/d186.exr">
    <calibration type="frame">
      <resolution width="80" height="64"/>
      <f>92.644139480659646</f>
      <cx>1.2612501219281427</cx>
      <cy>1.0673410137263701</cy>
    </calibration>
  </depth_map>
  <depth_map camera_id="187" level="0" path="0/d187.exr">
    <calibration type="frame">
      <resolution width="640" height="512"/>
      <f>741.15311584527717</f>
      <cx>10.090000975425141</cx>
      <cy>8.5387281098109611</cy>
    </calibration>
  </depth_map>
  <depth_map camera_id="187" level="1" path="1/d187.exr">
    <calibration type="frame">
      <resolution width="320" height="256"/>
      <f>370.57655792263859</f>
      <cx>5.0450004877125707</cx>
      <cy>4.2693640549054805</cy>
    </calibration>
  </depth_map>
  <depth_map camera_id="187" level="2" path="2/d187.exr">
    <calibration type="frame">
      <resolution width="160" height="128"/>
      <f>185.28827896131929</f>
      <cx>2.5225002438562854</cx>
      <cy>2.1346820274527403</cy>
    </calibration>
  </depth_map>
  <depth_map camera_id="187" level="3" path="3/d187.exr">
    <calibration type="frame">
      <resolution width="80" height="64"/>
      <f>92.644139480659646</f>
      <cx>1.2612501219281427</cx>
      <cy>1.0673410137263701</cy>
    </calibration>
  </depth_map>
  <depth_map camera_id="188" level="0" path="0/d188.exr">
    <calibration type="frame">
      <resolution width="640" height="512"/>
      <f>741.15311584527717</f>
      <cx>10.090000975425141</cx>
      <cy>8.5387281098109611</cy>
    </calibration>
  </depth_map>
  <depth_map camera_id="188" level="1" path="1/d188.exr">
    <calibration type="frame">
      <resolution width="320" height="256"/>
      <f>370.57655792263859</f>
      <cx>5.0450004877125707</cx>
      <cy>4.2693640549054805</cy>
    </calibration>
  </depth_map>
  <depth_map camera_id="188" level="2" path="2/d188.exr">
    <calibration type="frame">
      <resolution width="160" height="128"/>
      <f>185.28827896131929</f>
      <cx>2.5225002438562854</cx>
      <cy>2.1346820274527403</cy>
    </calibration>
  </depth_map>
  <depth_map camera_id="188" level="3" path="3/d188.exr">
    <calibration type="frame">
      <resolution width="80" height="64"/>
      <f>92.644139480659646</f>
      <cx>1.2612501219281427</cx>
      <cy>1.0673410137263701</cy>
    </calibration>
  </depth_map>
  <depth_map camera_id="212" level="0" path="0/d212.exr">
    <calibration type="frame">
      <resolution width="640" height="512"/>
      <f>741.15311584527717</f>
      <cx>10.090000975425141</cx>
      <cy>8.5387281098109611</cy>
    </calibration>
  </depth_map>
  <depth_map camera_id="212" level="1" path="1/d212.exr">
    <calibration type="frame">
      <resolution width="320" height="256"/>
      <f>370.57655792263859</f>
      <cx>5.0450004877125707</cx>
      <cy>4.2693640549054805</cy>
    </calibration>
  </depth_map>
  <depth_map camera_id="212" level="2" path="2/d212.exr">
    <calibration type="frame">
      <resolution width="160" height="128"/>
      <f>185.28827896131929</f>
      <cx>2.5225002438562854</cx>
      <cy>2.1346820274527403</cy>
    </calibration>
  </depth_map>
  <depth_map camera_id="212" level="3" path="3/d212.exr">
    <calibration type="frame">
      <resolution width="80" height="64"/>
      <f>92.644139480659646</f>
      <cx>1.2612501219281427</cx>
      <cy>1.0673410137263701</cy>
    </calibration>
  </depth_map>
  <depth_map camera_id="213" level="0" path="0/d213.exr">
    <calibration type="frame">
      <resolution width="640" height="512"/>
      <f>741.15311584527717</f>
      <cx>10.090000975425141</cx>
      <cy>8.5387281098109611</cy>
    </calibration>
  </depth_map>
  <depth_map camera_id="213" level="1" path="1/d213.exr">
    <calibration type="frame">
      <resolution width="320" height="256"/>
      <f>370.57655792263859</f>
      <cx>5.0450004877125707</cx>
      <cy>4.2693640549054805</cy>
    </calibration>
  </depth_map>
  <depth_map camera_id="213" level="2" path="2/d213.exr">
    <calibration type="frame">
      <resolution width="160" height="128"/>
      <f>185.28827896131929</f>
      <cx>2.5225002438562854</cx>
      <cy>2.1346820274527403</cy>
    </calibration>
  </depth_map>
  <depth_map camera_id="213" level="3" path="3/d213.exr">
    <calibration type="frame">
      <resolution width="80" height="64"/>
      <f>92.644139480659646</f>
      <cx>1.2612501219281427</cx>
      <cy>1.0673410137263701</cy>
    </calibration>
  </depth_map>
  <depth_map camera_id="214" level="0" path="0/d214.exr">
    <calibration type="frame">
      <resolution width="640" height="512"/>
      <f>741.15311584527717</f>
      <cx>10.090000975425141</cx>
      <cy>8.5387281098109611</cy>
    </calibration>
  </depth_map>
  <depth_map camera_id="214" level="1" path="1/d214.exr">
    <calibration type="frame">
      <resolution width="320" height="256"/>
      <f>370.57655792263859</f>
      <cx>5.0450004877125707</cx>
      <cy>4.2693640549054805</cy>
    </calibration>
  </depth_map>
  <depth_map camera_id="214" level="2" path="2/d214.exr">
    <calibration type="frame">
      <resolution width="160" height="128"/>
      <f>185.28827896131929</f>
      <cx>2.5225002438562854</cx>
      <cy>2.1346820274527403</cy>
    </calibration>
  </depth_map>
  <depth_map camera_id="214" level="3" path="3/d214.exr">
    <calibration type="frame">
      <resolution width="80" height="64"/>
      <f>92.644139480659646</f>
      <cx>1.2612501219281427</cx>
      <cy>1.0673410137263701</cy>
    </calibration>
  </depth_map>
  <depth_map camera_id="215" level="0" path="0/d215.exr">
    <calibration type="frame">
      <resolution width="640" height="512"/>
      <f>741.15311584527717</f>
      <cx>10.090000975425141</cx>
      <cy>8.5387281098109611</cy>
    </calibration>
  </depth_map>
  <depth_map camera_id="215" level="1" path="1/d215.exr">
    <calibration type="frame">
      <resolution width="320" height="256"/>
      <f>370.57655792263859</f>
      <cx>5.0450004877125707</cx>
      <cy>4.2693640549054805</cy>
    </calibration>
  </depth_map>
  <depth_map camera_id="215" level="2" path="2/d215.exr">
    <calibration type="frame">
      <resolution width="160" height="128"/>
      <f>185.28827896131929</f>
      <cx>2.5225002438562854</cx>
      <cy>2.1346820274527403</cy>
    </calibration>
  </depth_map>
  <depth_map camera_id="215" level="3" path="3/d215.exr">
    <calibration type="frame">
      <resolution width="80" height="64"/>
      <f>92.644139480659646</f>
      <cx>1.2612501219281427</cx>
      <cy>1.0673410137263701</cy>
    </calibration>
  </depth_map>
  <depth_map camera_id="216" level="0" path="0/d216.exr">
    <calibration type="frame">
      <resolution width="640" height="512"/>
      <f>741.15311584527717</f>
      <cx>10.090000975425141</cx>
      <cy>8.5387281098109611</cy>
    </calibration>
  </depth_map>
  <depth_map camera_id="216" level="1" path="1/d216.exr">
    <calibration type="frame">
      <resolution width="320" height="256"/>
      <f>370.57655792263859</f>
      <cx>5.0450004877125707</cx>
      <cy>4.2693640549054805</cy>
    </calibration>
  </depth_map>
  <depth_map camera_id="216" level="2" path="2/d216.exr">
    <calibration type="frame">
      <resolution width="160" height="128"/>
      <f>185.28827896131929</f>
      <cx>2.5225002438562854</cx>
      <cy>2.1346820274527403</cy>
    </calibration>
  </depth_map>
  <depth_map camera_id="216" level="3" path="3/d216.exr">
    <calibration type="frame">
      <resolution width="80" height="64"/>
      <f>92.644139480659646</f>
      <cx>1.2612501219281427</cx>
      <cy>1.0673410137263701</cy>
    </calibration>
  </depth_map>
  <depth_map camera_id="217" level="0" path="0/d217.exr">
    <calibration type="frame">
      <resolution width="640" height="512"/>
      <f>741.15311584527717</f>
      <cx>10.090000975425141</cx>
      <cy>8.5387281098109611</cy>
    </calibration>
  </depth_map>
  <depth_map camera_id="217" level="1" path="1/d217.exr">
    <calibration type="frame">
      <resolution width="320" height="256"/>
      <f>370.57655792263859</f>
      <cx>5.0450004877125707</cx>
      <cy>4.2693640549054805</cy>
    </calibration>
  </depth_map>
  <depth_map camera_id="217" level="2" path="2/d217.exr">
    <calibration type="frame">
      <resolution width="160" height="128"/>
      <f>185.28827896131929</f>
      <cx>2.5225002438562854</cx>
      <cy>2.1346820274527403</cy>
    </calibration>
  </depth_map>
  <depth_map camera_id="217" level="3" path="3/d217.exr">
    <calibration type="frame">
      <resolution width="80" height="64"/>
      <f>92.644139480659646</f>
      <cx>1.2612501219281427</cx>
      <cy>1.0673410137263701</cy>
    </calibration>
  </depth_map>
  <depth_map camera_id="218" level="0" path="0/d218.exr">
    <calibration type="frame">
      <resolution width="640" height="512"/>
      <f>741.15311584527717</f>
      <cx>10.090000975425141</cx>
      <cy>8.5387281098109611</cy>
    </calibration>
  </depth_map>
  <depth_map camera_id="218" level="1" path="1/d218.exr">
    <calibration type="frame">
      <resolution width="320" height="256"/>
      <f>370.57655792263859</f>
      <cx>5.0450004877125707</cx>
      <cy>4.2693640549054805</cy>
    </calibration>
  </depth_map>
  <depth_map camera_id="218" level="2" path="2/d218.exr">
    <calibration type="frame">
      <resolution width="160" height="128"/>
      <f>185.28827896131929</f>
      <cx>2.5225002438562854</cx>
      <cy>2.1346820274527403</cy>
    </calibration>
  </depth_map>
  <depth_map camera_id="218" level="3" path="3/d218.exr">
    <calibration type="frame">
      <resolution width="80" height="64"/>
      <f>92.644139480659646</f>
      <cx>1.2612501219281427</cx>
      <cy>1.0673410137263701</cy>
    </calibration>
  </depth_map>
  <depth_map camera_id="219" level="0" path="0/d219.exr">
    <calibration type="frame">
      <resolution width="640" height="512"/>
      <f>741.15311584527717</f>
      <cx>10.090000975425141</cx>
      <cy>8.5387281098109611</cy>
    </calibration>
  </depth_map>
  <depth_map camera_id="219" level="1" path="1/d219.exr">
    <calibration type="frame">
      <resolution width="320" height="256"/>
      <f>370.57655792263859</f>
      <cx>5.0450004877125707</cx>
      <cy>4.2693640549054805</cy>
    </calibration>
  </depth_map>
  <depth_map camera_id="219" level="2" path="2/d219.exr">
    <calibration type="frame">
      <resolution width="160" height="128"/>
      <f>185.28827896131929</f>
      <cx>2.5225002438562854</cx>
      <cy>2.1346820274527403</cy>
    </calibration>
  </depth_map>
  <depth_map camera_id="219" level="3" path="3/d219.exr">
    <calibration type="frame">
      <resolution width="80" height="64"/>
      <f>92.644139480659646</f>
      <cx>1.2612501219281427</cx>
      <cy>1.0673410137263701</cy>
    </calibration>
  </depth_map>
  <depth_map camera_id="229" level="0" path="0/d229.exr">
    <calibration type="frame">
      <resolution width="640" height="512"/>
      <f>741.15311584527717</f>
      <cx>10.090000975425141</cx>
      <cy>8.5387281098109611</cy>
    </calibration>
  </depth_map>
  <depth_map camera_id="229" level="1" path="1/d229.exr">
    <calibration type="frame">
      <resolution width="320" height="256"/>
      <f>370.57655792263859</f>
      <cx>5.0450004877125707</cx>
      <cy>4.2693640549054805</cy>
    </calibration>
  </depth_map>
  <depth_map camera_id="229" level="2" path="2/d229.exr">
    <calibration type="frame">
      <resolution width="160" height="128"/>
      <f>185.28827896131929</f>
      <cx>2.5225002438562854</cx>
      <cy>2.1346820274527403</cy>
    </calibration>
  </depth_map>
  <depth_map camera_id="229" level="3" path="3/d229.exr">
    <calibration type="frame">
      <resolution width="80" height="64"/>
      <f>92.644139480659646</f>
      <cx>1.2612501219281427</cx>
      <cy>1.0673410137263701</cy>
    </calibration>
  </depth_map>
  <depth_map camera_id="230" level="0" path="0/d230.exr">
    <calibration type="frame">
      <resolution width="640" height="512"/>
      <f>741.15311584527717</f>
      <cx>10.090000975425141</cx>
      <cy>8.5387281098109611</cy>
    </calibration>
  </depth_map>
  <depth_map camera_id="230" level="1" path="1/d230.exr">
    <calibration type="frame">
      <resolution width="320" height="256"/>
      <f>370.57655792263859</f>
      <cx>5.0450004877125707</cx>
      <cy>4.2693640549054805</cy>
    </calibration>
  </depth_map>
  <depth_map camera_id="230" level="2" path="2/d230.exr">
    <calibration type="frame">
      <resolution width="160" height="128"/>
      <f>185.28827896131929</f>
      <cx>2.5225002438562854</cx>
      <cy>2.1346820274527403</cy>
    </calibration>
  </depth_map>
  <depth_map camera_id="230" level="3" path="3/d230.exr">
    <calibration type="frame">
      <resolution width="80" height="64"/>
      <f>92.644139480659646</f>
      <cx>1.2612501219281427</cx>
      <cy>1.0673410137263701</cy>
    </calibration>
  </depth_map>
  <depth_map camera_id="231" level="0" path="0/d231.exr">
    <calibration type="frame">
      <resolution width="640" height="512"/>
      <f>741.15311584527717</f>
      <cx>10.090000975425141</cx>
      <cy>8.5387281098109611</cy>
    </calibration>
  </depth_map>
  <depth_map camera_id="231" level="1" path="1/d231.exr">
    <calibration type="frame">
      <resolution width="320" height="256"/>
      <f>370.57655792263859</f>
      <cx>5.0450004877125707</cx>
      <cy>4.2693640549054805</cy>
    </calibration>
  </depth_map>
  <depth_map camera_id="231" level="2" path="2/d231.exr">
    <calibration type="frame">
      <resolution width="160" height="128"/>
      <f>185.28827896131929</f>
      <cx>2.5225002438562854</cx>
      <cy>2.1346820274527403</cy>
    </calibration>
  </depth_map>
  <depth_map camera_id="231" level="3" path="3/d231.exr">
    <calibration type="frame">
      <resolution width="80" height="64"/>
      <f>92.644139480659646</f>
      <cx>1.2612501219281427</cx>
      <cy>1.0673410137263701</cy>
    </calibration>
  </depth_map>
  <depth_map camera_id="232" level="0" path="0/d232.exr">
    <calibration type="frame">
      <resolution width="640" height="512"/>
      <f>741.15311584527717</f>
      <cx>10.090000975425141</cx>
      <cy>8.5387281098109611</cy>
    </calibration>
  </depth_map>
  <depth_map camera_id="232" level="1" path="1/d232.exr">
    <calibration type="frame">
      <resolution width="320" height="256"/>
      <f>370.57655792263859</f>
      <cx>5.0450004877125707</cx>
      <cy>4.2693640549054805</cy>
    </calibration>
  </depth_map>
  <depth_map camera_id="232" level="2" path="2/d232.exr">
    <calibration type="frame">
      <resolution width="160" height="128"/>
      <f>185.28827896131929</f>
      <cx>2.5225002438562854</cx>
      <cy>2.1346820274527403</cy>
    </calibration>
  </depth_map>
  <depth_map camera_id="232" level="3" path="3/d232.exr">
    <calibration type="frame">
      <resolution width="80" height="64"/>
      <f>92.644139480659646</f>
      <cx>1.2612501219281427</cx>
      <cy>1.0673410137263701</cy>
    </calibration>
  </depth_map>
  <depth_map camera_id="233" level="0" path="0/d233.exr">
    <calibration type="frame">
      <resolution width="640" height="512"/>
      <f>741.15311584527717</f>
      <cx>10.090000975425141</cx>
      <cy>8.5387281098109611</cy>
    </calibration>
  </depth_map>
  <depth_map camera_id="233" level="1" path="1/d233.exr">
    <calibration type="frame">
      <resolution width="320" height="256"/>
      <f>370.57655792263859</f>
      <cx>5.0450004877125707</cx>
      <cy>4.2693640549054805</cy>
    </calibration>
  </depth_map>
  <depth_map camera_id="233" level="2" path="2/d233.exr">
    <calibration type="frame">
      <resolution width="160" height="128"/>
      <f>185.28827896131929</f>
      <cx>2.5225002438562854</cx>
      <cy>2.1346820274527403</cy>
    </calibration>
  </depth_map>
  <depth_map camera_id="233" level="3" path="3/d233.exr">
    <calibration type="frame">
      <resolution width="80" height="64"/>
      <f>92.644139480659646</f>
      <cx>1.2612501219281427</cx>
      <cy>1.0673410137263701</cy>
    </calibration>
  </depth_map>
</depth_maps>
