<?xml version="1.0" encoding="UTF-8"?>
<orthomosaic version="1.2.0">
  <images level_count="10">
    <image id="153">
      <extent>
        <left>2507625.8226056537</left>
        <top>1139233.0896956832</top>
        <right>2507664.725855499</right>
        <bottom>1139193.2734621388</bottom>
      </extent>
      <center>
        <x>2507645.3074646853</x>
        <y>1139214.8548995291</y>
      </center>
      <pyramid>
        <level index="0" path="0/c153.tif" mask="0/m153.tif"/>
        <level index="1" path="1/c153.tif" mask="1/m153.tif"/>
        <level index="2" path="2/c153.tif" mask="2/m153.tif"/>
        <level index="3" path="3/c153.tif" mask="3/m153.tif"/>
        <level index="4" path="4/c153.tif" mask="4/m153.tif"/>
        <level index="5" path="5/c153.tif" mask="5/m153.tif"/>
        <level index="6" path="6/c153.tif" mask="6/m153.tif"/>
        <level index="7" path="7/c153.tif" mask="7/m153.tif"/>
        <level index="8" path="8/c153.tif" mask="8/m153.tif"/>
        <level index="9" path="9/c153.tif" mask="9/m153.tif"/>
      </pyramid>
    </image>
    <image id="154">
      <extent>
        <left>2507622.9314906066</left>
        <top>1139229.7420887866</top>
        <right>2507661.2260846524</right>
        <bottom>1139189.9765765588</bottom>
      </extent>
      <center>
        <x>2507642.0372883622</x>
        <y>1139211.5912544122</y>
      </center>
      <pyramid>
        <level index="0" path="0/c154.tif" mask="0/m154.tif"/>
        <level index="1" path="1/c154.tif" mask="1/m154.tif"/>
        <level index="2" path="2/c154.tif" mask="2/m154.tif"/>
        <level index="3" path="3/c154.tif" mask="3/m154.tif"/>
        <level index="4" path="4/c154.tif" mask="4/m154.tif"/>
        <level index="5" path="5/c154.tif" mask="5/m154.tif"/>
        <level index="6" path="6/c154.tif" mask="6/m154.tif"/>
        <level index="7" path="7/c154.tif" mask="7/m154.tif"/>
        <level index="8" path="8/c154.tif" mask="8/m154.tif"/>
        <level index="9" path="9/c154.tif" mask="9/m154.tif"/>
      </pyramid>
    </image>
    <image id="150">
      <extent>
        <left>2507634.8002786948</left>
        <top>1139234.2055646488</top>
        <right>2507674.109299073</right>
        <bottom>1139193.7806753051</bottom>
      </extent>
      <center>
        <x>2507654.4324553758</x>
        <y>1139215.2945360311</y>
      </center>
      <pyramid>
        <level index="0" path="0/c150.tif" mask="0/m150.tif"/>
        <level index="1" path="1/c150.tif" mask="1/m150.tif"/>
        <level index="2" path="2/c150.tif" mask="2/m150.tif"/>
        <level index="3" path="3/c150.tif" mask="3/m150.tif"/>
        <level index="4" path="4/c150.tif" mask="4/m150.tif"/>
        <level index="5" path="5/c150.tif" mask="5/m150.tif"/>
        <level index="6" path="6/c150.tif" mask="6/m150.tif"/>
        <level index="7" path="7/c150.tif" mask="7/m150.tif"/>
        <level index="8" path="8/c150.tif" mask="8/m150.tif"/>
        <level index="9" path="9/c150.tif" mask="9/m150.tif"/>
      </pyramid>
    </image>
    <image id="151">
      <extent>
        <left>2507630.1339175664</left>
        <top>1139234.2055646488</top>
        <right>2507669.2400526782</right>
        <bottom>1139197.3818887849</bottom>
      </extent>
      <center>
        <x>2507649.5216726065</x>
        <y>1139218.7881579201</y>
      </center>
      <pyramid>
        <level index="0" path="0/c151.tif" mask="0/m151.tif"/>
        <level index="1" path="1/c151.tif" mask="1/m151.tif"/>
        <level index="2" path="2/c151.tif" mask="2/m151.tif"/>
        <level index="3" path="3/c151.tif" mask="3/m151.tif"/>
        <level index="4" path="4/c151.tif" mask="4/m151.tif"/>
        <level index="5" path="5/c151.tif" mask="5/m151.tif"/>
        <level index="6" path="6/c151.tif" mask="6/m151.tif"/>
        <level index="7" path="7/c151.tif" mask="7/m151.tif"/>
        <level index="8" path="8/c151.tif" mask="8/m151.tif"/>
        <level index="9" path="9/c151.tif" mask="9/m151.tif"/>
      </pyramid>
    </image>
    <image id="155">
      <extent>
        <left>2507623.9459169391</left>
        <top>1139230.1478593196</top>
        <right>2507662.3926749346</right>
        <bottom>1139190.1287405088</bottom>
      </extent>
      <center>
        <x>2507643.5712357871</x>
        <y>1139211.5270756886</y>
      </center>
      <pyramid>
        <level index="0" path="0/c155.tif" mask="0/m155.tif"/>
        <level index="1" path="1/c155.tif" mask="1/m155.tif"/>
        <level index="2" path="2/c155.tif" mask="2/m155.tif"/>
        <level index="3" path="3/c155.tif" mask="3/m155.tif"/>
        <level index="4" path="4/c155.tif" mask="4/m155.tif"/>
        <level index="5" path="5/c155.tif" mask="5/m155.tif"/>
        <level index="6" path="6/c155.tif" mask="6/m155.tif"/>
        <level index="7" path="7/c155.tif" mask="7/m155.tif"/>
        <level index="8" path="8/c155.tif" mask="8/m155.tif"/>
        <level index="9" path="9/c155.tif" mask="9/m155.tif"/>
      </pyramid>
    </image>
    <image id="156">
      <extent>
        <left>2507629.3730978169</left>
        <top>1139226.4452032065</top>
        <right>2507668.2256263457</right>
        <bottom>1139185.8174285963</bottom>
      </extent>
      <center>
        <x>2507648.9305991828</x>
        <y>1139207.5607365812</y>
      </center>
      <pyramid>
        <level index="0" path="0/c156.tif" mask="0/m156.tif"/>
        <level index="1" path="1/c156.tif" mask="1/m156.tif"/>
        <level index="2" path="2/c156.tif" mask="2/m156.tif"/>
        <level index="3" path="3/c156.tif" mask="3/m156.tif"/>
        <level index="4" path="4/c156.tif" mask="4/m156.tif"/>
        <level index="5" path="5/c156.tif" mask="5/m156.tif"/>
        <level index="6" path="6/c156.tif" mask="6/m156.tif"/>
        <level index="7" path="7/c156.tif" mask="7/m156.tif"/>
        <level index="8" path="8/c156.tif" mask="8/m156.tif"/>
        <level index="9" path="9/c156.tif" mask="9/m156.tif"/>
      </pyramid>
    </image>
    <image id="157">
      <extent>
        <left>2507634.0901802625</left>
        <top>1139222.9961536764</top>
        <right>2507672.9427087912</right>
        <bottom>1139182.5712643326</bottom>
      </extent>
      <center>
        <x>2507653.7910873368</x>
        <y>1139204.1284612613</y>
      </center>
      <pyramid>
        <level index="0" path="0/c157.tif" mask="0/m157.tif"/>
        <level index="1" path="1/c157.tif" mask="1/m157.tif"/>
        <level index="2" path="2/c157.tif" mask="2/m157.tif"/>
        <level index="3" path="3/c157.tif" mask="3/m157.tif"/>
        <level index="4" path="4/c157.tif" mask="4/m157.tif"/>
        <level index="5" path="5/c157.tif" mask="5/m157.tif"/>
        <level index="6" path="6/c157.tif" mask="6/m157.tif"/>
        <level index="7" path="7/c157.tif" mask="7/m157.tif"/>
        <level index="8" path="8/c157.tif" mask="8/m157.tif"/>
        <level index="9" path="9/c157.tif" mask="9/m157.tif"/>
      </pyramid>
    </image>
    <image id="158">
      <extent>
        <left>2507638.7058200743</left>
        <top>1139219.6485467798</top>
        <right>2507677.8119551861</right>
        <bottom>1139179.1729361194</bottom>
      </extent>
      <center>
        <x>2507658.6241572164</x>
        <y>1139200.8194985585</y>
      </center>
      <pyramid>
        <level index="0" path="0/c158.tif" mask="0/m158.tif"/>
        <level index="1" path="1/c158.tif" mask="1/m158.tif"/>
        <level index="2" path="2/c158.tif" mask="2/m158.tif"/>
        <level index="3" path="3/c158.tif" mask="3/m158.tif"/>
        <level index="4" path="4/c158.tif" mask="4/m158.tif"/>
        <level index="5" path="5/c158.tif" mask="5/m158.tif"/>
        <level index="6" path="6/c158.tif" mask="6/m158.tif"/>
        <level index="7" path="7/c158.tif" mask="7/m158.tif"/>
        <level index="8" path="8/c158.tif" mask="8/m158.tif"/>
        <level index="9" path="9/c158.tif" mask="9/m158.tif"/>
      </pyramid>
    </image>
    <image id="146">
      <extent>
        <left>2507653.5671658432</left>
        <top>1139220.6122517956</top>
        <right>2507693.2819567542</right>
        <bottom>1139179.8830345522</bottom>
      </extent>
      <center>
        <x>2507673.7507214826</x>
        <y>1139201.1673261044</y>
      </center>
      <pyramid>
        <level index="0" path="0/c146.tif" mask="0/m146.tif"/>
        <level index="1" path="1/c146.tif" mask="1/m146.tif"/>
        <level index="2" path="2/c146.tif" mask="2/m146.tif"/>
        <level index="3" path="3/c146.tif" mask="3/m146.tif"/>
        <level index="4" path="4/c146.tif" mask="4/m146.tif"/>
        <level index="5" path="5/c146.tif" mask="5/m146.tif"/>
        <level index="6" path="6/c146.tif" mask="6/m146.tif"/>
        <level index="7" path="7/c146.tif" mask="7/m146.tif"/>
        <level index="8" path="8/c146.tif" mask="8/m146.tif"/>
        <level index="9" path="9/c146.tif" mask="9/m146.tif"/>
      </pyramid>
    </image>
    <image id="149">
      <extent>
        <left>2507639.6695250901</left>
        <top>1139230.6550724856</top>
        <right>2507679.1307094181</right>
        <bottom>1139190.2809044584</bottom>
      </extent>
      <center>
        <x>2507659.2411275338</x>
        <y>1139211.7082396573</y>
      </center>
      <pyramid>
        <level index="0" path="0/c149.tif" mask="0/m149.tif"/>
        <level index="1" path="1/c149.tif" mask="1/m149.tif"/>
        <level index="2" path="2/c149.tif" mask="2/m149.tif"/>
        <level index="3" path="3/c149.tif" mask="3/m149.tif"/>
        <level index="4" path="4/c149.tif" mask="4/m149.tif"/>
        <level index="5" path="5/c149.tif" mask="5/m149.tif"/>
        <level index="6" path="6/c149.tif" mask="6/m149.tif"/>
        <level index="7" path="7/c149.tif" mask="7/m149.tif"/>
        <level index="8" path="8/c149.tif" mask="8/m149.tif"/>
        <level index="9" path="9/c149.tif" mask="9/m149.tif"/>
      </pyramid>
    </image>
    <image id="143">
      <extent>
        <left>2507667.8705771295</left>
        <top>1139210.4172671554</top>
        <right>2507707.3824827741</right>
        <bottom>1139169.5866072788</bottom>
      </extent>
      <center>
        <x>2507688.239016844</x>
        <y>1139190.9507094629</y>
      </center>
      <pyramid>
        <level index="0" path="0/c143.tif" mask="0/m143.tif"/>
        <level index="1" path="1/c143.tif" mask="1/m143.tif"/>
        <level index="2" path="2/c143.tif" mask="2/m143.tif"/>
        <level index="3" path="3/c143.tif" mask="3/m143.tif"/>
        <level index="4" path="4/c143.tif" mask="4/m143.tif"/>
        <level index="5" path="5/c143.tif" mask="5/m143.tif"/>
        <level index="6" path="6/c143.tif" mask="6/m143.tif"/>
        <level index="7" path="7/c143.tif" mask="7/m143.tif"/>
        <level index="8" path="8/c143.tif" mask="8/m143.tif"/>
        <level index="9" path="9/c143.tif" mask="9/m143.tif"/>
      </pyramid>
    </image>
    <image id="148">
      <extent>
        <left>2507644.1837222693</left>
        <top>1139227.3581869055</top>
        <right>2507683.6956279138</right>
        <bottom>1139186.6796909787</bottom>
      </extent>
      <center>
        <x>2507663.9985003751</x>
        <y>1139208.2165854576</y>
      </center>
      <pyramid>
        <level index="0" path="0/c148.tif" mask="0/m148.tif"/>
        <level index="1" path="1/c148.tif" mask="1/m148.tif"/>
        <level index="2" path="2/c148.tif" mask="2/m148.tif"/>
        <level index="3" path="3/c148.tif" mask="3/m148.tif"/>
        <level index="4" path="4/c148.tif" mask="4/m148.tif"/>
        <level index="5" path="5/c148.tif" mask="5/m148.tif"/>
        <level index="6" path="6/c148.tif" mask="6/m148.tif"/>
        <level index="7" path="7/c148.tif" mask="7/m148.tif"/>
        <level index="8" path="8/c148.tif" mask="8/m148.tif"/>
        <level index="9" path="9/c148.tif" mask="9/m148.tif"/>
      </pyramid>
    </image>
    <image id="161">
      <extent>
        <left>2507653.1613953104</left>
        <top>1139209.7071687228</top>
        <right>2507692.3689730554</right>
        <bottom>1139169.0793941126</bottom>
      </extent>
      <center>
        <x>2507673.4361370075</x>
        <y>1139190.594533276</y>
      </center>
      <pyramid>
        <level index="0" path="0/c161.tif" mask="0/m161.tif"/>
        <level index="1" path="1/c161.tif" mask="1/m161.tif"/>
        <level index="2" path="2/c161.tif" mask="2/m161.tif"/>
        <level index="3" path="3/c161.tif" mask="3/m161.tif"/>
        <level index="4" path="4/c161.tif" mask="4/m161.tif"/>
        <level index="5" path="5/c161.tif" mask="5/m161.tif"/>
        <level index="6" path="6/c161.tif" mask="6/m161.tif"/>
        <level index="7" path="7/c161.tif" mask="7/m161.tif"/>
        <level index="8" path="8/c161.tif" mask="8/m161.tif"/>
        <level index="9" path="9/c161.tif" mask="9/m161.tif"/>
      </pyramid>
    </image>
    <image id="162">
      <extent>
        <left>2507658.8421827713</left>
        <top>1139205.8523486599</top>
        <right>2507698.2019244661</right>
        <bottom>1139165.0724100999</bottom>
      </extent>
      <center>
        <x>2507679.1775317416</x>
        <y>1139186.6449285161</y>
      </center>
      <pyramid>
        <level index="0" path="0/c162.tif" mask="0/m162.tif"/>
        <level index="1" path="1/c162.tif" mask="1/m162.tif"/>
        <level index="2" path="2/c162.tif" mask="2/m162.tif"/>
        <level index="3" path="3/c162.tif" mask="3/m162.tif"/>
        <level index="4" path="4/c162.tif" mask="4/m162.tif"/>
        <level index="5" path="5/c162.tif" mask="5/m162.tif"/>
        <level index="6" path="6/c162.tif" mask="6/m162.tif"/>
        <level index="7" path="7/c162.tif" mask="7/m162.tif"/>
        <level index="8" path="8/c162.tif" mask="8/m162.tif"/>
        <level index="9" path="9/c162.tif" mask="9/m162.tif"/>
      </pyramid>
    </image>
    <image id="142">
      <extent>
        <left>2507672.6891022078</left>
        <top>1139207.0696602587</top>
        <right>2507712.3024504855</right>
        <bottom>1139166.3404430153</bottom>
      </extent>
      <center>
        <x>2507693.0492595341</x>
        <y>1139187.5432243703</y>
      </center>
      <pyramid>
        <level index="0" path="0/c142.tif" mask="0/m142.tif"/>
        <level index="1" path="1/c142.tif" mask="1/m142.tif"/>
        <level index="2" path="2/c142.tif" mask="2/m142.tif"/>
        <level index="3" path="3/c142.tif" mask="3/m142.tif"/>
        <level index="4" path="4/c142.tif" mask="4/m142.tif"/>
        <level index="5" path="5/c142.tif" mask="5/m142.tif"/>
        <level index="6" path="6/c142.tif" mask="6/m142.tif"/>
        <level index="7" path="7/c142.tif" mask="7/m142.tif"/>
        <level index="8" path="8/c142.tif" mask="8/m142.tif"/>
        <level index="9" path="9/c142.tif" mask="9/m142.tif"/>
      </pyramid>
    </image>
    <image id="159">
      <extent>
        <left>2507643.3721812032</left>
        <top>1139216.4531038329</top>
        <right>2507682.6812015814</right>
        <bottom>1139175.7238865895</bottom>
      </extent>
      <center>
        <x>2507663.525382461</x>
        <y>1139197.4062683228</y>
      </center>
      <pyramid>
        <level index="0" path="0/c159.tif" mask="0/m159.tif"/>
        <level index="1" path="1/c159.tif" mask="1/m159.tif"/>
        <level index="2" path="2/c159.tif" mask="2/m159.tif"/>
        <level index="3" path="3/c159.tif" mask="3/m159.tif"/>
        <level index="4" path="4/c159.tif" mask="4/m159.tif"/>
        <level index="5" path="5/c159.tif" mask="5/m159.tif"/>
        <level index="6" path="6/c159.tif" mask="6/m159.tif"/>
        <level index="7" path="7/c159.tif" mask="7/m159.tif"/>
        <level index="8" path="8/c159.tif" mask="8/m159.tif"/>
        <level index="9" path="9/c159.tif" mask="9/m159.tif"/>
      </pyramid>
    </image>
    <image id="145">
      <extent>
        <left>2507658.2842482887</left>
        <top>1139217.2646448987</top>
        <right>2507697.7961539333</right>
        <bottom>1139176.4847063387</bottom>
      </extent>
      <center>
        <x>2507678.5364977308</x>
        <y>1139197.7773973048</y>
      </center>
      <pyramid>
        <level index="0" path="0/c145.tif" mask="0/m145.tif"/>
        <level index="1" path="1/c145.tif" mask="1/m145.tif"/>
        <level index="2" path="2/c145.tif" mask="2/m145.tif"/>
        <level index="3" path="3/c145.tif" mask="3/m145.tif"/>
        <level index="4" path="4/c145.tif" mask="4/m145.tif"/>
        <level index="5" path="5/c145.tif" mask="5/m145.tif"/>
        <level index="6" path="6/c145.tif" mask="6/m145.tif"/>
        <level index="7" path="7/c145.tif" mask="7/m145.tif"/>
        <level index="8" path="8/c145.tif" mask="8/m145.tif"/>
        <level index="9" path="9/c145.tif" mask="9/m145.tif"/>
      </pyramid>
    </image>
    <image id="144">
      <extent>
        <left>2507663.0520520508</left>
        <top>1139213.7648740523</top>
        <right>2507702.4117937456</right>
        <bottom>1139172.9849354923</bottom>
      </extent>
      <center>
        <x>2507683.3401238732</x>
        <y>1139194.3723132715</y>
      </center>
      <pyramid>
        <level index="0" path="0/c144.tif" mask="0/m144.tif"/>
        <level index="1" path="1/c144.tif" mask="1/m144.tif"/>
        <level index="2" path="2/c144.tif" mask="2/m144.tif"/>
        <level index="3" path="3/c144.tif" mask="3/m144.tif"/>
        <level index="4" path="4/c144.tif" mask="4/m144.tif"/>
        <level index="5" path="5/c144.tif" mask="5/m144.tif"/>
        <level index="6" path="6/c144.tif" mask="6/m144.tif"/>
        <level index="7" path="7/c144.tif" mask="7/m144.tif"/>
        <level index="8" path="8/c144.tif" mask="8/m144.tif"/>
        <level index="9" path="9/c144.tif" mask="9/m144.tif"/>
      </pyramid>
    </image>
    <image id="160">
      <extent>
        <left>2507648.3935915483</left>
        <top>1139213.004054303</top>
        <right>2507687.4997266601</right>
        <bottom>1139172.1733944265</bottom>
      </extent>
      <center>
        <x>2507668.4558229372</x>
        <y>1139193.9815190074</y>
      </center>
      <pyramid>
        <level index="0" path="0/c160.tif" mask="0/m160.tif"/>
        <level index="1" path="1/c160.tif" mask="1/m160.tif"/>
        <level index="2" path="2/c160.tif" mask="2/m160.tif"/>
        <level index="3" path="3/c160.tif" mask="3/m160.tif"/>
        <level index="4" path="4/c160.tif" mask="4/m160.tif"/>
        <level index="5" path="5/c160.tif" mask="5/m160.tif"/>
        <level index="6" path="6/c160.tif" mask="6/m160.tif"/>
        <level index="7" path="7/c160.tif" mask="7/m160.tif"/>
        <level index="8" path="8/c160.tif" mask="8/m160.tif"/>
        <level index="9" path="9/c160.tif" mask="9/m160.tif"/>
      </pyramid>
    </image>
    <image id="147">
      <extent>
        <left>2507648.8500833982</left>
        <top>1139223.9598586923</top>
        <right>2507688.5648743091</right>
        <bottom>1139183.2813627655</bottom>
      </extent>
      <center>
        <x>2507668.8630217146</x>
        <y>1139204.7472018613</y>
      </center>
      <pyramid>
        <level index="0" path="0/c147.tif" mask="0/m147.tif"/>
        <level index="1" path="1/c147.tif" mask="1/m147.tif"/>
        <level index="2" path="2/c147.tif" mask="2/m147.tif"/>
        <level index="3" path="3/c147.tif" mask="3/m147.tif"/>
        <level index="4" path="4/c147.tif" mask="4/m147.tif"/>
        <level index="5" path="5/c147.tif" mask="5/m147.tif"/>
        <level index="6" path="6/c147.tif" mask="6/m147.tif"/>
        <level index="7" path="7/c147.tif" mask="7/m147.tif"/>
        <level index="8" path="8/c147.tif" mask="8/m147.tif"/>
        <level index="9" path="9/c147.tif" mask="9/m147.tif"/>
      </pyramid>
    </image>
  </images>
</orthomosaic>
