<?xml version="1.0" encoding="UTF-8"?>
<thumbnails version="1.2.0">
  <thumbnail camera_id="7" path="c7.jpg"/>
  <thumbnail camera_id="8" path="c8.jpg"/>
  <thumbnail camera_id="9" path="c9.jpg"/>
  <thumbnail camera_id="10" path="c10.jpg"/>
  <thumbnail camera_id="11" path="c11.jpg"/>
  <thumbnail camera_id="12" path="c12.jpg"/>
  <thumbnail camera_id="13" path="c13.jpg"/>
  <thumbnail camera_id="14" path="c14.jpg"/>
  <thumbnail camera_id="15" path="c15.jpg"/>
  <thumbnail camera_id="16" path="c16.jpg"/>
  <thumbnail camera_id="17" path="c17.jpg"/>
  <thumbnail camera_id="18" path="c18.jpg"/>
  <thumbnail camera_id="19" path="c19.jpg"/>
  <thumbnail camera_id="20" path="c20.jpg"/>
  <thumbnail camera_id="21" path="c21.jpg"/>
  <thumbnail camera_id="22" path="c22.jpg"/>
  <thumbnail camera_id="23" path="c23.jpg"/>
  <thumbnail camera_id="24" path="c24.jpg"/>
  <thumbnail camera_id="25" path="c25.jpg"/>
  <thumbnail camera_id="26" path="c26.jpg"/>
  <thumbnail camera_id="27" path="c27.jpg"/>
  <thumbnail camera_id="28" path="c28.jpg"/>
  <thumbnail camera_id="29" path="c29.jpg"/>
  <thumbnail camera_id="30" path="c30.jpg"/>
  <thumbnail camera_id="31" path="c31.jpg"/>
  <thumbnail camera_id="32" path="c32.jpg"/>
  <thumbnail camera_id="33" path="c33.jpg"/>
  <thumbnail camera_id="34" path="c34.jpg"/>
  <thumbnail camera_id="35" path="c35.jpg"/>
  <thumbnail camera_id="36" path="c36.jpg"/>
  <thumbnail camera_id="37" path="c37.jpg"/>
  <thumbnail camera_id="38" path="c38.jpg"/>
  <thumbnail camera_id="39" path="c39.jpg"/>
  <thumbnail camera_id="40" path="c40.jpg"/>
  <thumbnail camera_id="41" path="c41.jpg"/>
  <thumbnail camera_id="42" path="c42.jpg"/>
  <thumbnail camera_id="43" path="c43.jpg"/>
  <thumbnail camera_id="44" path="c44.jpg"/>
  <thumbnail camera_id="45" path="c45.jpg"/>
  <thumbnail camera_id="46" path="c46.jpg"/>
  <thumbnail camera_id="47" path="c47.jpg"/>
  <thumbnail camera_id="48" path="c48.jpg"/>
  <thumbnail camera_id="49" path="c49.jpg"/>
  <thumbnail camera_id="50" path="c50.jpg"/>
  <thumbnail camera_id="51" path="c51.jpg"/>
  <thumbnail camera_id="52" path="c52.jpg"/>
  <thumbnail camera_id="53" path="c53.jpg"/>
  <thumbnail camera_id="54" path="c54.jpg"/>
  <thumbnail camera_id="55" path="c55.jpg"/>
  <thumbnail camera_id="56" path="c56.jpg"/>
  <thumbnail camera_id="57" path="c57.jpg"/>
  <thumbnail camera_id="58" path="c58.jpg"/>
  <thumbnail camera_id="59" path="c59.jpg"/>
  <thumbnail camera_id="60" path="c60.jpg"/>
  <thumbnail camera_id="61" path="c61.jpg"/>
  <thumbnail camera_id="62" path="c62.jpg"/>
  <thumbnail camera_id="63" path="c63.jpg"/>
  <thumbnail camera_id="64" path="c64.jpg"/>
  <thumbnail camera_id="65" path="c65.jpg"/>
  <thumbnail camera_id="66" path="c66.jpg"/>
  <thumbnail camera_id="67" path="c67.jpg"/>
  <thumbnail camera_id="68" path="c68.jpg"/>
  <thumbnail camera_id="69" path="c69.jpg"/>
  <thumbnail camera_id="70" path="c70.jpg"/>
  <thumbnail camera_id="71" path="c71.jpg"/>
  <thumbnail camera_id="72" path="c72.jpg"/>
  <thumbnail camera_id="73" path="c73.jpg"/>
  <thumbnail camera_id="74" path="c74.jpg"/>
  <thumbnail camera_id="75" path="c75.jpg"/>
  <thumbnail camera_id="76" path="c76.jpg"/>
  <thumbnail camera_id="77" path="c77.jpg"/>
  <thumbnail camera_id="78" path="c78.jpg"/>
  <thumbnail camera_id="79" path="c79.jpg"/>
  <thumbnail camera_id="80" path="c80.jpg"/>
  <thumbnail camera_id="81" path="c81.jpg"/>
  <thumbnail camera_id="82" path="c82.jpg"/>
  <thumbnail camera_id="83" path="c83.jpg"/>
  <thumbnail camera_id="84" path="c84.jpg"/>
  <thumbnail camera_id="85" path="c85.jpg"/>
  <thumbnail camera_id="86" path="c86.jpg"/>
  <thumbnail camera_id="87" path="c87.jpg"/>
  <thumbnail camera_id="88" path="c88.jpg"/>
  <thumbnail camera_id="89" path="c89.jpg"/>
  <thumbnail camera_id="90" path="c90.jpg"/>
  <thumbnail camera_id="91" path="c91.jpg"/>
  <thumbnail camera_id="92" path="c92.jpg"/>
  <thumbnail camera_id="93" path="c93.jpg"/>
  <thumbnail camera_id="94" path="c94.jpg"/>
  <thumbnail camera_id="95" path="c95.jpg"/>
  <thumbnail camera_id="96" path="c96.jpg"/>
  <thumbnail camera_id="97" path="c97.jpg"/>
  <thumbnail camera_id="98" path="c98.jpg"/>
  <thumbnail camera_id="99" path="c99.jpg"/>
  <thumbnail camera_id="100" path="c100.jpg"/>
  <thumbnail camera_id="101" path="c101.jpg"/>
  <thumbnail camera_id="102" path="c102.jpg"/>
  <thumbnail camera_id="103" path="c103.jpg"/>
  <thumbnail camera_id="104" path="c104.jpg"/>
  <thumbnail camera_id="105" path="c105.jpg"/>
  <thumbnail camera_id="106" path="c106.jpg"/>
  <thumbnail camera_id="107" path="c107.jpg"/>
  <thumbnail camera_id="108" path="c108.jpg"/>
  <thumbnail camera_id="109" path="c109.jpg"/>
  <thumbnail camera_id="110" path="c110.jpg"/>
  <thumbnail camera_id="111" path="c111.jpg"/>
  <thumbnail camera_id="112" path="c112.jpg"/>
  <thumbnail camera_id="113" path="c113.jpg"/>
  <thumbnail camera_id="114" path="c114.jpg"/>
  <thumbnail camera_id="115" path="c115.jpg"/>
  <thumbnail camera_id="116" path="c116.jpg"/>
  <thumbnail camera_id="117" path="c117.jpg"/>
  <thumbnail camera_id="118" path="c118.jpg"/>
  <thumbnail camera_id="119" path="c119.jpg"/>
  <thumbnail camera_id="120" path="c120.jpg"/>
  <thumbnail camera_id="121" path="c121.jpg"/>
  <thumbnail camera_id="122" path="c122.jpg"/>
  <thumbnail camera_id="123" path="c123.jpg"/>
  <thumbnail camera_id="124" path="c124.jpg"/>
  <thumbnail camera_id="125" path="c125.jpg"/>
  <thumbnail camera_id="126" path="c126.jpg"/>
  <thumbnail camera_id="127" path="c127.jpg"/>
  <thumbnail camera_id="128" path="c128.jpg"/>
  <thumbnail camera_id="129" path="c129.jpg"/>
  <thumbnail camera_id="130" path="c130.jpg"/>
  <thumbnail camera_id="131" path="c131.jpg"/>
  <thumbnail camera_id="132" path="c132.jpg"/>
  <thumbnail camera_id="133" path="c133.jpg"/>
  <thumbnail camera_id="134" path="c134.jpg"/>
  <thumbnail camera_id="135" path="c135.jpg"/>
  <thumbnail camera_id="136" path="c136.jpg"/>
  <thumbnail camera_id="137" path="c137.jpg"/>
  <thumbnail camera_id="138" path="c138.jpg"/>
  <thumbnail camera_id="139" path="c139.jpg"/>
  <thumbnail camera_id="140" path="c140.jpg"/>
  <thumbnail camera_id="141" path="c141.jpg"/>
  <thumbnail camera_id="142" path="c142.jpg"/>
  <thumbnail camera_id="143" path="c143.jpg"/>
  <thumbnail camera_id="144" path="c144.jpg"/>
  <thumbnail camera_id="145" path="c145.jpg"/>
  <thumbnail camera_id="146" path="c146.jpg"/>
  <thumbnail camera_id="147" path="c147.jpg"/>
  <thumbnail camera_id="148" path="c148.jpg"/>
  <thumbnail camera_id="149" path="c149.jpg"/>
  <thumbnail camera_id="150" path="c150.jpg"/>
  <thumbnail camera_id="151" path="c151.jpg"/>
  <thumbnail camera_id="152" path="c152.jpg"/>
  <thumbnail camera_id="153" path="c153.jpg"/>
  <thumbnail camera_id="154" path="c154.jpg"/>
  <thumbnail camera_id="155" path="c155.jpg"/>
  <thumbnail camera_id="156" path="c156.jpg"/>
  <thumbnail camera_id="157" path="c157.jpg"/>
  <thumbnail camera_id="158" path="c158.jpg"/>
  <thumbnail camera_id="159" path="c159.jpg"/>
  <thumbnail camera_id="160" path="c160.jpg"/>
  <thumbnail camera_id="161" path="c161.jpg"/>
  <thumbnail camera_id="162" path="c162.jpg"/>
  <thumbnail camera_id="163" path="c163.jpg"/>
  <thumbnail camera_id="164" path="c164.jpg"/>
  <thumbnail camera_id="165" path="c165.jpg"/>
  <thumbnail camera_id="166" path="c166.jpg"/>
  <thumbnail camera_id="167" path="c167.jpg"/>
  <thumbnail camera_id="168" path="c168.jpg"/>
  <thumbnail camera_id="169" path="c169.jpg"/>
  <thumbnail camera_id="170" path="c170.jpg"/>
  <thumbnail camera_id="171" path="c171.jpg"/>
  <thumbnail camera_id="172" path="c172.jpg"/>
  <thumbnail camera_id="173" path="c173.jpg"/>
  <thumbnail camera_id="174" path="c174.jpg"/>
  <thumbnail camera_id="175" path="c175.jpg"/>
  <thumbnail camera_id="176" path="c176.jpg"/>
  <thumbnail camera_id="177" path="c177.jpg"/>
  <thumbnail camera_id="178" path="c178.jpg"/>
  <thumbnail camera_id="179" path="c179.jpg"/>
  <thumbnail camera_id="180" path="c180.jpg"/>
  <thumbnail camera_id="181" path="c181.jpg"/>
  <thumbnail camera_id="182" path="c182.jpg"/>
  <thumbnail camera_id="183" path="c183.jpg"/>
  <thumbnail camera_id="184" path="c184.jpg"/>
  <thumbnail camera_id="185" path="c185.jpg"/>
  <thumbnail camera_id="186" path="c186.jpg"/>
  <thumbnail camera_id="187" path="c187.jpg"/>
  <thumbnail camera_id="188" path="c188.jpg"/>
  <thumbnail camera_id="189" path="c189.jpg"/>
  <thumbnail camera_id="190" path="c190.jpg"/>
  <thumbnail camera_id="191" path="c191.jpg"/>
  <thumbnail camera_id="192" path="c192.jpg"/>
  <thumbnail camera_id="193" path="c193.jpg"/>
  <thumbnail camera_id="194" path="c194.jpg"/>
  <thumbnail camera_id="195" path="c195.jpg"/>
  <thumbnail camera_id="196" path="c196.jpg"/>
  <thumbnail camera_id="197" path="c197.jpg"/>
  <thumbnail camera_id="198" path="c198.jpg"/>
  <thumbnail camera_id="199" path="c199.jpg"/>
  <thumbnail camera_id="200" path="c200.jpg"/>
  <thumbnail camera_id="201" path="c201.jpg"/>
  <thumbnail camera_id="202" path="c202.jpg"/>
  <thumbnail camera_id="203" path="c203.jpg"/>
  <thumbnail camera_id="204" path="c204.jpg"/>
  <thumbnail camera_id="205" path="c205.jpg"/>
  <thumbnail camera_id="206" path="c206.jpg"/>
  <thumbnail camera_id="207" path="c207.jpg"/>
  <thumbnail camera_id="208" path="c208.jpg"/>
  <thumbnail camera_id="209" path="c209.jpg"/>
  <thumbnail camera_id="210" path="c210.jpg"/>
  <thumbnail camera_id="211" path="c211.jpg"/>
  <thumbnail camera_id="212" path="c212.jpg"/>
  <thumbnail camera_id="213" path="c213.jpg"/>
  <thumbnail camera_id="214" path="c214.jpg"/>
  <thumbnail camera_id="215" path="c215.jpg"/>
  <thumbnail camera_id="216" path="c216.jpg"/>
  <thumbnail camera_id="217" path="c217.jpg"/>
  <thumbnail camera_id="218" path="c218.jpg"/>
  <thumbnail camera_id="219" path="c219.jpg"/>
  <thumbnail camera_id="220" path="c220.jpg"/>
  <thumbnail camera_id="221" path="c221.jpg"/>
  <thumbnail camera_id="222" path="c222.jpg"/>
  <thumbnail camera_id="223" path="c223.jpg"/>
  <thumbnail camera_id="224" path="c224.jpg"/>
  <thumbnail camera_id="225" path="c225.jpg"/>
  <thumbnail camera_id="226" path="c226.jpg"/>
  <thumbnail camera_id="227" path="c227.jpg"/>
  <thumbnail camera_id="228" path="c228.jpg"/>
  <thumbnail camera_id="229" path="c229.jpg"/>
  <thumbnail camera_id="230" path="c230.jpg"/>
  <thumbnail camera_id="231" path="c231.jpg"/>
  <thumbnail camera_id="232" path="c232.jpg"/>
  <thumbnail camera_id="233" path="c233.jpg"/>
  <thumbnail camera_id="234" path="c234.jpg"/>
  <thumbnail camera_id="235" path="c235.jpg"/>
  <thumbnail camera_id="236" path="c236.jpg"/>
  <thumbnail camera_id="237" path="c237.jpg"/>
  <thumbnail camera_id="238" path="c238.jpg"/>
</thumbnails>
