<?xml version="1.0" encoding="UTF-8"?>
<orthomosaic version="1.2.0">
  <images level_count="10">
    <image id="53">
      <extent>
        <left>2507625.8733269703</left>
        <top>1139178.1077884703</top>
        <right>2507665.5373965646</right>
        <bottom>1139136.7191941109</bottom>
      </extent>
      <center>
        <x>2507645.8046996091</x>
        <y>1139157.7821175908</y>
      </center>
      <pyramid>
        <level index="0" path="0/c53.tif" mask="0/m53.tif"/>
        <level index="1" path="1/c53.tif" mask="1/m53.tif"/>
        <level index="2" path="2/c53.tif" mask="2/m53.tif"/>
        <level index="3" path="3/c53.tif" mask="3/m53.tif"/>
        <level index="4" path="4/c53.tif" mask="4/m53.tif"/>
        <level index="5" path="5/c53.tif" mask="5/m53.tif"/>
        <level index="6" path="6/c53.tif" mask="6/m53.tif"/>
        <level index="7" path="7/c53.tif" mask="7/m53.tif"/>
        <level index="8" path="8/c53.tif" mask="8/m53.tif"/>
        <level index="9" path="9/c53.tif" mask="9/m53.tif"/>
      </pyramid>
    </image>
    <image id="55">
      <extent>
        <left>2507615.9826702299</left>
        <top>1139184.3972317309</top>
        <right>2507655.291690608</right>
        <bottom>1139143.4651292209</bottom>
      </extent>
      <center>
        <x>2507635.5570259709</x>
        <y>1139164.4431616263</y>
      </center>
      <pyramid>
        <level index="0" path="0/c55.tif" mask="0/m55.tif"/>
        <level index="1" path="1/c55.tif" mask="1/m55.tif"/>
        <level index="2" path="2/c55.tif" mask="2/m55.tif"/>
        <level index="3" path="3/c55.tif" mask="3/m55.tif"/>
        <level index="4" path="4/c55.tif" mask="4/m55.tif"/>
        <level index="5" path="5/c55.tif" mask="5/m55.tif"/>
        <level index="6" path="6/c55.tif" mask="6/m55.tif"/>
        <level index="7" path="7/c55.tif" mask="7/m55.tif"/>
        <level index="8" path="8/c55.tif" mask="8/m55.tif"/>
        <level index="9" path="9/c55.tif" mask="9/m55.tif"/>
      </pyramid>
    </image>
    <image id="45">
      <extent>
        <left>2507666.3489376307</left>
        <top>1139152.9500154285</top>
        <right>2507705.6072366922</right>
        <bottom>1139111.8150276521</bottom>
      </extent>
      <center>
        <x>2507686.8893060964</x>
        <y>1139132.2633993847</y>
      </center>
      <pyramid>
        <level index="0" path="0/c45.tif" mask="0/m45.tif"/>
        <level index="1" path="1/c45.tif" mask="1/m45.tif"/>
        <level index="2" path="2/c45.tif" mask="2/m45.tif"/>
        <level index="3" path="3/c45.tif" mask="3/m45.tif"/>
        <level index="4" path="4/c45.tif" mask="4/m45.tif"/>
        <level index="5" path="5/c45.tif" mask="5/m45.tif"/>
        <level index="6" path="6/c45.tif" mask="6/m45.tif"/>
        <level index="7" path="7/c45.tif" mask="7/m45.tif"/>
        <level index="8" path="8/c45.tif" mask="8/m45.tif"/>
        <level index="9" path="9/c45.tif" mask="9/m45.tif"/>
      </pyramid>
    </image>
    <image id="47">
      <extent>
        <left>2507656.2046743073</left>
        <top>1139159.0365734224</top>
        <right>2507695.4122520522</right>
        <bottom>1139117.901585646</bottom>
      </extent>
      <center>
        <x>2507676.4927650075</x>
        <y>1139138.5956347031</y>
      </center>
      <pyramid>
        <level index="0" path="0/c47.tif" mask="0/m47.tif"/>
        <level index="1" path="1/c47.tif" mask="1/m47.tif"/>
        <level index="2" path="2/c47.tif" mask="2/m47.tif"/>
        <level index="3" path="3/c47.tif" mask="3/m47.tif"/>
        <level index="4" path="4/c47.tif" mask="4/m47.tif"/>
        <level index="5" path="5/c47.tif" mask="5/m47.tif"/>
        <level index="6" path="6/c47.tif" mask="6/m47.tif"/>
        <level index="7" path="7/c47.tif" mask="7/m47.tif"/>
        <level index="8" path="8/c47.tif" mask="8/m47.tif"/>
        <level index="9" path="9/c47.tif" mask="9/m47.tif"/>
      </pyramid>
    </image>
    <image id="58">
      <extent>
        <left>2507600.9691605116</left>
        <top>1139193.9835605714</top>
        <right>2507640.3289022064</right>
        <bottom>1139153.2036220115</bottom>
      </extent>
      <center>
        <x>2507620.3500112686</x>
        <y>1139174.3669436823</y>
      </center>
      <pyramid>
        <level index="0" path="0/c58.tif" mask="0/m58.tif"/>
        <level index="1" path="1/c58.tif" mask="1/m58.tif"/>
        <level index="2" path="2/c58.tif" mask="2/m58.tif"/>
        <level index="3" path="3/c58.tif" mask="3/m58.tif"/>
        <level index="4" path="4/c58.tif" mask="4/m58.tif"/>
        <level index="5" path="5/c58.tif" mask="5/m58.tif"/>
        <level index="6" path="6/c58.tif" mask="6/m58.tif"/>
        <level index="7" path="7/c58.tif" mask="7/m58.tif"/>
        <level index="8" path="8/c58.tif" mask="8/m58.tif"/>
        <level index="9" path="9/c58.tif" mask="9/m58.tif"/>
      </pyramid>
    </image>
    <image id="59">
      <extent>
        <left>2507595.9477501665</left>
        <top>1139196.9761182519</top>
        <right>2507635.2567705447</right>
        <bottom>1139156.3990649583</bottom>
      </extent>
      <center>
        <x>2507615.5832881741</x>
        <y>1139177.455217584</y>
      </center>
      <pyramid>
        <level index="0" path="0/c59.tif" mask="0/m59.tif"/>
        <level index="1" path="1/c59.tif" mask="1/m59.tif"/>
        <level index="2" path="2/c59.tif" mask="2/m59.tif"/>
        <level index="3" path="3/c59.tif" mask="3/m59.tif"/>
        <level index="4" path="4/c59.tif" mask="4/m59.tif"/>
        <level index="5" path="5/c59.tif" mask="5/m59.tif"/>
        <level index="6" path="6/c59.tif" mask="6/m59.tif"/>
        <level index="7" path="7/c59.tif" mask="7/m59.tif"/>
        <level index="8" path="8/c59.tif" mask="8/m59.tif"/>
        <level index="9" path="9/c59.tif" mask="9/m59.tif"/>
      </pyramid>
    </image>
    <image id="42">
      <extent>
        <left>2507681.4638899826</left>
        <top>1139143.8708997539</top>
        <right>2507720.9250743105</right>
        <bottom>1139102.6344693443</bottom>
      </extent>
      <center>
        <x>2507702.2761300672</x>
        <y>1139122.9859845985</y>
      </center>
      <pyramid>
        <level index="0" path="0/c42.tif" mask="0/m42.tif"/>
        <level index="1" path="1/c42.tif" mask="1/m42.tif"/>
        <level index="2" path="2/c42.tif" mask="2/m42.tif"/>
        <level index="3" path="3/c42.tif" mask="3/m42.tif"/>
        <level index="4" path="4/c42.tif" mask="4/m42.tif"/>
        <level index="5" path="5/c42.tif" mask="5/m42.tif"/>
        <level index="6" path="6/c42.tif" mask="6/m42.tif"/>
        <level index="7" path="7/c42.tif" mask="7/m42.tif"/>
        <level index="8" path="8/c42.tif" mask="8/m42.tif"/>
        <level index="9" path="9/c42.tif" mask="9/m42.tif"/>
      </pyramid>
    </image>
    <image id="51">
      <extent>
        <left>2507636.1190329269</left>
        <top>1139171.5647386268</top>
        <right>2507675.5294959382</right>
        <bottom>1139130.1761442674</bottom>
      </extent>
      <center>
        <x>2507656.0451030284</x>
        <y>1139151.3593064949</y>
      </center>
      <pyramid>
        <level index="0" path="0/c51.tif" mask="0/m51.tif"/>
        <level index="1" path="1/c51.tif" mask="1/m51.tif"/>
        <level index="2" path="2/c51.tif" mask="2/m51.tif"/>
        <level index="3" path="3/c51.tif" mask="3/m51.tif"/>
        <level index="4" path="4/c51.tif" mask="4/m51.tif"/>
        <level index="5" path="5/c51.tif" mask="5/m51.tif"/>
        <level index="6" path="6/c51.tif" mask="6/m51.tif"/>
        <level index="7" path="7/c51.tif" mask="7/m51.tif"/>
        <level index="8" path="8/c51.tif" mask="8/m51.tif"/>
        <level index="9" path="9/c51.tif" mask="9/m51.tif"/>
      </pyramid>
    </image>
    <image id="54">
      <extent>
        <left>2507620.8519166252</left>
        <top>1139181.3032314172</top>
        <right>2507660.3638222697</right>
        <bottom>1139140.016079691</bottom>
      </extent>
      <center>
        <x>2507640.7078200802</x>
        <y>1139161.1081562776</y>
      </center>
      <pyramid>
        <level index="0" path="0/c54.tif" mask="0/m54.tif"/>
        <level index="1" path="1/c54.tif" mask="1/m54.tif"/>
        <level index="2" path="2/c54.tif" mask="2/m54.tif"/>
        <level index="3" path="3/c54.tif" mask="3/m54.tif"/>
        <level index="4" path="4/c54.tif" mask="4/m54.tif"/>
        <level index="5" path="5/c54.tif" mask="5/m54.tif"/>
        <level index="6" path="6/c54.tif" mask="6/m54.tif"/>
        <level index="7" path="7/c54.tif" mask="7/m54.tif"/>
        <level index="8" path="8/c54.tif" mask="8/m54.tif"/>
        <level index="9" path="9/c54.tif" mask="9/m54.tif"/>
      </pyramid>
    </image>
    <image id="50">
      <extent>
        <left>2507640.9882793222</left>
        <top>1139168.4707383132</top>
        <right>2507680.4494636501</right>
        <bottom>1139127.2850292202</bottom>
      </extent>
      <center>
        <x>2507661.1417683251</x>
        <y>1139148.1446497627</y>
      </center>
      <pyramid>
        <level index="0" path="0/c50.tif" mask="0/m50.tif"/>
        <level index="1" path="1/c50.tif" mask="1/m50.tif"/>
        <level index="2" path="2/c50.tif" mask="2/m50.tif"/>
        <level index="3" path="3/c50.tif" mask="3/m50.tif"/>
        <level index="4" path="4/c50.tif" mask="4/m50.tif"/>
        <level index="5" path="5/c50.tif" mask="5/m50.tif"/>
        <level index="6" path="6/c50.tif" mask="6/m50.tif"/>
        <level index="7" path="7/c50.tif" mask="7/m50.tif"/>
        <level index="8" path="8/c50.tif" mask="8/m50.tif"/>
        <level index="9" path="9/c50.tif" mask="9/m50.tif"/>
      </pyramid>
    </image>
    <image id="43">
      <extent>
        <left>2507676.3917583209</left>
        <top>1139146.8127361177</top>
        <right>2507715.8022213322</right>
        <bottom>1139105.6777483413</bottom>
      </extent>
      <center>
        <x>2507697.0436235499</x>
        <y>1139126.0950409528</y>
      </center>
      <pyramid>
        <level index="0" path="0/c43.tif" mask="0/m43.tif"/>
        <level index="1" path="1/c43.tif" mask="1/m43.tif"/>
        <level index="2" path="2/c43.tif" mask="2/m43.tif"/>
        <level index="3" path="3/c43.tif" mask="3/m43.tif"/>
        <level index="4" path="4/c43.tif" mask="4/m43.tif"/>
        <level index="5" path="5/c43.tif" mask="5/m43.tif"/>
        <level index="6" path="6/c43.tif" mask="6/m43.tif"/>
        <level index="7" path="7/c43.tif" mask="7/m43.tif"/>
        <level index="8" path="8/c43.tif" mask="8/m43.tif"/>
        <level index="9" path="9/c43.tif" mask="9/m43.tif"/>
      </pyramid>
    </image>
    <image id="44">
      <extent>
        <left>2507671.4210692924</left>
        <top>1139149.9067364314</top>
        <right>2507710.6286470373</right>
        <bottom>1139108.771748655</bottom>
      </extent>
      <center>
        <x>2507691.8953437191</x>
        <y>1139129.2438848284</y>
      </center>
      <pyramid>
        <level index="0" path="0/c44.tif" mask="0/m44.tif"/>
        <level index="1" path="1/c44.tif" mask="1/m44.tif"/>
        <level index="2" path="2/c44.tif" mask="2/m44.tif"/>
        <level index="3" path="3/c44.tif" mask="3/m44.tif"/>
        <level index="4" path="4/c44.tif" mask="4/m44.tif"/>
        <level index="5" path="5/c44.tif" mask="5/m44.tif"/>
        <level index="6" path="6/c44.tif" mask="6/m44.tif"/>
        <level index="7" path="7/c44.tif" mask="7/m44.tif"/>
        <level index="8" path="8/c44.tif" mask="8/m44.tif"/>
        <level index="9" path="9/c44.tif" mask="9/m44.tif"/>
      </pyramid>
    </image>
    <image id="48">
      <extent>
        <left>2507651.1325426456</left>
        <top>1139162.130573736</top>
        <right>2507690.4415630237</right>
        <bottom>1139121.2999138595</bottom>
      </extent>
      <center>
        <x>2507671.4997022208</x>
        <y>1139141.675170447</y>
      </center>
      <pyramid>
        <level index="0" path="0/c48.tif" mask="0/m48.tif"/>
        <level index="1" path="1/c48.tif" mask="1/m48.tif"/>
        <level index="2" path="2/c48.tif" mask="2/m48.tif"/>
        <level index="3" path="3/c48.tif" mask="3/m48.tif"/>
        <level index="4" path="4/c48.tif" mask="4/m48.tif"/>
        <level index="5" path="5/c48.tif" mask="5/m48.tif"/>
        <level index="6" path="6/c48.tif" mask="6/m48.tif"/>
        <level index="7" path="7/c48.tif" mask="7/m48.tif"/>
        <level index="8" path="8/c48.tif" mask="8/m48.tif"/>
        <level index="9" path="9/c48.tif" mask="9/m48.tif"/>
      </pyramid>
    </image>
    <image id="40">
      <extent>
        <left>2507691.7603172557</left>
        <top>1139137.5307351768</top>
        <right>2507730.9678950007</right>
        <bottom>1139096.6493539833</bottom>
      </extent>
      <center>
        <x>2507712.4495223109</x>
        <y>1139116.9159453963</y>
      </center>
      <pyramid>
        <level index="0" path="0/c40.tif" mask="0/m40.tif"/>
        <level index="1" path="1/c40.tif" mask="1/m40.tif"/>
        <level index="2" path="2/c40.tif" mask="2/m40.tif"/>
        <level index="3" path="3/c40.tif" mask="3/m40.tif"/>
        <level index="4" path="4/c40.tif" mask="4/m40.tif"/>
        <level index="5" path="5/c40.tif" mask="5/m40.tif"/>
        <level index="6" path="6/c40.tif" mask="6/m40.tif"/>
        <level index="7" path="7/c40.tif" mask="7/m40.tif"/>
        <level index="8" path="8/c40.tif" mask="8/m40.tif"/>
        <level index="9" path="9/c40.tif" mask="9/m40.tif"/>
      </pyramid>
    </image>
    <image id="52">
      <extent>
        <left>2507630.8440159988</left>
        <top>1139174.8616242069</top>
        <right>2507670.4573642765</right>
        <bottom>1139133.5237511641</bottom>
      </extent>
      <center>
        <x>2507650.9170253016</x>
        <y>1139154.6648933217</y>
      </center>
      <pyramid>
        <level index="0" path="0/c52.tif" mask="0/m52.tif"/>
        <level index="1" path="1/c52.tif" mask="1/m52.tif"/>
        <level index="2" path="2/c52.tif" mask="2/m52.tif"/>
        <level index="3" path="3/c52.tif" mask="3/m52.tif"/>
        <level index="4" path="4/c52.tif" mask="4/m52.tif"/>
        <level index="5" path="5/c52.tif" mask="5/m52.tif"/>
        <level index="6" path="6/c52.tif" mask="6/m52.tif"/>
        <level index="7" path="7/c52.tif" mask="7/m52.tif"/>
        <level index="8" path="8/c52.tif" mask="8/m52.tif"/>
        <level index="9" path="9/c52.tif" mask="9/m52.tif"/>
      </pyramid>
    </image>
    <image id="57">
      <extent>
        <left>2507606.1427348065</left>
        <top>1139190.6866749914</top>
        <right>2507645.5024765013</right>
        <bottom>1139149.9067364314</bottom>
      </extent>
      <center>
        <x>2507625.431325743</x>
        <y>1139170.9091296087</y>
      </center>
      <pyramid>
        <level index="0" path="0/c57.tif" mask="0/m57.tif"/>
        <level index="1" path="1/c57.tif" mask="1/m57.tif"/>
        <level index="2" path="2/c57.tif" mask="2/m57.tif"/>
        <level index="3" path="3/c57.tif" mask="3/m57.tif"/>
        <level index="4" path="4/c57.tif" mask="4/m57.tif"/>
        <level index="5" path="5/c57.tif" mask="5/m57.tif"/>
        <level index="6" path="6/c57.tif" mask="6/m57.tif"/>
        <level index="7" path="7/c57.tif" mask="7/m57.tif"/>
        <level index="8" path="8/c57.tif" mask="8/m57.tif"/>
        <level index="9" path="9/c57.tif" mask="9/m57.tif"/>
      </pyramid>
    </image>
    <image id="41">
      <extent>
        <left>2507686.688185594</left>
        <top>1139140.5740141738</top>
        <right>2507725.7943207058</right>
        <bottom>1139099.5404690306</bottom>
      </extent>
      <center>
        <x>2507707.3719951995</x>
        <y>1139119.917990702</y>
      </center>
      <pyramid>
        <level index="0" path="0/c41.tif" mask="0/m41.tif"/>
        <level index="1" path="1/c41.tif" mask="1/m41.tif"/>
        <level index="2" path="2/c41.tif" mask="2/m41.tif"/>
        <level index="3" path="3/c41.tif" mask="3/m41.tif"/>
        <level index="4" path="4/c41.tif" mask="4/m41.tif"/>
        <level index="5" path="5/c41.tif" mask="5/m41.tif"/>
        <level index="6" path="6/c41.tif" mask="6/m41.tif"/>
        <level index="7" path="7/c41.tif" mask="7/m41.tif"/>
        <level index="8" path="8/c41.tif" mask="8/m41.tif"/>
        <level index="9" path="9/c41.tif" mask="9/m41.tif"/>
      </pyramid>
    </image>
    <image id="46">
      <extent>
        <left>2507661.2260846524</left>
        <top>1139155.9425731087</top>
        <right>2507700.5351050305</right>
        <bottom>1139114.8583066489</bottom>
      </extent>
      <center>
        <x>2507681.696385473</x>
        <y>1139135.4196974428</y>
      </center>
      <pyramid>
        <level index="0" path="0/c46.tif" mask="0/m46.tif"/>
        <level index="1" path="1/c46.tif" mask="1/m46.tif"/>
        <level index="2" path="2/c46.tif" mask="2/m46.tif"/>
        <level index="3" path="3/c46.tif" mask="3/m46.tif"/>
        <level index="4" path="4/c46.tif" mask="4/m46.tif"/>
        <level index="5" path="5/c46.tif" mask="5/m46.tif"/>
        <level index="6" path="6/c46.tif" mask="6/m46.tif"/>
        <level index="7" path="7/c46.tif" mask="7/m46.tif"/>
        <level index="8" path="8/c46.tif" mask="8/m46.tif"/>
        <level index="9" path="9/c46.tif" mask="9/m46.tif"/>
      </pyramid>
    </image>
    <image id="49">
      <extent>
        <left>2507646.0604109839</left>
        <top>1139165.3260166829</top>
        <right>2507685.4708739952</right>
        <bottom>1139124.2417502231</bottom>
      </extent>
      <center>
        <x>2507666.3748639859</x>
        <y>1139144.8130844068</y>
      </center>
      <pyramid>
        <level index="0" path="0/c49.tif" mask="0/m49.tif"/>
        <level index="1" path="1/c49.tif" mask="1/m49.tif"/>
        <level index="2" path="2/c49.tif" mask="2/m49.tif"/>
        <level index="3" path="3/c49.tif" mask="3/m49.tif"/>
        <level index="4" path="4/c49.tif" mask="4/m49.tif"/>
        <level index="5" path="5/c49.tif" mask="5/m49.tif"/>
        <level index="6" path="6/c49.tif" mask="6/m49.tif"/>
        <level index="7" path="7/c49.tif" mask="7/m49.tif"/>
        <level index="8" path="8/c49.tif" mask="8/m49.tif"/>
        <level index="9" path="9/c49.tif" mask="9/m49.tif"/>
      </pyramid>
    </image>
    <image id="56">
      <extent>
        <left>2507610.9612598852</left>
        <top>1139187.4912320445</top>
        <right>2507650.3717228966</right>
        <bottom>1139146.660572168</bottom>
      </extent>
      <center>
        <x>2507630.5763303451</x>
        <y>1139167.6702695973</y>
      </center>
      <pyramid>
        <level index="0" path="0/c56.tif" mask="0/m56.tif"/>
        <level index="1" path="1/c56.tif" mask="1/m56.tif"/>
        <level index="2" path="2/c56.tif" mask="2/m56.tif"/>
        <level index="3" path="3/c56.tif" mask="3/m56.tif"/>
        <level index="4" path="4/c56.tif" mask="4/m56.tif"/>
        <level index="5" path="5/c56.tif" mask="5/m56.tif"/>
        <level index="6" path="6/c56.tif" mask="6/m56.tif"/>
        <level index="7" path="7/c56.tif" mask="7/m56.tif"/>
        <level index="8" path="8/c56.tif" mask="8/m56.tif"/>
        <level index="9" path="9/c56.tif" mask="9/m56.tif"/>
      </pyramid>
    </image>
  </images>
</orthomosaic>
