<?xml version="1.0" encoding="UTF-8"?>
<point_cloud version="1.2.0">
  <params>
    <dataType>uint8</dataType>
    <bands>
      <band label="Red"/>
      <band label="Green"/>
      <band label="Blue"/>
    </bands>
  </params>
  <tracks path="tracks.ply" count="102505"/>
  <points component_id="0" path="points0.ply" count="90955"/>
  <projections camera_id="0" path="p0.ply" count="1215"/>
  <projections camera_id="1" path="p1.ply" count="1024"/>
  <projections camera_id="2" path="p2.ply" count="1054"/>
  <projections camera_id="3" path="p3.ply" count="1152"/>
  <projections camera_id="4" path="p4.ply" count="1016"/>
  <projections camera_id="5" path="p5.ply" count="993"/>
  <projections camera_id="6" path="p6.ply" count="1032"/>
  <projections camera_id="7" path="p7.ply" count="1023"/>
  <projections camera_id="8" path="p8.ply" count="889"/>
  <projections camera_id="9" path="p9.ply" count="933"/>
  <projections camera_id="10" path="p10.ply" count="979"/>
  <projections camera_id="11" path="p11.ply" count="1127"/>
  <projections camera_id="12" path="p12.ply" count="1657"/>
  <projections camera_id="13" path="p13.ply" count="1420"/>
  <projections camera_id="14" path="p14.ply" count="1502"/>
  <projections camera_id="15" path="p15.ply" count="1751"/>
  <projections camera_id="16" path="p16.ply" count="1077"/>
  <projections camera_id="17" path="p17.ply" count="1121"/>
  <projections camera_id="18" path="p18.ply" count="1094"/>
  <projections camera_id="19" path="p19.ply" count="1234"/>
  <projections camera_id="20" path="p20.ply" count="1255"/>
  <projections camera_id="21" path="p21.ply" count="1026"/>
  <projections camera_id="22" path="p22.ply" count="1284"/>
  <projections camera_id="23" path="p23.ply" count="1296"/>
  <projections camera_id="24" path="p24.ply" count="1354"/>
  <projections camera_id="25" path="p25.ply" count="1346"/>
  <projections camera_id="26" path="p26.ply" count="1359"/>
  <projections camera_id="27" path="p27.ply" count="1337"/>
  <projections camera_id="28" path="p28.ply" count="1579"/>
  <projections camera_id="29" path="p29.ply" count="1684"/>
  <projections camera_id="30" path="p30.ply" count="1745"/>
  <projections camera_id="31" path="p31.ply" count="1853"/>
  <projections camera_id="32" path="p32.ply" count="1899"/>
  <projections camera_id="33" path="p33.ply" count="1821"/>
  <projections camera_id="34" path="p34.ply" count="1616"/>
  <projections camera_id="35" path="p35.ply" count="1558"/>
  <projections camera_id="36" path="p36.ply" count="1633"/>
  <projections camera_id="37" path="p37.ply" count="1193"/>
  <projections camera_id="38" path="p38.ply" count="1819"/>
  <projections camera_id="39" path="p39.ply" count="1513"/>
  <projections camera_id="40" path="p40.ply" count="1775"/>
  <projections camera_id="41" path="p41.ply" count="1938"/>
  <projections camera_id="42" path="p42.ply" count="1965"/>
  <projections camera_id="43" path="p43.ply" count="2009"/>
  <projections camera_id="44" path="p44.ply" count="2011"/>
  <projections camera_id="45" path="p45.ply" count="1827"/>
  <projections camera_id="46" path="p46.ply" count="1772"/>
  <projections camera_id="47" path="p47.ply" count="1332"/>
  <projections camera_id="48" path="p48.ply" count="1121"/>
  <projections camera_id="49" path="p49.ply" count="1180"/>
  <projections camera_id="50" path="p50.ply" count="1236"/>
  <projections camera_id="51" path="p51.ply" count="1215"/>
  <projections camera_id="52" path="p52.ply" count="1287"/>
  <projections camera_id="53" path="p53.ply" count="1322"/>
  <projections camera_id="54" path="p54.ply" count="1308"/>
  <projections camera_id="55" path="p55.ply" count="1298"/>
  <projections camera_id="56" path="p56.ply" count="1255"/>
  <projections camera_id="57" path="p57.ply" count="1069"/>
  <projections camera_id="58" path="p58.ply" count="1187"/>
  <projections camera_id="59" path="p59.ply" count="1802"/>
  <projections camera_id="60" path="p60.ply" count="1807"/>
  <projections camera_id="61" path="p61.ply" count="1379"/>
  <projections camera_id="62" path="p62.ply" count="2045"/>
  <projections camera_id="63" path="p63.ply" count="1090"/>
  <projections camera_id="64" path="p64.ply" count="1092"/>
  <projections camera_id="65" path="p65.ply" count="1244"/>
  <projections camera_id="66" path="p66.ply" count="1408"/>
  <projections camera_id="67" path="p67.ply" count="1357"/>
  <projections camera_id="68" path="p68.ply" count="1363"/>
  <projections camera_id="69" path="p69.ply" count="1255"/>
  <projections camera_id="70" path="p70.ply" count="1225"/>
  <projections camera_id="71" path="p71.ply" count="1164"/>
  <projections camera_id="72" path="p72.ply" count="1135"/>
  <projections camera_id="73" path="p73.ply" count="1292"/>
  <projections camera_id="74" path="p74.ply" count="1296"/>
  <projections camera_id="75" path="p75.ply" count="1601"/>
  <projections camera_id="76" path="p76.ply" count="1591"/>
  <projections camera_id="77" path="p77.ply" count="1691"/>
  <projections camera_id="78" path="p78.ply" count="1635"/>
  <projections camera_id="79" path="p79.ply" count="1613"/>
  <projections camera_id="80" path="p80.ply" count="1634"/>
  <projections camera_id="81" path="p81.ply" count="1655"/>
  <projections camera_id="82" path="p82.ply" count="1607"/>
  <projections camera_id="83" path="p83.ply" count="1733"/>
  <projections camera_id="84" path="p84.ply" count="1153"/>
  <projections camera_id="85" path="p85.ply" count="1488"/>
  <projections camera_id="86" path="p86.ply" count="1216"/>
  <projections camera_id="87" path="p87.ply" count="1268"/>
  <projections camera_id="88" path="p88.ply" count="1360"/>
  <projections camera_id="89" path="p89.ply" count="1189"/>
  <projections camera_id="90" path="p90.ply" count="1307"/>
  <projections camera_id="91" path="p91.ply" count="1268"/>
  <projections camera_id="92" path="p92.ply" count="1196"/>
  <projections camera_id="93" path="p93.ply" count="1174"/>
  <projections camera_id="94" path="p94.ply" count="1007"/>
  <projections camera_id="95" path="p95.ply" count="1040"/>
  <projections camera_id="96" path="p96.ply" count="1069"/>
  <projections camera_id="97" path="p97.ply" count="1110"/>
  <projections camera_id="98" path="p98.ply" count="1103"/>
  <projections camera_id="99" path="p99.ply" count="1215"/>
  <projections camera_id="100" path="p100.ply" count="1226"/>
  <projections camera_id="101" path="p101.ply" count="1282"/>
  <projections camera_id="102" path="p102.ply" count="1200"/>
  <projections camera_id="103" path="p103.ply" count="1118"/>
  <projections camera_id="104" path="p104.ply" count="1080"/>
  <projections camera_id="105" path="p105.ply" count="1543"/>
  <projections camera_id="106" path="p106.ply" count="2037"/>
  <projections camera_id="107" path="p107.ply" count="1454"/>
  <projections camera_id="108" path="p108.ply" count="1748"/>
  <projections camera_id="109" path="p109.ply" count="1747"/>
  <projections camera_id="110" path="p110.ply" count="937"/>
  <projections camera_id="111" path="p111.ply" count="913"/>
  <projections camera_id="112" path="p112.ply" count="1009"/>
  <projections camera_id="113" path="p113.ply" count="959"/>
  <projections camera_id="114" path="p114.ply" count="977"/>
  <projections camera_id="115" path="p115.ply" count="981"/>
  <projections camera_id="116" path="p116.ply" count="1008"/>
  <projections camera_id="117" path="p117.ply" count="1002"/>
  <projections camera_id="118" path="p118.ply" count="1068"/>
  <projections camera_id="119" path="p119.ply" count="984"/>
  <projections camera_id="120" path="p120.ply" count="1043"/>
  <projections camera_id="121" path="p121.ply" count="1139"/>
  <projections camera_id="122" path="p122.ply" count="1172"/>
  <projections camera_id="123" path="p123.ply" count="1153"/>
  <projections camera_id="124" path="p124.ply" count="921"/>
  <projections camera_id="125" path="p125.ply" count="921"/>
  <projections camera_id="126" path="p126.ply" count="912"/>
  <projections camera_id="127" path="p127.ply" count="1010"/>
  <projections camera_id="128" path="p128.ply" count="1116"/>
  <projections camera_id="129" path="p129.ply" count="1284"/>
  <projections camera_id="130" path="p130.ply" count="1619"/>
  <projections camera_id="131" path="p131.ply" count="2100"/>
  <projections camera_id="132" path="p132.ply" count="2079"/>
  <projections camera_id="133" path="p133.ply" count="2002"/>
  <projections camera_id="134" path="p134.ply" count="1830"/>
  <projections camera_id="135" path="p135.ply" count="1863"/>
  <projections camera_id="136" path="p136.ply" count="1729"/>
  <projections camera_id="137" path="p137.ply" count="1609"/>
  <projections camera_id="138" path="p138.ply" count="1603"/>
  <projections camera_id="139" path="p139.ply" count="1557"/>
  <projections camera_id="140" path="p140.ply" count="1542"/>
  <projections camera_id="141" path="p141.ply" count="1593"/>
  <projections camera_id="142" path="p142.ply" count="1695"/>
  <projections camera_id="143" path="p143.ply" count="1625"/>
  <projections camera_id="144" path="p144.ply" count="1584"/>
  <projections camera_id="145" path="p145.ply" count="1624"/>
  <projections camera_id="146" path="p146.ply" count="1540"/>
  <projections camera_id="147" path="p147.ply" count="1529"/>
  <projections camera_id="148" path="p148.ply" count="1708"/>
  <projections camera_id="149" path="p149.ply" count="1658"/>
  <projections camera_id="150" path="p150.ply" count="1554"/>
  <projections camera_id="151" path="p151.ply" count="1487"/>
  <projections camera_id="152" path="p152.ply" count="1716"/>
  <projections camera_id="153" path="p153.ply" count="1427"/>
  <projections camera_id="154" path="p154.ply" count="1749"/>
  <projections camera_id="155" path="p155.ply" count="1584"/>
  <projections camera_id="156" path="p156.ply" count="1400"/>
  <projections camera_id="157" path="p157.ply" count="1401"/>
  <projections camera_id="158" path="p158.ply" count="1647"/>
  <projections camera_id="159" path="p159.ply" count="1460"/>
  <projections camera_id="160" path="p160.ply" count="1434"/>
  <projections camera_id="161" path="p161.ply" count="1361"/>
  <projections camera_id="162" path="p162.ply" count="1548"/>
  <projections camera_id="163" path="p163.ply" count="1611"/>
  <projections camera_id="164" path="p164.ply" count="1453"/>
  <projections camera_id="165" path="p165.ply" count="1572"/>
  <projections camera_id="166" path="p166.ply" count="1637"/>
  <projections camera_id="167" path="p167.ply" count="1613"/>
  <projections camera_id="168" path="p168.ply" count="1638"/>
  <projections camera_id="169" path="p169.ply" count="1600"/>
  <projections camera_id="170" path="p170.ply" count="1603"/>
  <projections camera_id="171" path="p171.ply" count="1940"/>
  <projections camera_id="172" path="p172.ply" count="2140"/>
  <projections camera_id="173" path="p173.ply" count="2346"/>
  <projections camera_id="174" path="p174.ply" count="2859"/>
  <projections camera_id="175" path="p175.ply" count="2826"/>
  <projections camera_id="176" path="p176.ply" count="2599"/>
  <projections camera_id="177" path="p177.ply" count="2347"/>
  <projections camera_id="178" path="p178.ply" count="2994"/>
  <projections camera_id="179" path="p179.ply" count="2145"/>
  <projections camera_id="180" path="p180.ply" count="2350"/>
  <projections camera_id="181" path="p181.ply" count="2061"/>
  <projections camera_id="182" path="p182.ply" count="1697"/>
  <projections camera_id="183" path="p183.ply" count="1392"/>
  <projections camera_id="184" path="p184.ply" count="1387"/>
  <projections camera_id="185" path="p185.ply" count="1449"/>
  <projections camera_id="186" path="p186.ply" count="1378"/>
  <projections camera_id="187" path="p187.ply" count="1493"/>
  <projections camera_id="188" path="p188.ply" count="1361"/>
  <projections camera_id="189" path="p189.ply" count="1251"/>
  <projections camera_id="190" path="p190.ply" count="1352"/>
  <projections camera_id="191" path="p191.ply" count="1174"/>
  <projections camera_id="192" path="p192.ply" count="1158"/>
  <projections camera_id="193" path="p193.ply" count="1270"/>
  <projections camera_id="194" path="p194.ply" count="1225"/>
  <projections camera_id="195" path="p195.ply" count="1373"/>
  <projections camera_id="196" path="p196.ply" count="1262"/>
  <projections camera_id="197" path="p197.ply" count="1238"/>
  <projections camera_id="198" path="p198.ply" count="1298"/>
  <projections camera_id="199" path="p199.ply" count="1466"/>
  <projections camera_id="200" path="p200.ply" count="1142"/>
  <projections camera_id="201" path="p201.ply" count="1390"/>
  <projections camera_id="202" path="p202.ply" count="1792"/>
  <projections camera_id="203" path="p203.ply" count="1197"/>
  <projections camera_id="204" path="p204.ply" count="1107"/>
  <projections camera_id="205" path="p205.ply" count="1328"/>
  <projections camera_id="206" path="p206.ply" count="1296"/>
  <projections camera_id="207" path="p207.ply" count="1228"/>
  <projections camera_id="208" path="p208.ply" count="1258"/>
  <projections camera_id="209" path="p209.ply" count="1191"/>
  <projections camera_id="210" path="p210.ply" count="1360"/>
  <projections camera_id="211" path="p211.ply" count="1313"/>
  <projections camera_id="212" path="p212.ply" count="1297"/>
  <projections camera_id="213" path="p213.ply" count="1263"/>
  <projections camera_id="214" path="p214.ply" count="1377"/>
  <projections camera_id="215" path="p215.ply" count="1405"/>
  <projections camera_id="216" path="p216.ply" count="1411"/>
  <projections camera_id="217" path="p217.ply" count="1442"/>
  <projections camera_id="218" path="p218.ply" count="1565"/>
  <projections camera_id="219" path="p219.ply" count="1841"/>
  <projections camera_id="220" path="p220.ply" count="2056"/>
  <projections camera_id="221" path="p221.ply" count="1946"/>
  <projections camera_id="222" path="p222.ply" count="1833"/>
  <projections camera_id="223" path="p223.ply" count="2476"/>
  <projections camera_id="224" path="p224.ply" count="1604"/>
  <projections camera_id="225" path="p225.ply" count="1330"/>
  <projections camera_id="226" path="p226.ply" count="1670"/>
  <projections camera_id="227" path="p227.ply" count="1854"/>
  <projections camera_id="228" path="p228.ply" count="1881"/>
  <projections camera_id="229" path="p229.ply" count="1763"/>
  <projections camera_id="230" path="p230.ply" count="1544"/>
  <projections camera_id="231" path="p231.ply" count="1628"/>
  <projections camera_id="232" path="p232.ply" count="1485"/>
  <projections camera_id="233" path="p233.ply" count="1409"/>
  <meta>
    <property name="Info/LastSavedDateTime" value="2023:02:28 10:49:27"/>
    <property name="Info/LastSavedSoftwareVersion" value="1.7.3.12473"/>
    <property name="Info/OriginalDateTime" value="2023:02:28 10:48:54"/>
    <property name="Info/OriginalSoftwareVersion" value="1.7.3.12473"/>
    <property name="MatchPhotos/cameras" value=""/>
    <property name="MatchPhotos/descriptor_type" value="binary"/>
    <property name="MatchPhotos/descriptor_version" value="1.1.0"/>
    <property name="MatchPhotos/downscale" value="0"/>
    <property name="MatchPhotos/duration" value="35.333"/>
    <property name="MatchPhotos/filter_stationary_points" value="true"/>
    <property name="MatchPhotos/generic_preselection" value="true"/>
    <property name="MatchPhotos/guided_matching" value="false"/>
    <property name="MatchPhotos/keep_keypoints" value="false"/>
    <property name="MatchPhotos/keypoint_limit" value="40000"/>
    <property name="MatchPhotos/keypoint_limit_per_mpx" value="1000"/>
    <property name="MatchPhotos/max_workgroup_size" value="100"/>
    <property name="MatchPhotos/ram_used" value="244649984"/>
    <property name="MatchPhotos/reference_preselection" value="false"/>
    <property name="MatchPhotos/reference_preselection_mode" value="2"/>
    <property name="MatchPhotos/reset_matches" value="true"/>
    <property name="MatchPhotos/subdivide_task" value="true"/>
    <property name="MatchPhotos/tiepoint_limit" value="4000"/>
    <property name="MatchPhotos/workitem_size_cameras" value="20"/>
    <property name="MatchPhotos/workitem_size_pairs" value="80"/>
  </meta>
</point_cloud>
